id,title
0,"""Automatikuhr Max Bill""@de ""Junghans Automatikuhr Bill 027/4700.00 nur 925 00 €""@de"
1,""" Mens Nixon The Crew Watch A1186-001 ""New arrivals | Shop New Hut"""
2,""" Classic Diamond Tennis Bracelet in 14k White Gold (7"") ""@en ""Classic | Shane Co.""@en"
3,"""SUUNTO AMBIT 3 PEAK BLACK HR""@de HR - TREKKING GPS Suunto Farbe Schwarz SS020674000 Der Online-Shop für deine Sportbekleidung""@de"
4,"""DREAMNIGHT""@es "" Swatch® México - Chrono (Ø 40 47 MM) DREAMNIGHT YCS485GC ""@es"
5,"""Daniel Wellington Classic Man Sheffield silver""@en-GB silver 10:35 Watch boutique""@en-GB"
6,""" Automatic small second Steel on leather strap ""@en-US ""Maestro - Silver Leather Black Watch Raymond Weil""@en-US"
7,"""Jazzmaster Day Date Herren-Automatikuhr""@de ""Hamilton Jazzmaster Herren-Automatikuhr nur 675 00 €""@de"
8,"""Michele Deco Mid Watch MWW06V000003"" ""Shop Michele MWW06V000002 Watches | Costello Jewelry Company"""
9,""" MAURİCE LACROİX AI1018PVY11132-1 Erkek Kol Saati ""@tr ""Maurice Lacroix En Ucuz Fiyat""@tr"
10,"""Cartier Santos De Cartier Galbée Watch W20012C4"" ""Shop W20056D6 Watches | Northeastern Fine Jewelry"""
11,""" Princess Cut Diamond Ring ""@en ""Princess | Shane Co.""@en"
12,"""Herren Tissot Visodate Automatik Uhr T0194303603101""@de"
13,"""Daniel Wellington Classic Man Oxford rose gold""@en-GB gold 10:35 Watch boutique""@en-GB"
14,"""Maurice Lacroix Les Classiques Watch LC6027-SS001-121"" ""Shop Maurice LC6027-SS001-320 Watches | Costello Jewelry Company"""
15,"""Klokers KLOK-02 Watch KLOK-02-KLINK-02-380C6"" ""Shop Klokers KLOK-02-KLINK-01-MC7 Watches | Costello Jewelry Company"""
16,"""Mens Promaster Navihawk GPS Alarm Chronograph Radio Controlled Eco-Drive Watch ""@de ""Citizen Uhren""@de"
17,"""Alpina Automatic 4 Watch AL-525BS5AQ6"" ""Shop Alpina AL-525BS5AQ6B | Moyer Fine Jewelers"""
18,"""Diver Automatyczny Zegarek do nurkowania""@pl 00 €""@pl ""Seiko Diver nurkowania SKX007K2 nur 299"
19,"""Rolex Milgauss 116400 GV"" GV Watch | Watchfinder & Co."""
20,"""Daniel Wellington Classic Lady Winchester rose gold""@nl-NL gold 10:35 Horloge boektiek""@nl-NL"
21,"""Raymond Weil Toccata Watch 5388-ST-50081"" ""Shop Raymond 5988-ST-00300 Watches | Costello Jewelry Company"""
22,"""ArtCarved Classic Engagement Ring 31-V734ERW-E"" ""Shop ArtCarved 31-V378FRW-E rings | Northeastern Fine Jewelry"""
23,"""Zegarek męski Le Locle""@pl ""Tissot Zegarek Locle T41.1.483.53 nur 475 00 €""@pl"
24,""" Casio Men's G-Shock Alarm Chronograph Watch""@en ""Men's Watch (GA-100B-4AER) - WATCH SHOP.com™""@en"
25,"""Raymond Weil Toccata Watch 5988-STP-97081"" ""Shop Raymond 5388-SPS-97081 Watches | Costello Jewelry Company"""
26,"""Seiko Prospex Sea SRPA21K1 watch"""
27,"""Mens Red Arrows World Time Chronograph Eco-Drive Watch ""@de ""Citizen Uhren""@de"
28,"""Bvlgari Bvlgari Watch BBL262TBSS 12.M"" BBL33WSPGD | Dejaun Jewelers"""
29,"""Rolex Submariner 116610LN"" "" Pre-loved Rolex 116610LN watch at Albemarle Bond"
30,"""Cartier Tank Francaise W50002N2"" W50002N2 Watch | Watchfinder & Co."""
31,"""Mr. Daddy 2.0 Zegarek męski""@pl 00 €""@pl ""Diesel Mr. męski DZ7350 nur 349"
32,"""Freja Zegarek damski""@pl ""Skagen Freja damski 358SGGD nur 111 20 €""@pl"
33,"""Timex Men's Ironman 10-Lap Watch"""
34,"""Tissot Gents le Locle Automatic Black Dial Watch"""
35,"""Meister Driver Chronoscope Reloj automático""@es ""Junghans Meister automático nur 1.990 00 €""@es"
36,""" Mens Michel Herbelin Inspiration 1947 70th Anniversary Limited Edition Mechanical Watch 1947/P11MA ""New arrivals | Shop New The Hut"""
37,"""Cartier Santos 100 W20107X7"" W20107X7 Watch | Watchfinder & Co."""
38,"""Longines Conquest Watch L3.697.4.76.6"" ""Shop Longines L3.700.4.96.6 Watches | Northeastern Fine Jewelry"""
39,"""Tissot T Classic Couturier ""@en"
40,"""Classic Black Sheffield Silver 40mm""@en ""Daniel Wellington Classic 40mm nur € 189.00""@en"
41,"""G-Shock Men´s Watch""@en ""Casio G-Shock Watch GA-100CF-1A9ER nur € 129.00""@en"
42,"""Omega Speedmaster Watch 311.92.44.51.01.005"" ""Speedmaster"""
43,"""Daniel Wellington Classic Lady Bristol rose gold""@nl-NL gold | 10:35 Horloge boetiek""@nl-NL"
44,"""Reading Oro Rosé Reloj para mujer 36mm""@es ""Daniel Wellington Reading 36mm nur 169 00 €""@es"
45,"""CASIO LA670WEA-7EF""@fr-fr, "" MR JONES QUEEN LTD EDITION ""@fr-fr, CYCLOPS SUMMER NIGHT TOKYOFLASH KISAI BLADE DARK... SUN AND MOON G-SHOCK GMA-S110CM-3AER COUNT DOWN CLOCK NIGHT... G-8900-1ER BABY-G BGD-501UM-3ER KAKI GMA-S110CM-8AER MARU... DAWN WEST DUSK THE LAST LAUGH KING BA-110 SERIES BLACK BGD-501UM-2ER NAVY /... SPACE... SATELLITE ADJUST... LAPS VANITE GOLD BLUE TIME TRAVELLER DW-5600 POLARIZED... LAUGH... ALL GOLD... AVERAGE DAYS GMA-S110CM-2AER TRICOLOR ""@fr-fr LA670WEA-7EF - Chez maman""@fr-fr"
46,"""Eco-Drive Men´s Watch Radio Controlled""@en ""Citizen Eco-Drive Controlled nur € 399.00""@en"
47,"""Ladies Classic Dream Watch ""@de ""Tissot T-klassisch Uhren | Official TISSOT Stockist""@de"
48,"""Rolex Submariner 116610LN"" "" Buy Rolex 116610 watches online at Albemarle Bond"
49,""" Unisex DKNY Minetta Watch NY2502 ""Mens Sale Watches"""
50,"""Tissot"" ""TissotTissot Swiss Made Wrist Watch T048.417.27.057.01 43mm"""
51,"""Tortoise Watch""@en ""Michael Kors Tortoise Watch | SHOPBOP""@en"
52,""" Pulsar Men's Watch""@en ""Men's Watch (PJ6019X1) - WATCH SHOP.com™""@en"
53,"""G-Shock Zegarek męski""@pl 00 €""@pl ""Casio G-Shock męski GA-110GB-1AER nur 149"
54,"""Bvlgari Bvlgari Watch BBL26WSSD"" BBL33WSL 12 | Dejaun Jewelers"""
55,"""Cartier Santos 100 Watch W20107X7"" ""Shop Cartier W20073X8 Watches | Northeastern Fine Jewelry"""
56,"""Max Bill Reloj para mujer""@es ""Junghans Max mujer 047/4657.00 nur 495 00 €""@es"
57,"""Rolex GMT Master 116710LN"" "" Luxury Rolex watches Pre-loved at Albemarle Bond"
58,"""Fossil ES3487 watch"""
59,"""Polar USA Unisex FT4 Green/Green Watch""@en-US ""Fitness Technology | Fitness Gear Express""@en-US"
60,"""Cartier Santos W20011C4"" W20011C4 Watch | Watchfinder & Co."""
61,"""Maurice Lacroix Les Classiques Watch LC6027-SS001-121"" ""Shop Maurice LC6027-SS001-121 Watches | Costello Jewelry Company"""
62,"""Tag Heuer Carrera WAR5010.BA0723"" WAR5010.BA0723 Watch | Watchfinder & Co."""
63,""" Reloj Drive Sugar de acero ""@es ""Reloj - Tous""@es"
64,"""Carl F Bucherer AutoDate TwoTone Watch 00.10621.07.77.21"" ""Shop Carl 00.10621.07.77.31 Watches | Costello Jewelry Company"""
65,""" Unisex Casio Classic Collection Alarm Chronograph Watch LA670WEGB-1BEF ""Mens Sale Watches"""
66,"""Chopard Moonphases Watch 161934-5001"" 161927-5001 | Dejaun Jewelers"""
67,""" Mens Raymond Weil Tradition Watch 5466-ST-00608 ""Mens Watches"""
68,"""Chopard Mille Miglia 168997-3001"" 168997-3001 Watch | Watchfinder & Co."""
69,"""Automatik Diver´s Herrenuhr""@de ""Seiko Automatik Herrenuhr SRP639K1 nur 395 00 €""@de"
70,""" TAG HEUER AQUARACER Calibre 5 Automatic Watch 300 M - ∅41 mmCeramic Bezel WAY211B.FC6363 ""@en-us ""TAG Heuer Aquaracer 41 mm | watch price""@en-us"
71,"""Edifice Reloj para hombre Solar Bluetooth""@es ""Casio Edifice Bluetooth nur 399 00 €""@es"
72,""" Mens Nixon The Crew Watch A1186-2761 ""Latest Watches"""
73,"""Cartier Drive De Cartier Watch W4100013"" ""Shop WGNM0006 Watches | Northeastern Fine Jewelry"""
74,"""Hamilton Thin Line H38511133"""
75,"""G-Shock Herrenuhr""@de ""Casio G-Shock Herrenuhr GA-800-4AER nur 129 00 €""@de"
76,"""Unisex Forerunner 235 HR GPS Bluetooth Alarm Chronograph Watch ""@de ""Fitness Uhren""@de"
77,""" Valentino RED Blue Knit Fabric Bow Sleeveless Dress Size S ""@en ""RED - Yoogi's Closet""@en"
78,"""Omega Seamaster 212.30.44.50.03.001"""
79,"""暢銷款 TAG HEUER CARRERA（卡萊拉系列） Calibre 5星期-日曆 自動上鏈腕錶 100米 - ∅41毫米 WAR201A.BA0723 ""@zh-hant ""TAG Heuer（泰格豪雅） Carrera Automatic Watch 41毫米 | watch price""@zh-hant"
80,"""Chopard Happy Sport Mini Watch 278509-6003"" 278509-6006 | Dejaun Jewelers"""
81,"""Skagen SKW6285 Holst watch"""
82,"""Manifesto Love Uhr Blau""@de ""Versace Manifesto Blau für Damen | DE Online Store""@de"
83,""" Mens Casio G-Shock Mudman Alarm Chronograph Watch G-9300-1ER ""All Watches"""
84,""" GC Ladies Lady Chic Chronograph Watch ""@en ""GC Y05010M1 £219.00 - TheWatchSuperstore.com™""@en"
85,"""Daniel Wellington Classic Lady Sheffield rose gold""@nl-NL gold 10:35 Horloge boektiek""@nl-NL"
86,"""Apple Watch Nike+, 38mm Gris espacial Aluminio Funda Negro/Volt Nike Sport Correa""@es ""A. 42mm Alum. Plata C. Platino/b - Black Friday 2017 ""@es"
87,"""Ladies Day Dream Watch ""@de ""Folli Follie Uhren und Schmuck | Official FOLLI FOLLIE Stockist""@de"
88,"""Kinetic GMT Reloj para hombre""@es 00 €""@es ""Seiko Kinetic hombre SUN015P1 nur 479"
89,"""Hamilton Jazzmaster Regulator Auto Watch H42615553"" ""Shop Hamilton Collection at Safa Jewelers"""
90,"""Solar Cronógrafo para hombre""@es ""Seiko Solar hombre SSC431P1 nur 329 00 €""@es"
91,"""POLAR M400 HR CON SENSORE H7"" H7 | Tradineur.com"""
92,"""Grenen Men´s Watch""@en ""Skagen Grenen Watch 233XXLSLB nur € 139.00""@en"
93,"""Chopard Happy Sport Mini Watch 278509-6003"" 278509-3007 | Dejaun Jewelers"""
94,"""Diesel DZ7350 Mr. Daddy 2.0 watch"""
95,"IL ""@en-US "" Online Store | Distinctive Gold Jewelry in Frankfort"
96,"""reloj para hombre de titanio""@es ""Seiko reloj titanio SGG731P1 nur 209 00 €""@es"
97,"""Dior Chiffre Rouge Watch CD084C10A002"" CD084510A004 | Dejaun Jewelers"""
98,"""Daniel Wellington Classic Lady silver""@nl-NL silver | 10:35 Horloge boetiek""@nl-NL"
99,"""South Horizons Uhr Blau/Kristall""@de ""Versus Versace South Blau/Kristall für Damen | Online Store EU""@de"
100,"""Michele Deco Mid Watch MWW06V000001"" ""Shop Michele MWW06V000042 Watches | Northeastern Fine Jewelry"""
101,"""Cartier Tortue Watch W1556363"" ""Shop Cartier W1556361 Watches | Northeastern Fine Jewelry"""
102,"""Automatik Diver´s Herrenuhr""@de ""Seiko Automatik Herrenuhr SRP581K1 nur 399 00 €""@de"
103,"""Suunto M5 Womens - Black/Lime""@en "" Suunto Accessories Black/Lime ""@en"
104,"""Chopard Happy Sport Chrono Watch 288499-6002"" 283581-5007 | Dejaun Jewelers"""
105,"""Raymond Weil Noemia Watch 5132-STP-00985"" ""Shop Raymond 5132-ST-50081 Watches | Costello Jewelry Company"""
106,"""Raymond Weil Maestro Watch 2238-STC-00659"" ""Shop Raymond 2227-STC-00659 Watches | Costello Jewelry Company"""
107,"""Unisex Casio klassisch Wecker Chronograf Uhr A500WEA-1EF""@de"
108,""" Ladies Raymond Weil Jasmine Watch 5229-STS-01659 ""Raymond Watches"""
109,"""Diesel DZ1440 Double Down watch"""
110,"""Alpina Diver 300 Automatic Watch AL-525LGG4V6"" ""Shop Alpina AL-525LBG4V6 | Moyer Fine Jewelers"""
111,"""Damen Daniel Wellington Glasgow Rose 36mm Uhr DW00100031""@de"
112,"""Seiko Astron GPS Solar Chronograph SSE025J1""@en Seiko SSE025J1 Limited Edition prices and watches official catalog""@en"
113,"""Crosswalk Stainless Steel Women's Watch ""@en "" Gray 'stanhope' Ceramic Bracelet"
114,"""Cartier Calibre De Cartier Diver Watch W2CA0009"" ""Shop W7100052 Watches | Northeastern Fine Jewelry"""
115,"""The Crew All Rose Gold / Cream""@en ""Nixon The Cream A1186-2761 nur € 199.00""@en"
116,"""Hamilton AC Jazzmaster Regulator Auto""@es Auto - Tomas Colomer""@es"
117,"""Daniel Wellington DW00100089 Dapper York watch"""
118,""" Daniel Wellington Men's Dapper 38mm York Watch""@en ""Men's Watch (DW00100089) - WATCH SHOP.com™""@en"
119,"""Daniel Wellington Classic Man Glasgow silver""@en-GB silver 10:35 Watch boutique""@en-GB"
120,"""Suunto M2 Black/Lime Watch SS020647000 ""@en | Dutyfreeislandshop.com""@en"
121,"""Alpina Automatic 4 Watch AL-525SS5AQ6"" ""Shop Alpina AL-525NS5AQ6B | Moyer Fine Jewelers"""
122,"""Michele Serein Diamond Gold Watch"" ""Dynamic Filter"""
123,"""Longines Master Collection Watch L2.628.4.51.7"" ""Shop Longines L2.128.4.57.6 Watches | Northeastern Fine Jewelry"""
124,""" Raymond Weil Men's Tradition Watch""@en ""Men's Watch (5466-ST-00608) - WATCH SHOP.com™""@en"
125,"""Casio PRG-300-1A2ER""@bg PRG-300-1A2ER | Pro Trek Stotak.com""@bg"
126,""" Ladies Sekonda Editions Watch 2463 ""Sale | The Hut"""
127,"""Maurice Lacroix Les Classiques Watch LC1087-SS002-120-1"" ""Shop Maurice LC1087-SD501-160 Watches | Costello Jewelry Company"""
128,"""Engineer Hydrocarbon Ceramic XV""@en ""Ball Watch | Engineer XV - Model DM2136A-SCJ-BK""@en"
129,"""Apple Watch Nike+, 38mm Gris espacial Aluminio Funda Negro/Volt Nike Sport Correa""@es 42mm Pebble Band - Black Friday 2017 ""@es"
130,"""Omega Seamaster 25418000"" "" Discover the Omega watch collection at Albemarle Bond"
131,"""Seiko SRP775K1 Prospex Mar Diver's""@en ""Prospex Sea Seiko Automatic Diver's SRP775K1""@en"
132,"""Michele Serein Mid Watch MWW21B000009"" ""Shop Michele MW21B01D2963_MS16DH315750 Watches | Costello Jewelry Company"""
133,"""Alpina Startimer Pilot Automatic Watch AL-725GR4S6"" ""Shop Alpina AL-725B4S6B | Moyer Fine Jewelers"""
134,"""Mens Casio G-Shock Premium Mudmaster Compass Alarm Chronograph Radio Controlled Watch GWG-1000-1A3ER"""
135,"""Henry Glitz Chronograph Watch""@en ""Marc by Marc Jacobs Henry Watch | SHOPBOP""@en"
136,""" M200 Bluetooth GPS Activity Tracker Heart Rate Monitor Watch ""@de ""Herren Sport Uhren""@de"
137,"""Alpina Startimer Pilot Automatic Watch AL-725B4S6B"" ""Shop Alpina AL-525S4S6 | Moyer Fine Jewelers"""
138,"""Raymond Weil Toccata Watch 5388-ST-50081"" ""Shop Raymond 5988-SP5-97081 Watches | Costello Jewelry Company"""
139,"""Maurice Lacroix LC6098-SS001-130-2 Les Classiques Date""@en ""LC6098-SS001-130-2 | Maurice Watch LC6098-SS001-130-2. Watches in barcelona catalog with prices.""@en"
140,"""The Sentry 38 SS Dorado Black Sunray Reloj para hombre""@es ""Nixon The hombre nur 199 00 €""@es"
141,""" Daniel Wellington Men's Dapper 38mm Bristol Watch""@en ""Men's Watch (DW00100090) - WATCH SHOP.com™""@en"
142,"""Alpina SEASTRONG DIVER 300 AL-525LGG4V6""@en"
143,"""Cartier Santos 100 Watch W20072X7"" ""Shop Cartier W20072X7 Watches | Northeastern Fine Jewelry"""
144,"""Fitbit Surge Fitness Superwatch, Black, Small""@en-US ""Blood Pressure Monitors | Medical Outlet Direct""@en-US"
145,"""Panerai Radiomir Watch PAM00388"" ""Shop Panerai PAM00505 Watches | Northeastern Fine Jewelry"""
146,"""Jazzmaster Seaview Day Date Herrenuhr""@de ""Hamilton Jazzmaster Herrenuhr nur 590 00 €""@de"
147,"""Wave Ceptor Herrenfunkuhr""@de ""Casio Wave Herrenfunkuhr WV-58DE-1AVEF nur 69 90 €""@de"
148,"""Zegarek męski na słoneczną energie""@pl 00 €""@pl ""Seiko Zegarek energie SNE039P1 nur 159"
149,"""Carl F Bucherer ChronoDate Watch 00.10624.08.33.01"" ""Shop Carl 00.10624.08.33.21 | Moyer Fine Jewelers"""
150,"""Strawberries""@ms ""Trollbeads | Strawberries - Trollbeads.com""@ms"
151,"""Bvlgari Bvlgari Watch BBLP33WGG 12"" BBL262TBSS.M | Dejaun Jewelers"""
152,"""Omega De Ville 424.13.40.20.02.001"""
153,"""Cartier Calibre De Cartier Diver Watch WSCA0006"" ""Shop W7100057 Watches | Northeastern Fine Jewelry"""
154,"""Orchard Watch""@en ""RumbaTime Orchard Watch | SHOPBOP""@en"
155,"""Solar Cronógrafo de Piloto para Hombre""@es ""Seiko Solar Hombre SSC009P3 nur 299 00 €""@es"
156,""" Nixon Ladies' The Facet 38 Watch""@en ""Ladies' Watch (A409-2157) - WATCH SHOP.com™""@en"
157,"""G-Shock Mudman Zegarek męski""@pl 00 €""@pl ""Casio G-Shock męski G-9300-1ER nur 199"
158,"""Cartier Hypnose Watch WJHY0006"" ""Shop Cartier WJHY0003 Watches | Northeastern Fine Jewelry"""
159,"""Hamilton American Classic Valiant Quartz Watch H39251194"" ""Shop Hamilton Collection at Safa Jewelers"""
160,"""Cartier Tank Française Watch W4TA0009"" ""Shop Cartier WSTA0005 Watches | Northeastern Fine Jewelry"""
161,"""Mens Engineer Hydrocarbon NEDU Chronometer Titanium Automatic Chronograph Watch ""@de ""Luxusuhren vieler Qualitätsmarken online | DE Shop™""@de"
162,"""OMEGA SPEEDMASTER DARK SIDE OF THE MOON""@es MOON - Tomas Colomer""@es"
163,"""Alpiner 4 Automatic Watch""@en ""Alpina Alpiner Watch AL-525NS5AQ6 nur € 836.50""@en"
164,"""Morellato Gents Watch Analogue Quartz, Steel and Pink Steel, Rose""@en Bracelet | Samuels Jewelers""@en Rose Bezel Quartz"
165,""" Certina Men's DS Action Diver Automatic Watch""@en ""Men's Watch (C0134071105100) - WATCH SHOP.com™""@en"
166,"""Tortoise Watch""@en ""Michael Kors Tortoise Watch | SHOPBOP SAVE UP TO 30% Use Code: MORE17""@en"
167,"""Bristol Różowe złoto Zegarek męski 40mm""@pl 20 €""@pl ""Daniel Wellington Bristol 40mm nur 151"
168,""" Casio Men's G-Shock Alarm Chronograph Watch""@en ""Men's Watch (GA-110LPA-1AER) - WATCH SHOP.com™""@en"
169,"""Bvlgari LVCEA Watch LU36C6SSPGD"" LU28C6SSD | Dejaun Jewelers"""
170,"""Kenneth Cole 10022304 Ladies Classic watch"""
171,"""Diver Automatic Divers´ Watch""@en ""Seiko Diver Watch SKX007K1 nur € 279.00""@en"
172,""" TAG HEUER FORMULA 1（F1系列） 200米 - ∅32毫米陶瓷和鑲鑽 WAH1315.BA0868 ""@zh-hant ""TAG Heuer（泰格豪雅） Formula 1 32毫米 | watch price""@zh-hant"
173,"""Max Bill Reloj para mujer""@es ""Junghans Max mujer 047/4658.00 nur 495 00 €""@es"
174,"""POLO CHAMPION III RED-YELLOW S/S""@en S/S | JOMA""@en"
175,""" Unisex Polar M200 Bluetooth GPS Activity Tracker Heart Rate Monitor Alarm Chronograph Watch 90067741 ""Men's Watches | Designer For Men The Hut"""
176,"""Damen Olivia Burton modern Vintage Uhr OB16MV60""@de"
177,"""Cartier Santos 100 Watch W20073X8"" ""Shop Cartier W20073X8 Watches | Northeastern Fine Jewelry"""
178,"""Mens Holst Watch ""@de ""Skagen Uhren und Schmuck | Official SKAGEN Stockist""@de"
179,"""The Monopoly Light Dorado / Silver Reloj para hombre""@es 00 €""@es ""Nixon The hombre nur 129"
180,""" Seiko Men's Prospex GMT Diver Kinetic Watch""@en ""Men's Watch (SUN021P1) - WATCH SHOP.com™""@en"
181,"""Alpina Pilot Quartz Chronograph Watch AL-372N4S6"" ""Shop Alpina AL-372B4FBS6 | Moyer Fine Jewelers"""
182,"""Omega Constellation ""@en"
183,""" Casio Men's G-Shock Premium Gulfmaster Alarm Chronograph Radio Controlled Watch""@en ""Men's Watch (GWN-1000B-1BER) - WATCH SHOP.com™""@en"
184,"""Seiko Automatik SRP777 / SRP777K1 Turtle""@de"
185,"""Słoneczna energia Chronograf męski""@pl 00 €""@pl ""Seiko Słoneczna męski SSC431P1 nur 329"
186,"""CARTIER SANTOS 100""@en-US 100 • Mall of the Watch""@en-US"
187,"""Daniel Wellington Classic Lady Glasgow rose gold""@nl-NL gold | 10:35 Horloge boetiek""@nl-NL"
188,"""Daniel Wellington Classic Man Black Sheffield silver""@nl-NL silver 10:35 Horloge boektiek""@nl-NL"
189,"""Mens PR100 Powermatic 80 Automatic Watch ""@de ""Tissot T-klassisch Uhren | Official TISSOT Stockist""@de"
190,"""Carl F Bucherer Flyback Watch 00.10919.03.13.01"" ""Shop Carl 00.10919.03.13.01 | Moyer Fine Jewelers"""
191,"""Reloj automático Max Bill""@es ""Junghans Reloj Bill 027/7700.00 nur 955 00 €""@es"
192,"""Dior Chiffre Rouge Watch CD084B10M001"" CD084B10M001 | Dejaun Jewelers"""
193,"""Mikimoto Necklaces Necklace PPS1102NDW"" ""Shop Mikimoto MPA10183AZXW | Northeastern Fine Jewelry"""
194,"""Hamilton"" ""HamiltonHamilton Swiss Movement Watch H37512131 44mm"""
195,"""Omega De Ville Co-Axial 424.13.40.20.02.001"" 424.13.40.20.02.001 Watch | Watchfinder & Co."""
196,""" Tissot Lovely Watch ""@en ""Tissot - T0580091103100 | Ben Bridge Jeweler""@en"
197,"""Orologio South Horizons Blu""@it Blu - Versus Versace Donna | Shop Online Italia""@it"
198,"""Bvlgari Bvlgari Watch BBL26WSSD"" BBL33WSSD | Dejaun Jewelers"""
199,"""RELOJ TISSOT T-RACE PARA CABALLERO""@es ""reloj tissot t-race para caballero T0484172705706-Bizzarro Momentos inolvidables""@es"
200,"""Casio EF-125D-1AVEF""@bg EF-125D-1AVEF | Edifice Stotak.com""@bg"
201,""" Tissot Men's Desire Watch""@en ""Men's Watch (T52142112) - WATCH SHOP.com™""@en"
202,""" Casio Ladies' Classic Alarm Chronograph Watch""@en ""Ladies' Watch (B640WC-5AEF) - WATCH SHOP.com™""@en"
203,"""Daniel Wellington Classic Lady Black Sheffield rose gold""@nl-NL gold | 10:35 Horloge boetiek""@nl-NL"
204,""" Casio Ladies' Junior Collection Watch""@en ""Ladies' Watch (LQ-139LB-2B2ER) - WATCH SHOP.com™""@en"
205,"""Herren Emporio Armani Chronograf Uhr AR1737""@de"
206,"""Communion 01 Size 4 SS""@en-US ""Rosary Centers : Sterling Silver -- The Rosary Shop""@en-US"
207,"""Classic Black York Silver 40mm""@pl 00 €""@pl ""Daniel Wellington Classic 40mm nur 189"
208,"""Wave Ceptor Zegarek męski sterowany na radio""@pl 00 €""@pl ""Casio Wave radio nur 299"
209,"""Classy Sheffield Roségold Ladies´ Watch 26mm""@en ""Daniel Wellington Classy 26mm nur € 99.00""@en"
210,"""Carl F Bucherer ChronoDate Watch 00.10624.08.33.01"" ""Shop Carl 00.10624.08.13.21 | Moyer Fine Jewelers"""
211,"""14K White Gold, Diamond Solitaire Earrings, 1.00 ctw.""@en ctw. - Fall Bridal Catalog 2017 Wedding""@en Earrings Gold"
212,"""Damen Raymond Weil Noemia 24mm Diamant Uhr 5124-ST-00985""@de"
213,"""Michael Kors MK5076 watch"""
214,"""Raymond Weil Shine Watch 1600-STP-00995"" ""Shop Raymond 1600-STP-00995 Watches | Costello Jewelry Company"""
215,"""Mens Junghans Max Bill Chronoscope Automatic Chronograph Watch 027/7800.00"""
216,"""Daniel Wellington Classic Lady Sheffield silver""@nl-NL silver | 10:35 Horloge boetiek""@nl-NL"
217,"""Garmin Forerunner 225 GPS Running Watch with Wrist-based Heart Rate"" ""Running Units | Outlet Express"""
218,"""Silver Watch""@en ""Michael Kors Silver Watch | SHOPBOP""@en"
219,"""Cartier Tank Américaine Watch WB710009"" ""Shop Cartier WSTA0018 Watches | Northeastern Fine Jewelry"""
220,"""艳夏草莓""@zh ""Trollbeads | 艷夏草莓 http://www.trollbeads.com/zh-cn""@zh"
221,""" Tissot Ladies' Tradition Watch""@en ""Ladies' Watch (T0632101103700) - WATCH SHOP.com™""@en"
222,"""FIELD MECHANICAL OFFICER""@es OFFICER - Tomas Colomer""@es"
223,"""Eyelet Crib Shoe""@en ""Vintage Heirloom Outfit by JanieandJack""@en"
224,""" Mens Nixon The Crew Leather Watch A1188-2769 ""Men's Watches | Designer For Men Hut"""
225,"""Daniel Wellington Classic Lady Black Bristol silver""@nl-NL silver 10:35 Horloge boektiek""@nl-NL"
226,"""Herren-Automatikuhr""@de 00 €""@de ""Seiko Herren-Automatikuhr SRP705K1 nur 279"
227,"""Omega Speedmaster 311.92.44.51.01.004"""
228,"""Cartier Roadster W62004V3"" W62004V3 Watch | Watchfinder & Co."""
229,"""Promaster Marine Męskie-Zegarek do nurkowania""@pl 00 €""@pl ""Citizen Promaster nurkowania nur 199"
230,"""The C45 SS Gunmetal / Aqua Sunray Men´s Watch""@en ""Nixon The Watch nur € 199.00""@en"
231,"""Mens Engineer Hydrocarbon Ceramic XV Chronometer Automatic Watch ""@de ""Chronometer COSC Rated mechanisch Uhren""@de"
232,"""Unisex M200 Bluetooth GPS Activity Tracker Heart Rate Monitor Alarm Chronograph Watch ""@de ""GPS Uhren | Official Stockist for Uhren""@de"
233,"""Bvlgari B.Zero1 Watch BZ23WSGDL 12"" BZ23BSGCC 12.M | Dejaun Jewelers"""
234,"""Dior Chiffre Rouge Watch CD084841R001"" CD084610A004 | Dejaun Jewelers"""
235,"""Maurice Lacroix Pontos Watch PT6008-SS002-332-1"" ""Shop Maurice PT6188-SS001-332-1 Watches | Costello Jewelry Company"""
236,"""Rolex Submariner 116610LN"" "" Find the Rolex collection online at Albemarle Bond"
237,""" Unisex Gucci G-Timeless Watch YA1264018 ""Ladies Watches | Designer For Women The Hut"""
238,"""Men´s Chronograph T-Race""@en ""Tissot Men´s T-Race T048.417.27.057.01 nur € 520.00""@en"
239,"""TAG Heuer Carrera Calibre HEUER 01 automático 100 M - ∅45 mm, esfera negra"""
240,"""Carrera Calibre 5 Day-Date automático 100 M - ∅41 mm esfera azul piel azul"""
241,"""Cartier Tortue Watch W1556363"" ""Shop Cartier WA501013 Watches | Northeastern Fine Jewelry"""
242,"""Casio GA-100B-4AER G-Shock watch"""
243,"""Chopard Happy Sport Medium Automatic Watch 278559-6004"" 278559-3001 | Dejaun Jewelers"""
244,""" Round Sapphire Ring ""@en ""Round | Shane Co.""@en"
245,"""Herren Seiko solar betrieben Uhr SNE031P1""@de"
246,"""Palazzo Empire Uhr Rot""@de ""Versace Palazzo Rot für Damen | Online Store EU""@de"
247,"""G-Shock Style Radio Controlled-Solar Watch""@en ""Casio G-Shock Watch nur € 279.00""@en"
248,"""Tissot T-Touch T013.420.47.202.00"" ""T013.420.47.202.00 Tissot Black Dial Mens Titanium Quartz Watch"""
249,"""Hamilton Jazzmaster Seaview Chrono Quartz Watch H37512131"" ""Shop Hamilton Collection at Safa Jewelers"""
250,"""Chopard Happy Sport Chrono Watch 288499-6002"" 288499-6001 | Dejaun Jewelers"""
251,"""Daniel Wellington Classic Man Black Sheffield rose gold""@nl-NL gold 10:35 Horloge boektiek""@nl-NL"
252,"""Ladies Darci Watch ""@de ""Michael Kors Alle Products""@de"
253,"""Wave Ceptor men´s radio controlled watch""@en ""Casio Wave watch nur € 69.90""@en"
254,"""Zegarek męski BelowZero 100 bar""@pl 00 €""@pl ""Hamilton Zegarek bar H78585333 nur 1.395"
255,"""ICONIC TAG HEUER CARRERA Calibre 01 Automatic Chronograph 100 M - ∅45 mm CAR2A1Z.FT6044 ""@en ""TAG Heuer Carrera 45 | watch price""@en"
256,"""SKINGALA""@en "" Swatch® Australia - Regular (Ø 36.8 MM) SKINGALA SVOB103G ""@en"
257,"""The Sentry 38 SS Gold Black Sunray Herrenuhr""@de 00 €""@de ""Nixon The Herrenuhr nur 199"
258,"""Collection Men´s Watch""@en ""Casio Collection Watch A168WEGC-5EF nur € 64.90""@en"
259,"""Unisex M400 Bluetooth GPS Activity Tracker Heart Rate Bundle Smart Alarm Chronograph Watch ""@de ""GPS Uhren | Official Stockist for Uhren""@de"
260,"""Reading Silver Reloj para hombre 40mm""@es ""Daniel Wellington Reading 40mm nur 189 00 €""@es"
261,"""Michele Deco Mid Diamond Gold Watch"" ""Deco Mid"""
262,""" Mens Nixon The Brigade Watch A1176-001 ""Men's Watches | Designer For Men Hut"""
263,""" Gc Ladies' Lady Chic Chronograph Watch""@en ""Ladies' Watch (Y05010M1) - WATCH SHOP.com™""@en"
264,""" Round Sapphire Pendant (18"") ""@en ""Jewelry Catalog | Shane Co.""@en"
265,"""G-Shock reloj para hombre Master of G Oversized""@es 90 €""@es ""Casio G-Shock Oversized nur 99"
266,"""Charles Krypell Sterling Silver Necklace 4-6880-SGCIRCLE"" ""Shop Charles 4-6944-WMP Necklaces | Northeastern Fine Jewelry"""
267,"""Hamilton Jazzmaster Day Date Auto Watch H32505731"" H32505741"""
268,"""DARKONY""@fr "" Swatch® Suisse - XLITE (Ø 41 45 MM) DARKONY YYS4006AG ""@fr"
269,""" Ladies Bruno Sohnle Rondograph Lady Watch 17-13172-290 ""Ladies Watches | Designer For Women The Hut"""
270,"""Classic Black York Silver 40mm""@de 20 €""@de ""Daniel Wellington Classic 40mm nur 151"
271,"""Garmin Vivoactive HR XL Zwart (Zwart) - Prijzen ""@NL Tweakers""@NL"
272,"""Raymond Weil Toccata Watch 5488-ST-50001"" ""Shop Raymond 5488-PC-00300 Watches | Costello Jewelry Company"""
273,""" Unisex Polar V800 Bluetooth Heart Rate Monitor GPS Smart Alarm Chronograph Watch 90060771 ""Ladies Watches | Designer For Women The Hut"""
274,"""Tissot T Classic Dream ""@en"
275,"""Raymond Weil Tango Watch 8160-ST-00608"" ""Shop Raymond 5591-STP-00308 Watches | Costello Jewelry Company"""
276,"""Hamilton American Classic Valiant Quartz Watch H39251194"" H39211194"""
277,"""Deporteura GPS Reloj para hombre Solar""@es ""Seiko Deporteura Solar SSF003J1 nur 1.035 00 €""@es"
278,"""Hamilton Jazzmaster Chrono Quartz Watch H32612555"""
279,"""Mens Couturier Watch ""@de ""Tissot T-klassisch Uhren | Official TISSOT Stockist""@de"
280,"""Strawberries Bead""@en ""Trollbeads | Strawberries Bead - Trollbeads.com""@en"
281,"""Seiko 5 Automatic 24 Jewels Men's 100m Rubber Sports Watch SRP601K1 ""@en | Dutyfreeislandshop.com""@en"
282,""" Mens Raymond Weil Maestro Beatles Limited Edition Automatic Watch 2237-ST-BEAT2 ""Mens Watches"""
283,"""Omega Speedmaster Moonwatch Professional Hand Wound Mechanical Chronograph "" Omega Watches - Buy Discounted New From Swiss Direct"
284,"""Maurice Lacroix Les Classiques Watch LC6098-SS001-320-1"" ""Shop Maurice LC6098-SS001-121-1 Watches | Costello Jewelry Company"""
285,"""Meister Chronoscope Cronógrafo para hombre""@es ""Junghans Meister hombre nur 1.840 00 €""@es"
286,"""SUUNTO M2 MEN BLACK""@es BLACK - CARDIOFRECUENCÍMETRO Suunto color SS015854000 Equipamiento deportivo y casual""@es"
287,"""Panerai Radiomir Watch PAM00346"" ""Shop Panerai PAM00505 Watches | Northeastern Fine Jewelry"""
288,""" Junghans Men's max bill Handwinding Mechanical Watch""@en ""Men's Watch (027/5703.00) - WATCH SHOP.com™""@en"
289,""" OROLOGIO DA... ""@it-it, Orologio... Casio... ""Casio G-Shock g-7710-1er Orologio subacqueo uomo""@it-it ""Orologio Casio G-SHOCK G-7710-1ER | Clessidra Jewels""@it-it"
290,"""JAZZMASTER SLIM AUTO""@es AUTO - Tomas Colomer""@es"
291,"""Solar Herrenchronograph""@de ""Seiko Solar Herrenchronograph SSC437P1 nur 239 00 €""@de"
292,"""Cartier Ronde Croisière De Cartier Watch WSRN0002"" ""Shop WSRN0003 Watches | Northeastern Fine Jewelry"""
293,"""IWC Ingenieur Watch IW380802"" ""Shop IWC IW357002 Watches | Northeastern Fine Jewelry"""
294,"""SUUNTO TRAVERSE ALPHA STEALTH"" STEALTH - Suunto Mexico"""
295,"""Casio GA-100-1A2ER G-Shock watch"""
296,"""Max Bill Quarz Reloj para hombre""@es ""Junghans Max hombre 041/4462.00 nur 495 00 €""@es"
297,"""Benchmark Standard Comfort-Fit Wedding band LCF13010KY"" ""Shop Benchmark LCF13010KY bands | Midtown Jewelers"""
298,"""Cartier Ronde Louis Cartier Watch WR000651"" ""Shop WR000351 Watches | Northeastern Fine Jewelry"""
299,"""Nixon Shutter Ladies Quartz Watch - A2861062""@en A2861062 Watches""@en"
300,""" Diamond Hoop Earrings ""@en ""Diamond | Shane Co.""@en"
301,"""Carl F Bucherer Peripheral Watch 00.10917.08.73.11"" ""Shop Carl 00.10917.08.23.21 Watches | Costello Jewelry Company"""
302,"""Raymond Weil Toccata Watch 5988-STP-97081"" ""Shop Raymond 5488-ST-00300 Watches | Costello Jewelry Company"""
303,"""Raymond Weil Maestro Watch 2237-ST-20001"" ""Shop Raymond 2238-ST-00659 Watches | Costello Jewelry Company"""
304,"""Glasgow Silver Damenuhr 36mm""@de ""Daniel Wellington Glasgow 36mm nur 139 00 €""@de"
305,""" Unisex Junghans Max Bill Watch 047/4659.00 ""Ladies Watches | Designer For Women The Hut"""
306,"""Benchmark Standard Comfort-Fit Wedding band LCF13010KY"" LCF13010KY | Dejaun Jewelers"""
307,"""Tissot T Sport PRC 200 ""@en"
308,"""Alpina Startimer Pilot Automatic Watch AL-725GR4S6"" ""Shop Alpina AL-525S4S4 | Moyer Fine Jewelers"""
309,""" Mens 88 Rue Du Rhone Chronograph Watch 87WA164501 ""New arrivals | Shop New The Hut"""
310,"""Maurice Lacroix Les Classiques Watch LC6098-SS001-130-2"" ""Shop Maurice LC6027-SS001-121 Watches | Costello Jewelry Company"""
311,"""Carl F Bucherer T-Graph Watch 00.10615.03.33.21"" ""Shop Carl 00.10615.08.13.21 | Moyer Fine Jewelers"""
312,"""Chopard Grand Prix De Monaco Watch 168570-9001"" 158568-3001 | Dejaun Jewelers"""
313,"""Polar USA Unisex FT4 Green/Green Watch"" ""Electronics & Gadgets | Running Outlet Express"""
314,"""Michele Serein Mid Watch MWW21B000009"" ""Shop Michele MW21B00A0106_MS16DH235009 Watches | Northeastern Fine Jewelry"""
315,"""Carhartt - Casquette Acrylique Gris""@fr ""Salopettes Online Français | Carhartt"
316,"""Montre Hamilton - Jazzmaster Viewmatic Skeleton Gent Auto""@fr"
317,"""Vintage Oversized Watch""@en ""La Mer Collections Vintage Watch | SHOPBOP""@en"
318,"""Kinetic GMT Diver´s Herrenuhr""@de 00 €""@de ""Seiko Kinetic Herrenuhr SUN021P1 nur 599"
319,"""Suunto Core All Black Military Men’s Outdoor Sports Watch – SS014279010""@en SS014279010 Blue Pelican Gifts""@en"
320,"""Splashy Dolphins Children´s Watch""@en ""Flik Flak Splashy Watch FBNP035 nur € 40.00""@en"
321,"""Tradition Ladies´ Watch""@en ""Tissot Tradition Watch T063.210.11.037.00 nur € 310.00""@en"
322,"""Reloj para hombre Signatur""@es 00 €""@es ""Skagen Reloj Signatur SKW6390 nur 169"
323,""" BABY-G BA-110 TRICOLOR ""@en-us, DAWN WEST DUSK TOKYOFLASH KISAI SPACE... SERIES BLACK BGD-501UM-2ER NAVY SATELLITE G-SHOCK DW-5600 POLARIZED... SUN AND MOON THE TIME TRAVELLER CYCLOPS SUMMER NIGHT LAST LAUGH MARU... BGD-501UM-3ER KAKI TATOO EDITION ""LA670WA-1EF""@en-us, GMA-S110CM-8AER NIGHT... G-8900-1ER ALL GOLD GMA-S110CM-3AER MR JONES RUSH HOUR BLADE DARK... MQ38-1ADF ADJUST... N SMALL COUNT DOWN CLOCK GMA-S110CM-2AER ""@en-us ""LA670WA-1EF - Chez maman""@en-us"
324,"""Mens T-One Automatic Watch ""@de ""Tissot T-Eins Automatik watches""@de"
325,"""Alpina STARTIMER CHRONOGRAPH AL-725GR4S6""@en"
326,"""Chopard Hour And Minutes Watch 388531-3001"" 384221-0004 | Dejaun Jewelers"""
327,"""Casio GA-100B-7AER G-Shock watch"""
328,"""Cartier Hypnose Watch WJHY0006"" ""Shop Cartier WJHY0006 Watches | Northeastern Fine Jewelry"""
329,"""Omega Speedmaster 311.63.44.51.06.001"""
330,"""Carl F Bucherer TravelTec II Watch 00.10633.03.33.01"" ""Shop Carl 00.10633.03.33.01 | Moyer Fine Jewelers"""
331,"""Omega Seamaster 22545000"" "" Discover the Omega watch collection at Albemarle Bond"
332,"""The Heart Has Its Reasons Pendant ... Info Silver heart pendant from bjorg featuring a clasp fastening and 'the has its reasons' embossing. ""@en"
333,"""Maurice Lacroix Fiaba Watch FA2164-SS002-113"" ""Shop Maurice FA1004-PVP13-110 Watches | Costello Jewelry Company"""
334,"""Klokers KLOK-02 Watch KLOK-02-KLINK-02-380C6"" ""Shop Klokers KLOK-02-KLINK-02-380C2 Watches | Costello Jewelry Company"""
335,"""Polar USA Unisex FT4 Green/Green Watch""@en-US ""Heart Rate Monitors | Fitness Gear Express""@en-US"
336,"""Eyelet Crib Shoe""@en ""Sailor Ensemble Outfit by JanieandJack""@en"
337,""" Unisex Swatch Flexiblack Watch LB183B ""Latest Mens Watches"""
338,"""Skagen SKW6237 Holst mens watch"""
339,"""Chopard Happy Sport Medium Automatic Watch 278559-6003"" 274891-1001 | Dejaun Jewelers"""
340,"""Raymond Weil Tango Watch 5591-ST-00607"" ""Shop Raymond 5591-ST-20001 Watches | Costello Jewelry Company"""
341,"""Bvlgari LVCEA Watch LU28C6SSD"" LUP33BGGD | Dejaun Jewelers"""
342,"""Dior Chiffre Rouge Watch CD084510A001"" CD084850M001 | Dejaun Jewelers"""
343,"""Casio LA670WEA-1EF Retro watch"""
344,"""Chopard Happy Sport Mini Watch 278509-6003"" 278509-3002 | Dejaun Jewelers"""
345,"""SUUNTO - Ambit3 sport black (HR)""@fr-fr ""Montre connectée Suunto"
346,"""Men's Runway Watch""@en ""Michael Kors Men's Watch | SHOPBOP SAVE UP TO 30% Use Code: MORE17""@en"
347,"""Dior Chiffre Rouge Watch CD084C10A002"" CD084B10M001 | Dejaun Jewelers"""
348,"""Ladies Freja Watch ""@de ""Skagen Uhren und Schmuck | Official SKAGEN Stockist""@de"
349,"""Air Jordan 9 Retro “Slim Jenkins” Black/Matte Silver-University Blue For Sale""@en-US Sale | New Jordans 2015""@en-US"
350,"""Parade Hemera Wedding Band R2712-R1-BD"" ""Shop Parade R2805-R1-BD bands | Mitchum Jewelers"""
351,""" Hamilton Men's Jazzmaster Viewmatic Skeleton Automatic Watch""@en ""Men's Watch (H42545551) - WATCH SHOP.com™""@en"
352,"""Michele Serein Mid Watch MWW21B000030"" ""Shop Michele MW21B01B4993_MS16DH267715 Watches | Northeastern Fine Jewelry"""
353,"""Pontos S Herrenchronograph Automatik""@de ""Maurice Lacroix Pontos Automatik nur 3.990 00 €""@de"
354,"""G-Shock Reloj para hombre""@es ""Casio G-Shock hombre GA-400-1BER nur 129 00 €""@es"
355,"""Maurice Lacroix Les Classiques Watch LC6098-SS001-320-1"" ""Shop Maurice LC6098-SS002-320-1 Watches | Costello Jewelry Company"""
356,"""SUUNTO AMBIT3 SPORT BLACK"" BLACK - Suunto Mexico"""
357,"""Tissot Couturier Quartz T035.410.11.051.00 Gent""@es ""Reloj Tissot Gent catálogo oficial Laguardajoiers distribuidor de en Barcelona""@es"
358,""" ZIIIRO MERCURY CHROME OCEAN ""@fr-fr, TOKYOFLASH KISAI SPIDER... CELESTE COLORED SATURN MR JONES CYCLOPS SUMMER NIGHT BLADE DARK... ECLIPSE ROSE GOLD SUN AND MOON COUNT DOWN CLOCK BLACK NIGHT... ROSEGOLD PURPLE GUNMETAL MINT MONO ""G-SHOCK GA-100MB-1AER""@fr-fr, MARU... DAWN WEST DUSK LEMON THE LAST LAUGH /... SPACE... SATELLITE ADJUST... TIME TRAVELLER LAUGH... ALL GOLD... AVERAGE DAYS GUNMETAL... ""@fr-fr GA-100MB-1AER - Chez maman""@fr-fr"
359,"""Daniel Wellington Dapper Durham rose gold""@nl-NL gold | 10:35 Horloge boetiek""@nl-NL"
360,"""Michele Deco Watch MWW06P000171"" ""Shop Michele MW06T01A1097_MS18AU235009 Watches | Northeastern Fine Jewelry"""
361,"""Alpina SEASTRONG DIVER 300 AL-525LBG4V6B""@en"
362,"""Unisex V800 Bluetooth Heart Rate Monitor GPS Smart Alarm Chronograph Watch ""@de ""Fitness Uhren""@de"
363,"""Omega Seamaster 25318000"" "" Discover the Omega watch collection at Albemarle Bond"
364,"""Cartier Ronde Solo W6801005"" W6801005 Watch | Watchfinder & Co."""
365,"""14K White Gold, Diamond Solitaire Earrings, 1.00 ctw.""@en Earrings Gold ctw. | Samuels Jewelers""@en"
366,"""Mens Couturier Chronograph Watch ""@de ""Tissot T-klassisch Uhren | Official TISSOT Stockist""@de"
367,"""Communion 01 Size 4 SS""@en-US ""Rosary Centers -- Communion"
368,"""Raymond Weil Tango Watch 5391-STP-00308"" ""Shop Raymond 5960-SPS-00995 Watches | Costello Jewelry Company"""
369,"""T-Touch Expert Solar Herrenuhr""@de ""Tissot T-Touch Herrenuhr nur 940 00 €""@de"
370,"""Cartier"", ""CartierCartier New Santos Series Men's Watch W20090 x 8"""
371,""" Calvin Klein Ladies' Classic Watch""@en ""Ladies' Watch (K4D2314Z) - WATCH SHOP.com™""@en"
372,"""TissotTissot Swiss Made Wrist Watch T36.1.316.72 43mm"", ""Tissot"""
373,"""Tissot T Sport V8 ""@en"
374,"""Joma Champion III Polo Shirt - Rood/Geel""@nl "" Joma Heren Voetbal Teamwear Rood-Geel ""@nl"
375,"""Maurice Lacroix Les Classiques Watch LC1087-SS002-121-1"" ""Shop Maurice LC6063-PS103-310 Watches | Costello Jewelry Company"""
376,"""Rolex GMT Master II 116713 LN"" LN Watch | Watchfinder & Co."""
377,"""Luminor Submersible 1950 2500m 3 Days Automatic Titanio - 47mm ""@de 2013""@de"
378,"""Men's Runway Watch""@en ""Michael Kors Men's Watch | SHOPBOP""@en"
379,"""Bvlgari LVCEA Watch LU33C6SSPGD"" LU28C6SSD | Dejaun Jewelers"""
380,"""Raymond Weil Toccata Watch 5488-ST-50001"" ""Shop Raymond 5588-ST-60001 Watches | Costello Jewelry Company"""
381,"""Mens Watch ""@de ""Ben Sherman London | Official Ben Stockist""@de"
382,""" Casio Unisex Classic Alarm Chronograph Watch""@en ""Unisex Watch (A168WEGC-5EF) - WATCH SHOP.com™""@en"
383,"""Daniel Wellington Classic Lady Black Sheffield silver""@en-GB silver 10:35 Watch boutique""@en-GB"
384,"""Hamilton American Classic JazzMaster Maestro Mens Watch""@en Watch - H32716839""@en"
385,""" CASIO Men's Edifice Time Traveller Bluetooth Alarm Chronograph Watch ""@en ""CASIO EQB-500D-1AER £248.00 - TheWatchSuperstore.com™""@en"
386,""" 5mm Cultured Freshwater Pearl, Black Agate and Sterling Silver Necklace (47"") ""@en | Shane Co.""@en ""5mm Pearl"
387,""" Hamilton Men's Khaki Field 42mm Automatic Watch""@en ""Men's Watch (H70555533) - WATCH SHOP.com™""@en"
388,"""Herren Hamilton Jazzmaster Seaview Chronograf Uhr H37512731""@de"
389,"""Cambridge Oro Rosé Reloj para hombre 40mm""@es 00 €""@es ""Daniel Wellington Cambridge 40mm nur 159"
390,""" Seiko Men's Automatic Watch""@en ""Men's Watch (SSA231K1) - WATCH SHOP.com™""@en"
391,"""DKNY NY2502 Minetta watch"""
392,"""Cartier"", ""CartierCartier Pasha C Steel Black Unisex Watch W31079M7"""
393,"""Cartier Santos de Cartier Galbée Watch W20012C4"" ""Shop W20012C4 Watches | Northeastern Fine Jewelry"""
394,"""Casio G-Shock GA-100B-7AER""@en GA-100B-7AER - Casio Watches""@en"
395,"""Eco-Drive Men´s Watch""@en ""Citizen Eco-Drive Watch AW1360-04E nur € 111.20""@en"
396,"""Montre Manifesto Love bleue""@fr bleue - Versace Femme | Boutique en Ligne France""@fr"
397,""" TAG HEUER CARRERA Calibre 5 Day-Date Automatikuhr 100 M - ∅41 mm WAR201E.FC6292 ""@de ""TAG Heuer Carrera Automatic Watch 41 | watch price""@de"
398,"""Michele Serein Watch MWW21A000001"" ""Shop Michele MWW21A000058 Watches | Costello Jewelry Company"""
399,"""Raymond Weil Maestro Watch 2227-STC-00659"" ""Shop Raymond 2237-ST-20001 Watches | Costello Jewelry Company"""
400,"""Bubble Levels - 34mm Bubble Level""@en"
401,"""Ladies Nabucco BRIT Awards 2014 Limited Edition Titanium Automatic Chronograph Diamond Watch ""@de ""Limited Uhren""@de"
402,"""Daniel Wellington Dapper Reading rose gold""@nl-NL gold | 10:35 Horloge boetiek""@nl-NL"
403,""" Titanium Comfort Fit Band (8mm) ""@en ""Titanium | Shane Co.""@en"
404,"""Panerai Radiomir 1940 Watch PAM00514"" ""Shop Panerai PAM00573 Watches | Northeastern Fine Jewelry"""
405,"""Men´s Chronograph PR100""@en ""Tissot Men´s PR100 T101.417.11.031.00 nur € 385.00""@en"
406,""" M200 Bluetooth GPS Activity Tracker Heart Rate Monitor Watch ""@de ""Damen-Sportuhren""@de"
407,"""Daniel Wellington Dapper York rose gold""@en-GB gold 10:35 Watch boutique""@en-GB"
408,"""Carl F Bucherer T-Graph Watch 00.10615.08.33.21"" ""Shop Carl 00.10615.08.13.01 | Moyer Fine Jewelers"""
409,""" Daniel Wellington Men's Sheffield 40mm Watch""@en ""Men's Watch (DW00100007) - WATCH SHOP.com™""@en"
410,"""Black Manifesto Power Watch""@en ""Versace Black Watch for Women | US Online Store""@en"
411,"""Classic Black St Mawes Rosegold 36mm""@de 20 €""@de ""Daniel Wellington Classic 36mm nur 135"
412,"""Chopard Mille Miglia Watch 158992-3001"" 158997-3001 | Dejaun Jewelers"""
413,"""G-Shock Mudman Herrenuhr""@de ""Casio G-Shock Herrenuhr G-9300-1ER nur 199 00 €""@de"
414,"""Cartier Santos-Dumont Watch W2009251"" ""Shop Cartier Collection at Northeastern Fine Jewelry"""
415,"""Casio Edifice EF-121D-1AVEF""@en EF-121D-1AVEF - Casio Watches""@en"
416,"""Chopard Happy Sport Chrono Watch 288499-3001"" 288499-3008 | Dejaun Jewelers"""
417,"""Ridriogow Oro Rosé Reloj para hombre 40mm""@es ""Daniel Wellington Ridriogow 40mm nur 119 00 €""@es"
418,"""Reloj solar para hombre""@es ""Seiko Reloj hombre SNE039P1 nur 159 00 €""@es"
419,"""York Rosegold Herrenuhr 40mm""@de 00 €""@de ""Daniel Wellington York 40mm nur 139"
420,""" Hamilton Ladies' Valiant Automatic Watch""@en ""Ladies' Watch (H39415654) - WATCH SHOP.com™""@en"
421,"""Omega Constellation ""@en 123.10.35.60.02.001 Men's Watch - The Prime Watches.""@en"
422,"""Damenuhr Couturier""@de ""Tissot Damenuhr Couturier T035.210.11.051.00 nur 310 00 €""@de"
423,"""Herren Casio Pro-Trek Wecker Chronograf Uhr PRG-300-1A2ER""@de"
424,"""Double Down Men´s Watch""@en ""Diesel Double Watch DZ1440 nur € 99.00""@en"
425,"""G-Shock Herrenuhr""@de ""Casio G-Shock Herrenuhr GA-100MB-1AER nur 99 90 €""@de"
426,"""Carl F Bucherer TravelTec Watch 00.10620.08.53.01"" ""Shop Carl 00.10620.12.33.01 Watches | Costello Jewelry Company"""
427,""" Ladies Skagen Freja Watch 358SSSD ""Ladies Sale Watches"""
428,""" Mens Daniel Wellington St Mawes 40mm Watch DW00100006 ""All Watches"""
429,"""Montre Tissot T-TOUCH EXPERT SOLAR / Acier Rouge""@fr"
430,"""Cartier Tortue Watch WA501012"" ""Shop Cartier W1556361 Watches | Northeastern Fine Jewelry"""
431,"""Classy Sheffield Roségold Damenuhr 26mm""@de 00 €""@de ""Daniel Wellington Classy 26mm nur 99"
432,"""Casio GA-201-1AER""@bg GA-201-1AER | G-Shock Stotak.com""@bg"
433,"""ArtCarved Contemporary Wedding Band 11-WV7365W-G"" ""Shop ArtCarved 11-WV7357W-G bands | Northeastern Fine Jewelry"""
434,"""Herren Casio klassisch Wecker Chronograf Uhr AQ-230A-1DMQYES""@de"
435,"""Astron GPS Dual Time Solar Watch""@en ""Seiko Astron Watch SSE101J1 nur € 2 195.00""@en"
436,"""York Silver Damenuhr 36mm""@de ""Daniel Wellington York 36mm DW00100055 nur 169 00 €""@de"
437,"""Bvlgari Bvlgari Watch BBL33WSPGD"" BBL262TBSS.M | Dejaun Jewelers"""
438,"""Black Manifesto Gent Courage Watch""@en ""Versace Black Watch for Men | Online Store EU""@en"
439,""" Ladies Karl Lagerfeld Joleigh Watch KL3409 ""Ladies Watches | Designer For Women The Hut"""
440,""" TAG HEUER FORMULA 1 Calibre 7 Automatic Watch 200 M - ∅41 mm WAZ211A.BA0875 ""@en-us ""TAG Heuer Formula 41 | watch price""@en-us"
441,"""Cartier Pasha W31088U2"" W31088U2 Watch | Watchfinder & Co."""
442,"""Hamilton Jazzmaster Seaview Day Date H37565131"" ""H37565131 Hamilton American Classics Mens Auto Watch - AuthenticWatches.com"""
443,"""Michele Deco Watch MWW06P000099"" ""Shop Michele MW06T01A1105_MS18AU235009 Watches | Costello Jewelry Company"""
444,"""IWC Aquatimer IW353804"" IW353804 Watch | Watchfinder & Co."""
445,"""Maurice Lacroix Les Classiques Watch LC6098-SS001-120-1"" ""Shop Maurice LC6098-SS001-130-1 Watches | Costello Jewelry Company"""
446,"""Hamilton Seaview Day Date Auto H37565131"" ""Seaview Auto"""
447,"""Bristol Silver Ladies´ Watch 36mm""@en ""Daniel Wellington Bristol 36mm nur € 169.00""@en"
448,"""Ladies Le Locle Automatic Watch ""@de ""Tissot T-klassisch Uhren | Official TISSOT Stockist""@de"
449,"""Michele Serein Mid Watch MWW21B000015"" ""Shop Michele MWW21B000026 Watches | Costello Jewelry Company"""
450,"""Herren Hamilton Jazzmaster Thinline Uhr H38511133""@de"
451,"""Dior Chiffre Rouge Watch CD084510A001"" CD084540R001 | Dejaun Jewelers"""
452,"""DKNY NY2287 Stanhope watch"""
453,""" Nixon Unisex The Time Teller Chrono Star Wars Special Edition Chronograph Watch""@en ""Unisex Watch (A972SW-2378) - WATCH SHOP.com™""@en"
454,"""Damen Olivia Burton Midi Dial Uhr OB15MD42""@de"
455,"""Cartier Tank Française Watch W51008Q3"" ""Shop Cartier W51008Q3 Watches | Northeastern Fine Jewelry"""
456,"""Ladies´ Chronograph PRC200""@en ""Tissot Ladies´ PRC200 T055.217.16.032.02 nur € 430.00""@en"
457,""" Raymond Weil Ladies' Tango Watch""@en ""Ladies' Watch (5391-STP-00308) - WATCH SHOP.com™""@en"
458,"""Bvlgari Bvlgari Watch BBL33C11SPG 12"" BBL26WSS 12 | Dejaun Jewelers"""
459,"""Cartier Santos De Cartier 100 ""@en"
460,"""Daniel Wellington Classic Lady Bristol silver""@nl-NL silver 10:35 Horloge boektiek""@nl-NL"
461,"""Dior Montaigne Watch CD151111M001"" CD1521I0M001 | Dejaun Jewelers"""
462,"""Men´s Watch""@en ""Casio Men´s Watch GA-100B-4AER nur € 99.90""@en"
463,"""Orologio Manifesto Courage nero""@it Gent nero - Versace Uomo | Shop Online Italia""@it"
464,"""Mens Casio Pro-Trek Alarm Chronograph Watch PRG-300-1A2ER"""
465,"""Parade Hemera Wedding Band R2712-R1-BD"" ""Shop Parade R2225-R1-BD bands | Mitchum Jewelers"""
466,"""G-Shock Men´s Watch""@en ""Casio G-Shock Watch GA-800-4AER nur € 129.00""@en"
467,"""Tissot T Touch Classic ""@en"
468,"""Chopard Mille Miglia Watch 168997-3001"" 158992-3001 | Dejaun Jewelers"""
469,"""Sheffield Silver Damenuhr 36mm""@de ""Daniel Wellington Sheffield 36mm nur 169 00 €""@de"
470,"""Daniel Wellington Classic Man Black Bristol silver""@nl-NL silver 10:35 Horloge boektiek""@nl-NL"
471,"""Meister Pilot Automatikuhr""@de 00 €""@de ""Junghans Meister Automatikuhr 027/3591.00 nur 2.240"
472,"""Signature Deco Gold Diamond, Diamond Dial Watch"" ""Deco"""
473,"""Radiomir 1940 3 Days - 47mm ""@de 2013""@de"
474,"""Raymond Weil Tango Watch 5591-ST-00607"" ""Shop Raymond 8160-ST-00300 Watches | Costello Jewelry Company"""
475,""" Daniel Wellington Ladies' Bristol Rose 36mm Watch""@en ""Ladies' Watch (DW00100039) - WATCH SHOP.com™""@en"
476,"""Cartier Pasha W31029M7"" W31029M7 Watch | Watchfinder & Co."""
477,"""Herren Citizen Eco-Drive Uhr BM7193-07B""@de"
478,"""Herrenuhr Automatik""@de ""Seiko Herrenuhr Automatik SSA231K1 nur 349 00 €""@de"
479,"""Bvlgari B.Zero1 Watch BZ23WSGCL 12"" BZ23BSCL | Dejaun Jewelers"""
480,"""Mens G-Shock G-Rescue Alarm Chronograph Watch ""@de ""Oversized Uhren online bestellen | DE Shop™""@de"
481,"""Jazzmaster Maestro Automatic chronograph""@en ""Hamilton Jazzmaster chronograph nur € 1 180.00""@en"
482,"""Bvlgari Bvlgari Watch BBL33WSPGD"" BBL33WSDS 12 | Dejaun Jewelers"""
483,"""Astron GPS Dual Time Solaruhr""@de 00 €""@de ""Seiko Astron Solaruhr SSE101J1 nur 2.195"
484,"""Radiomir Composite Black Seal 3 Days Automatic - 45mm ""@en Panerai watch""@en"
485,"""Alpina Startimer Pilot Automatic Watch AL-725B4S6B"" ""Shop Alpina AL-525NN4S6 | Moyer Fine Jewelers"""
486,"""Cartier"", ""CartierCartier Tank Francaise Series Men's Watch W51002Q3"""
487,"""DREAMNIGHT""@fr "" Swatch® France - Chrono (Ø 40 47 MM) DREAMNIGHT YCS485GC ""@fr"
488,""" Unisex Gucci G-Timeless Watch YA1264040 ""Men's Watches | Designer For Men The Hut"""
489,"""Panerai Radiomir Watch PAM00505"" ""Shop Panerai PAM00323 Watches | Northeastern Fine Jewelry"""
490,"""Hamilton Jazzmaster Thinline Small Second Quartz Watch H38411783"" ""Shop Hamilton Collection at Safa Jewelers"""
491,"""Cartier Roadster W62002V3"" W62002V3 Watch | Watchfinder & Co."""
492,"""Vintage Oversized Watch""@en ""La Mer Collections Vintage Watch | SHOPBOP SAVE UP TO 30% Use Code: MORE17""@en"
493,"""Suunto M5 Heart Quartz Multi-Sport Watch SS015859000""@en"
494,""" Hamilton Men's Jazzmaster Automatic Chronograph Watch""@en ""Men's Watch (H32596751) - WATCH SHOP.com™""@en"
495,"""Herrenuhr""@de 90 €""@de ""Casio Herrenuhr DB-360GN-9AEF nur 64"
496,""" Unisex Gucci Le Marche Des Merveilles Watch YA1264007 ""Luxury Mens Watches"""
497,"""Chopard Moonphases Watch 161934-5001"" 161934-5001 | Dejaun Jewelers"""
498,""" DANİEL WELLİNGTON DW00100141 Kol Saati ""@tr ""Daniel Wellington En Ucuz Fiyat""@tr"
499,"""Panerai 2013 Watch PAM00364"" ""Shop Panerai PAM00538 Watches | Northeastern Fine Jewelry"""
500,"""V8 Herrenchronograph""@de ""Tissot V8 Herrenchronograph T106.417.11.042.00 nur 440 00 €""@de"
501,"""Slim Runway Damenuhr""@de 20 €""@de ""Michael Kors Slim Damenuhr MK3493 nur 159"
502,""" Citizen Ladies' Dress Eco-Drive Watch""@en ""Ladies' Watch (FE1081-08A) - WATCH SHOP.com™""@en"
503,"""Men´s Watch Hagen""@en ""Skagen Men´s Hagen SKW6216 nur € 189.00""@en"
504,"""The Time Teller Chrono Black Sunray""@en ""Nixon The Sunray A9722348 nur € 151.20""@en"
505,"""Classic Black Bristol Silver 40mm""@en ""Daniel Wellington Classic 40mm nur € 151.20""@en"
506,"""Seiko Prospex Sea Turtle Automatic Divers PADI 200m Watch SRPA21K1 ""@en SRPA21K | Dutyfreeislandshop.com""@en"
507,"""Ladies Lady Chic Chronograph Watch ""@de ""Gc Uhren einfach und sicher online bestellen | DE Shop™""@de"
508,"""Raymond Weil Toccata Watch 5988-STP-97081"" ""Shop Raymond 5388-PC5-65001 Watches | Costello Jewelry Company"""
509,"""Baby G Reloj para mujer""@es 90 €""@es ""Casio Baby mujer BLX-100-7ER nur 79"
510,""" Seiko Sportura SUN015P1 Kinetic watch ""Seiko - Kinetic"""
511,"""SUUNTO CORE REGULAR NEGRO"" NEGRO - Suunto Mexico"""
512,"""Chopard Hour And Minutes Watch 388532-3002"" 388531-6004 | Dejaun Jewelers"""
513,"""Bvlgari Bvlgari Watch BBLP33WGG 12"" BBL37WSPG 12 | Dejaun Jewelers"""
514,"""Carl F Bucherer TravelTec II Watch 00.10633.03.33.01"" ""Shop Carl 00.10633.08.33.21 | Moyer Fine Jewelers"""
515,"""G-Shock Zegarek męski Master of G Oversized""@pl 90 €""@pl ""Casio G-Shock Oversized nur 99"
516,"""Max Bill Ladies´ Watch""@en ""Junghans Max Watch 047/4541.00 nur € 495.00""@en"
517,"""Cartier Rotonde De Cartier Watch W1556051"" ""Shop W1556218 Watches | Northeastern Fine Jewelry"""
518,"""Cartier Ronde Louis Cartier Watch W6800151"" ""Shop WR000651 Watches | Northeastern Fine Jewelry"""
519,"""Maurice Lacroix Les Classiques Watch LC6098-SS001-320-1"" ""Shop Maurice LC6098-SS002-120-1 Watches | Costello Jewelry Company"""
520,"""Cartier Tortue Watch WA501012"" ""Shop Cartier WA501007 Watches | Northeastern Fine Jewelry"""
521,"""G-Shock Men´s Watch""@en ""Casio G-Shock Watch GA-100MB-1AER nur € 99.90""@en"
522,"""Raymond Weil Freelancer Watch 7754-TIC-05209"" ""Shop Raymond 2710-ST-65031 Watches | Costello Jewelry Company"""
523,""" Unisex Gucci Dive Watch YA136215 ""Luxury Mens Watches"""
524,"""Black Manifesto Power Watch""@en ""Versace Black Watch for Women | UK Online Store""@en"
525,""" Mens Sekonda Watch 1350 ""New arrivals | Shop New The Hut"""
526,"""Classic Black Bristol Rosegold 36mm""@de ""Daniel Wellington Classic 36mm nur 169 00 €""@de"
527,""" Ladies Accurist Watch LB1791 ""Ladies Sale Watches"""
528,"""Daniel Wellington Classic Man Black Durham silver""@nl-NL silver 10:35 Horloge boektiek""@nl-NL"
529,"""Montre Garmin Forerunner 15 Large HRM 1- Noir/ Bleu""@fr "" montre accessoires - noir bleu ""@fr"
530,"""Hamilton Jazzmaster Seaview Chrono Quartz Watch H37512731"" ""Shop Hamilton Collection at Safa Jewelers"""
531,""" Junghans Ladies' Max Bill Mechanical Watch""@en ""Ladies' Watch (027/3601.00) - WATCH SHOP.com™""@en"
532,"""Classic Black Bristol Oro Rosé 36mm""@es ""Daniel Wellington Classic 36mm nur 169 00 €""@es"
533,""" Tissot Men's PR100 Chronograph Watch""@en ""Men's Watch (T1014171103100) - WATCH SHOP.com™""@en"
534,"""Bvlgari Bvlgari Watch BBL33C11SPG 12"" BBLP33WGDL 12 | Dejaun Jewelers"""
535,"""Bvlgari Bvlgari Watch BBL33C11SPG 12"" BBL33WSDS 12 | Dejaun Jewelers"""
536,""" Ladies Sekonda Editions Watch 2463 ""Latest Mens Watches"""
537,"""Michele Deco Watch MWW06P000100"" ""Shop Michele MWW06P000099 Watches | Costello Jewelry Company"""
538,"""Benchmark Standard Comfort-Fit LCF13010KY"""
539,"""Raymond Weil Toccata Watch 5988-ST-00300"" ""Shop Raymond 5988-STP-97081 Watches | Costello Jewelry Company"""
540,""" Unisex Gucci Le Marche Des Merveilles Watch YA1264007 ""Ladies Watches | Designer For Women The Hut"""
541,"""Bvlgari Bvlgari Watch BBLP33WGG 12"" BBL33WSPGD | Dejaun Jewelers"""
542,"""Raymond Weil Freelancer Watch 2740-ST-20021"" ""Shop Raymond 7754-TIC-05209 Watches | Costello Jewelry Company"""
543,"""Cartier Santos 100 Watch W20106X8"" ""Shop Cartier W20072X7 Watches | Northeastern Fine Jewelry"""
544,"""Daniel Wellington Classic St Mawes Rose Men's Quartz Watch with White Dial Analogue Display and Brown Leather Strap 0106DW""@en ""Price comparison: Daniel"
545,"""Zegarek męski Desire""@pl ""Tissot Zegarek Desire T52.1.421.12 nur 180 00 €""@pl"
546,"""Dapper Durham Silver 38mm""@de 00 €""@de ""Daniel Wellington Dapper 38mm DW00100116 nur 179"
547,"""Georgia Damenuhr""@de ""Fossil Georgia Damenuhr ES3745 nur 129 00 €""@de"
548,"""Michele Serein Diamond Two-Tone Gold, Bracelet Watch"" ""Serein"""
549,"""Mens Engineer Hydrocarbon Airborne Chronometer Watch ""@de ""Ball Uhren | Official BALL Stockist""@de"
550,"""Omega Co-Axial Chronograph 44.25 mm""@en-GB"
551,"""Classy Sheffield Silver Zegarek damski 26mm""@pl 00 €""@pl ""Daniel Wellington Classy 26mm nur 129"
552,"""Dapper York Rosegold 34 mm""@de 20 €""@de ""Daniel Wellington Dapper mm DW00100093 nur 127"
553,"""Alpina Automatic 4 Watch AL-525BS5AQ6"" ""Shop Alpina AL-525NS5AQ6B | Moyer Fine Jewelers"""
554,"""Cartier Tortue Watch W1556363"" ""Shop Cartier W1556362 Watches | Northeastern Fine Jewelry"""
555,"""Reloj Tissot para Hombre de la colección T-Touch Classic""@es Classic - Tomas Colomer""@es"
556,""" Hamilton Ladies' Jazzmaster Lady 30mm Watch""@en ""Ladies' Watch (H42211155) - WATCH SHOP.com™""@en"
557,"""Mens Max Bill Automatic Watch ""@de ""Luxusuhren vieler Qualitätsmarken online | DE Shop™""@de"
558,"""Bvlgari Solotempo Watch BGOP38WGLD"" BGO38BSSD | Dejaun Jewelers"""
559,"""Cartier"" ""CartierCartier Tank Series Unisex Watch W2603556"""
560,"""BEST SELLER TAG HEUER AQUARACER Calibre 5 Automatic Watch 300 M - ∅41 mmCeramic Bezel WAY211A.BA0928 ""@en-au ""TAG Heuer Aquaracer 41 mm | watch price""@en-au"
561,""" Montre noire & dorée LA670WEGB-1BEF - Casio ""@fr ""Fête des pères""@fr"
562,"""Cartier Rotonde De Cartier Watch W1556214"" ""Shop W1555951 Watches | Northeastern Fine Jewelry"""
563,"""Chopard Mille Miglia GMT Mens Watch 158992-3001""@en-us"
564,"""Alpina Automatic 4 Watch AL-525NS5AQ6"" ""Shop Alpina AL-525BS5AQ6 | Moyer Fine Jewelers"""
565,"""Meister Chronoscope Herrenchronograph""@de ""Junghans Meister Herrenchronograph nur 1.840 00 €""@de"
566,"""Herren Junghans Max Bill Chronoscope Automatik Chronograf Uhr 027/4600.00""@de"
567,"""Dior Chiffre Rouge Watch CD084B40R001"" CD084850M001 | Dejaun Jewelers"""
568,"""Casio Baby-G BLX-100-7""@en BLX-100-7 - Casio Watches""@en"
569,"""Daniel Wellington Classic Lady Sheffield silver""@en-GB silver 10:35 Watch boutique""@en-GB"
570,"""Raymond Weil Tango Watch 5391-ST-00995"" ""Shop Raymond 5960-ST-00300 Watches | Costello Jewelry Company"""
571,"""Daniel Wellington Classic Man Black Durham silver""@en-GB silver 10:35 Watch boutique""@en-GB"
572,"""Omega Speedmaster Moonwatch Omega Co-Axial Chronograph WATCH 311.63.44.51.06.001"" ""Speedmaster"""
573,"""Startimer Pilot Men´s Chronograph""@en ""Alpina Startimer Chronograph AL-372BGR4S6 nur € 895.00""@en"
574,"""Diesel 'mr. Daddy 2.0' Chronograph Watch ""@en "" Men's Black Diesel 'rollcage' Exposed"
575,"""SUUNTO M2 MEN LIME""@fr LIME - CARDIOFRÉQUENCEMÈTRE Suunto couleur SS020647000 Anima Sportiva Sport boutique""@fr"
576,"""Hamilton Jazzmaster Seaview Day Date Quartz Watch H37511131"" H37551141"""
577,""" タグ･ホイヤー カレラ キャリバー1887 自動巻クロノグラフ 100 M - ∅43 mm CAR2A10.BA0799 ""@ja ""タグ･ホイヤー Carrera Automatic Chronograph 43 | watch price""@ja"
578,"""Maurice Lacroix Eliros Watch EL1094-SS002-110-1"" ""Shop Maurice EL1094-PVPD6-710-1 Watches | Costello Jewelry Company"""
579,"""Raymond Weil Toccata Watch 5988-P-97081"" ""Shop Raymond 5988-SP5-97081 Watches | Costello Jewelry Company"""
580,"""Daniel Wellington Classic Man Glasgow rose gold""@nl-NL gold 10:35 Horloge boektiek""@nl-NL"
581,""" Junghans Ladies' Max Bill Watch""@en ""Ladies' Watch (047/4541.00) - WATCH SHOP.com™""@en"
582,"""Montre Femme Daniel Wellington Classic Durham/ Doré""@fr femme Durham /"
583,""" Mens Tissot PRS516 Chronograph Watch T1004171604100 ""New arrivals | Shop New The Hut"""
584,"""Alpina Pilot Quartz Chronograph Watch AL-372N4FBS6"" ""Shop Alpina AL-372BMLY4FBS6 | Moyer Fine Jewelers"""
585,"""Zegarek męski na słoneczną energie""@pl 00 €""@pl ""Seiko Zegarek energie SNE031P1 nur 159"
586,"""Carl F Bucherer AutoDate Watch 00.10915.08.13.21"" ""Shop Carl 00.10915.08.13.21 Watches | Costello Jewelry Company"""
587,"""Cartier Santos 100 Watch W20072X7"" ""Shop Cartier W20073X8 Watches | Northeastern Fine Jewelry"""
588,"""Dapper Sheffield Różowe złoto 38mm""@pl 00 €""@pl ""Daniel Wellington Dapper 38mm nur 179"
589,"""Raymond Weil Maestro Watch 2237-STC-20001"" ""Shop Raymond 2227-ST-00659 Watches | Costello Jewelry Company"""
590,"""Hamilton Jazzmaster Seaview Day Date Quartz Watch H37511131"""
591,"""Orchard Gem Watch""@en ""RumbaTime Orchard Watch | SHOPBOP""@en"
592,"""Raymond Weil Tango Watch 8160-ST-00608"" ""Shop Raymond 8160-ST-00300 Watches | Costello Jewelry Company"""
593,"""Omega Seamaster Planet Ocean ""@en"
594,"""Cartier Santos 100 Watch W20072X7"" ""Shop Cartier WSSA0006 Watches | Northeastern Fine Jewelry"""
595,""" TAG HEUER CARRERA Calibre 8 GMT Reloj automático 100 M - ∅41 mm WAR5010.BA0723 ""@es ""TAG Heuer Carrera Automatic Watch 41 | watch price""@es"
596,"""Mens Pontos Automatic Chronograph Watch ""@de ""Maurice Lacroix Schweizer hergestellt luxuriös Uhren - including Miros Fiaba und Les Classique ranges""@de"
597,"""Collection Reloj para hombre""@es 90 €""@es ""Casio Collection hombre A168WEGC-5EF nur 64"
598,"""Omega Speedmaster Watch 311.92.44.51.01.004"" ""Speedmaster"""
599,"""Zegarek automatyczny Jazzmaster Viewmatic Skeleton""@pl 00 €""@pl ""Hamilton Zegarek Skeleton nur 1.095"
600,"""POLAR M200"" M200 | Electrónica Forum Sport"""
601,"""Chopard Happy Sport Medium Automatic Watch 278559-6004"" 274891-1007 | Dejaun Jewelers"""
602,"""Raymond Weil Maestro Watch 2238-STC-00659"" ""Shop Raymond 2237-ST-20001 Watches | Costello Jewelry Company"""
603,""" Unisex Junghans Max Bill Watch 047/4658.00 ""Luxury Mens Watches"""
604,""" Casio Men's G-Shock Alarm Chronograph Watch""@en ""Men's Watch (G-2900F-2VER) - WATCH SHOP.com™""@en"
605,"""Orologio T-Trend Couturier Quartz Lady""@it ""Tissot Orologio Lady T035.210.11.051.00 - Colombo Gioielleria""@it"
606,"""Cartier Rotonde De Cartier Watch W1556214"" ""Shop W1556209 Watches | Northeastern Fine Jewelry"""
607,""" Nixon Men's The Time Teller Watch""@en ""Men's Watch (A045-1919) - WATCH SHOP.com™""@en"
608,"""Hamilton AC Jazzmaster Lady Auto""@es Auto - Tomas Colomer""@es"
609,"""Dior Montaigne Watch CD151111M001"" CD153512M001 | Dejaun Jewelers"""
610,"""Carl F Bucherer ScubaTec Watch 00.10632.23.53.01"" ""Shop Carl 00.10632.23.33.02 | Moyer Fine Jewelers"""
611,"""Alpina Startimer Pilot Automatic Watch AL-525G4TS6"" ""Shop Alpina AL-525NN4S6 | Moyer Fine Jewelers"""
612,"""Chopard Chronograph Watch 388549-3002"" 388549-3001 | Dejaun Jewelers"""
613,"""Daniel Wellington Classic Lady Black Reading rose gold""@en-GB gold 10:35 Watch boutique""@en-GB"
614,"""Unisex Databank Alarm Chronograph Watch ""@de G-Shock | DE Shop™""@de ""Casio Uhr online finden Edifice"
615,"""Floral Paddle Wire - 26 gauge Bare / Silver 95 yards"" "" Floral Wholesale | Darice"
616,"""Prospex Diver´s Revival Automatikuhr""@de 00 €""@de ""Seiko Prospex Automatikuhr SRP773K1 nur 439"
617,""" ZIIIRO MERCURY CHROME OCEAN ""@fr-fr, TOKYOFLASH KISAI SPIDER... CELESTE COLORED SATURN ""NIXON THE TIME TELLER GOLD / GREEN SUNRAY""@fr-fr, MR JONES CYCLOPS SUMMER NIGHT BLADE DARK... ECLIPSE ROSE SUN AND MOON COUNT DOWN CLOCK BLACK NIGHT... ROSEGOLD PURPLE GUNMETAL MINT MONO MARU... DAWN WEST DUSK LEMON LAST LAUGH /... SPACE... SATELLITE ADJUST... TRAVELLER LAUGH... ALL GOLD... AVERAGE DAYS GUNMETAL... ""@fr-fr SUNRAY - Chez maman""@fr-fr"
618,"""Longines Conquest Watch L3.697.4.76.6"" ""Shop Longines L3.697.4.06.6 Watches | Northeastern Fine Jewelry"""
619,"""Cartier Santos 100 Watch W20106X8"" ""Shop Cartier W20106X8 Watches | Northeastern Fine Jewelry"""
620,"""Nicoline Zegarek damski""@pl 00 €""@pl ""Skagen Nicoline damski SKW2075 nur 139"
621,"""Mens Edifice Waveceptor Alarm Chronograph Radio Controlled Solar Powered Watch ""@de ""Oversized Uhren online bestellen | DE Shop™""@de"
622,"""Alpina Pilot Quartz Chronograph Watch AL-372LBO4V6"" ""Shop Alpina AL-372B4FBS6 | Moyer Fine Jewelers"""
623,"""Classic Black Sheffield Silver 36mm""@de ""Daniel Wellington Classic 36mm nur 169 00 €""@de"
624,"""Michele Serein Mid Watch MW21B01D2963_MS16DH315750"" ""Shop Michele MWW21B000009 Watches | Northeastern Fine Jewelry"""
625,"""St. Mawes Oro Rosé Reloj para mujer 36mm""@es ""Daniel Wellington St. 36mm nur 169 00 €""@es"
626,"""Engineer Hydrocarbon NEDU""@en ""Ball Watch | Engineer NEDU - Model DC3026A-SC-BK""@en"
627,"""Daniel Wellington Classic Man Black Cornwall silver""@nl-NL silver 10:35 Horloge boektiek""@nl-NL"
628,"""Herren Tissot Couturier Chronograf Uhr T0356171103100""@de"
629,"""Panerai 2013 Watch PAM00364"" ""Shop Panerai PAM00532 Watches | Northeastern Fine Jewelry"""
630,""" TAG HEUER FORMULA 1 200 M - ∅32 mmCeramic & Diamonds WAH1313.BA0868 ""@en-us ""TAG Heuer Formula 32 mm | watch price""@en-us"
631,"""Field Mechanical men´s watch""@en ""Hamilton Field watch H69419363 nur € 385.00""@en"
632,"""Bvlgari Tubogas Watch SP35BDSDS.2T"" SP35BDSDS.2T | Dejaun Jewelers"""
633,"""Alpiner 4 Automatikuhr""@de ""Alpina Alpiner Automatikuhr AL-525NS5AQ6 nur 1.195 00 €""@de"
634,"""Michele Serein Mid Watch MWW21B000009"" ""Shop Michele MWW21B000026 Watches | Costello Jewelry Company"""
635,"""BESTSELLER TAG HEUER AQUARACER Calibre 5 Automatikuhr 300 M - ∅41 mmLünette aus Keramik WAY211A.BA0928 ""@de ""TAG Heuer Aquaracer Automatic Watch 41 mm | watch price""@de"
636,"""Maurice Lacroix Les Classiques Watch LC1087-SS002-121-1"" ""Shop Maurice LC1087-SD502-160 Watches | Costello Jewelry Company"""
637,"""Cartier Tank Française Watch W51028Q3"" ""Shop Cartier W4TA0009 Watches | Northeastern Fine Jewelry"""
638,"""Mens PRS200 Chronograph Watch ""@de ""Luxusuhren vieler Qualitätsmarken online | DE Shop™""@de"
639,"""The Kensington Leather Rose Gold/White""@es ""Nixon The Gold/White A1081045 nur 129 00 €""@es"
640,"""ArtCarved Classic Engagement Ring 31-V219ERW-E"" ""Shop ArtCarved 31-V120ECW-E rings | Northeastern Fine Jewelry"""
641,"""Longines Conquest Watch L3.700.4.96.6"" ""Shop Longines L3.700.4.56.6 Watches | Northeastern Fine Jewelry"""
642,"""Cartier Rotonde De Cartier Watch W1556214"" ""Shop W1556229 Watches | Northeastern Fine Jewelry"""
643,"""Parade Lyria Leaves Necklace P2771-R2-WRFS2"" ""Shop Parade P2771A-BYFS2 Necklaces | Mitchum Jewelers"""
644,"""Longines Conquest Watch L3.277.4.76.6"" ""Shop Longines L3.687.4.76.6 Watches | Northeastern Fine Jewelry"""
645,"""Hamilton Jazzmaster GMT Auto Watch H32695731"" ""Shop Hamilton Traveler Collection at Safa Jewelers"""
646,"""Blair Watch""@en ""Michael Kors Blair Watch | SHOPBOP""@en"
647,"""21in x 30ft White Mesh Ribbon w/ Metallic Gold Bands""@en-us ""CHRISTMAS COLORS""@en-us"
648,"""RELOJ DANIEL WELLINGTON CLASSIC DURHAM""@es ""rellotges relojes watches dw daniel wellington tomas colomer durham""@es"
649,"""Hamilton Maestro Auto Chrono H32716839"" ""Maestro Chrono"""
650,"""Edifice Men´s Watch Solar Bluetooth""@en ""Casio Edifice Bluetooth nur € 329.00""@en"
651,"""Michele Deco Mid Watch MWW06V000004"" ""Shop Michele MW06V00A0029_MS16DM235009 Watches | Costello Jewelry Company"""
652,"""Radiomir Black Seal 3 Days Automatic Acciaio - 45mm ""@zh 沛納海腕錶""@zh"
653,"""Cartier Ronde Louis Cartier Watch WR000251"" ""Shop WR000551 Watches | Northeastern Fine Jewelry"""
654,"""Damenuhr Triest Small""@de ""Bruno Söhnle Damenuhr Small 17-23183-242 nur 470 00 €""@de"
655,""" Unisex Suunto Spartan Wrist HR Barometer Bluetooth Chronograph Watch SS050000000 ""Latest Mens Watches"""
656,"""Apple - Apple Watch Series 2 38mm Space Gray Aluminum Case Black Sport Band Aluminum""@en-US"
657,""" Childrens Flik Flak Cute Size Splashy Dolphins Watch FBNP035 ""Kids Watches | Designer for Kids The Hut"""
658,"""Casio EF-121D-1AVEF""@bg EF-121D-1AVEF | Edifice Stotak.com""@bg"
659,""" Junghans Men's 1972 Chronoscope Solar Alarm Chronograph Powered Watch""@en ""Men's Watch (014/4202.44) - WATCH SHOP.com™""@en"
660,"""Hamilton Jazzmaster Maestro Small Second Auto H42575513""@en ""HAMILTON JAZZMASTER MAESTRO SMALL SECOND AUTO"
661,"""Montre GPS Polar V800 - Noir/ Argent""@fr "" montre accessoires noir argent ""@fr"
662,"""Daniel Wellington Classic Lady Black St Mawes rose gold""@nl-NL gold 10:35 Horloge boektiek""@nl-NL"
663,"""SUUNTO CORE REGULAR BLACK""@en BLACK - WATCH Suunto colour Black SS014809000 Athletic footwear apparel and sports equipment""@en"
664,""" Tissot Men's V8 Chronograph Watch""@en ""Men's Watch (T36131672) - WATCH SHOP.com™""@en"
665,"""Herren Pulsar Chronograf solar betrieben Uhr PX5019X1""@de"
666,"""Michele Serein MWW21A000001"" ""Serein"""
667,"""Raymond Weil Maestro Watch 2227-STC-00659"" ""Shop Raymond 2238-STC-00659 Watches | Costello Jewelry Company"""
668,"""Wave Ceptor men´s radio controlled watch""@en ""Casio Wave watch nur € 299.00""@en"
669,"""IWC Aquatimer Watch IW329002"" ""Shop IWC IW379506 Watches | Northeastern Fine Jewelry"""
670,""" Ladies Accurist Watch LB1791 ""Sale | The Hut"""
671,"""G-Shock Men´s Watch""@en ""Casio G-Shock Watch GA-800-1AER nur € 129.00""@en"
672,"""Seiko SSE025J1 Astron watch"""
673,"""Michele Deco Mid, Diamond Dial Watch"" ""Deco Mid"""
674,"""Daniel Wellington Classic Lady Southampton rose gold""@nl-NL gold 10:35 Horloge boektiek""@nl-NL"
675,"""JAZZMASTER TRAVELER GMT""@es GMT - Tomas Colomer""@es"
676,"""Cartier Ronde Solo De Cartier Watch W6701009"" ""Shop W6701008 Watches | Northeastern Fine Jewelry"""
677,"""Herren Hamilton Jazzmaster Tag Datum Automatik Uhr H32505731""@de"
678,"""Meister Kalender Argent/Marron - Junghans""@fr-fr Junghans 027/4200.00""@fr-fr"
679,"""Mens St Mawes 40mm Watch ""@de ""Fathers Tag - Uhren und gift ideas""@de"
680,"""Carl F Bucherer TravelTec Watch 00.10620.08.53.01"" ""Shop Carl 00.10620.03.93.01 Watches | Costello Jewelry Company"""
681,"""Cartier Ronde Solo de Cartier Watch W6701009"" ""Shop W6701009 Watches | Northeastern Fine Jewelry"""
682,"""Blair Watch""@en ""Michael Kors Blair Watch | SHOPBOP SAVE UP TO 30% Use Code: MORE17""@en"
683,"""Cartier"" ""CartierCartier Pasha C Steel Black Unisex Watch W31079M7"""
684,"""Carl F Bucherer AutoDate TwoTone Watch 00.10621.07.77.21"" ""Shop Carl 00.10621.07.77.31 | Moyer Fine Jewelers"""
685,"""Ladies Parker Chronograph Watch ""@de ""Michael Kors Alle Products""@de"
686,"""Casio G-Shock G-7900-1ER""@en G-7900-1ER - Casio Watches""@en"
687,""" Automatic small second, 39mm Steel on steel ""@en-US ""Maestro - Stainless Silver Watch Raymond Weil""@en-US"
688,""" Relógio Plate Round em Aço com correia de Pele preta ""@pt ""Plate Round""@pt"
689,"""Raymond Weil Maestro Watch 2237-ST-BEAT2"" ""Shop Raymond 2237-PC-00659 Watches | Costello Jewelry Company"""
690,"""Raymond Weil Maestro Watch 2237-ST-BEAT1"" ""Shop Raymond 2227-ST-00659 Watches | Costello Jewelry Company"""
691,"""Mens G-Shock Alarm Chronograph Watch ""@de ""Oversized Uhren online bestellen | DE Shop™""@de"
692,"""Daniel Wellington Dapper York rose gold""@nl-NL gold | 10:35 Horloge boetiek""@nl-NL"
693,"""Maurice Lacroix Les Classiques Watch LC1087-SS002-120-1"" ""Shop Maurice LC1087-SS001-121-1 Watches | Costello Jewelry Company"""
694,""" Unisex Casio Databank Alarm Chronograph Watch DB-360GN-9AEF ""Mens Sale Watches"""
695,"""Automatic T055.430.11.057.00 Tissot PRC 200 Powermatic 80""@en official catalog Laguardajoiers dealer of in Barcelona""@en ""Watch T-Sport Automatic 80"
696,"""Bvlgari Bvlgari Watch BBL37C11SPG 12"" BBL33C6SS 12 | Dejaun Jewelers"""
697,"""Luminor Marina 1950 3 Days Automatic Titanio - 44mm ""@zh 沛納海腕錶""@zh"
698,"""Automatikuhr Max Bill""@de ""Junghans Automatikuhr Bill 027/7700.00 nur 955 00 €""@de"
699,""" Monin Roasted Chestnut Syrup ""Monin Syrup"""
700,"""Herren Tissot Couturier GMT Chronograf Uhr T0354391105100""@de"
701,"""Mens 1953 Chronograph Watch ""@de ""Luxusuhren vieler Qualitätsmarken online | DE Shop™""@de"
702,""" Citizen Men's Red Arrows World Time Chronograph Eco-Drive Watch""@en ""Men's Watch (CA0080-03E) - WATCH SHOP.com™""@en"
703,"""Casio G-Shock AW-590-1AER""@en AW-590-1AER - Casio Watches""@en"
704,"""Omega Master Co-Axial 41 mm""@en-GB"
705,"""Solar Cronógrafo para hombre""@es ""Seiko Solar hombre SSC437P1 nur 239 00 €""@es"
706,"""Daniel Wellington Classic Lady York silver""@nl-NL silver 10:35 Horloge boektiek""@nl-NL"
707,"""Dior Chiffre Rouge Watch CD084B10M001"" CD084850M001 | Dejaun Jewelers"""
708,"""ArtCarved Contemporary Wedding Band 11-WV7365W-G"" ""Shop ArtCarved 11-WV7313W-G bands | Northeastern Fine Jewelry"""
709,"""Cartier Ronde Croisiere WSRN0002"" WSRN0002 Watch | Watchfinder & Co."""
710,"""Ladies Classic Collection Alarm Chronograph Watch ""@de G-Shock | DE Shop™""@de ""Casio Uhr online finden Edifice"
711,"""Sheffield Rose Gold Men´s Watch 40mm""@en ""Daniel Wellington Sheffield 40mm nur € 189.00""@en"
712,"""Tag Heuer Carrera Calibre 7 Twin Time 41mm Steel"" Steel WAR2012.BA0723 on Watch Agora"""
713,""" Alpina Men's Alpiner 4 Automatic Watch""@en ""Men's Watch (AL-525SS5AQ6) - WATCH SHOP.com™""@en"
714,"""Alpina Pilot Quartz Chronograph Watch AL-372BGR4S6"" ""Shop Alpina AL-372LBN4V6 | Moyer Fine Jewelers"""
715,""" Brincos New Color em Prata com Quartzito ""@pt ""Brincos - Tous""@pt"
716,"""Carl F Bucherer TravelTec Watch 00.10620.08.53.01"" ""Shop Carl 00.10620.08.33.01 | Moyer Fine Jewelers"""
717,"""Joma Champion III Polo Shirt - Red/Yellow""@en "" Joma Mens Football Teamwear Red/Yellow ""@en"
718,"""Carhartt - Akryl ”Watch” kasket Kul""@da ""Overalls Online Danmark | Carhartt"
719,"""Panerai 2013 Watch PAM00446"" ""Shop Panerai PAM00532 Watches | Northeastern Fine Jewelry"""
720,"""Damen Hamilton Jazzmaster Dame 34mm Uhr H32351115""@de"
721,"""Carl F Bucherer ChronoDate Watch 00.10624.08.53.01"" ""Shop Carl 00.10624.08.13.01 Watches | Costello Jewelry Company"""
722,"""Morellato Gents Watch Analogue Quartz, Steel and Pink Steel, Rose Bezel, Bracelet""@en Bracelet - Morellato Watches Jewelry""@en Bezel Quartz"
723,"""Cronografo T-Sport PRC200 Quartz Gent""@it ""Tissot Cronografo Gent T055.417.11.037.00 - Colombo Gioielleria""@it"
724,"""Jazzmaster Slim men´s watch""@en ""Hamilton Jazzmaster watch H38615735 nur € 695.00""@en"
725,""" OROLOGIO DA... ""@it-it, ""Casio G-Shock ga-100-1a1er Orologio subacqueo uomo""@it-it, Orologio... Casio... ""@it-it ""Orologio Casio G-SHOCK GA-100-1A1ER | Clessidra Jewels""@it-it"
726,"""Daniel Wellington Classic Man Black Cornwall rose gold""@en-GB gold 10:35 Watch boutique""@en-GB"
727,"""Cartier Tank Américaine Watch WB710013"" ""Shop Cartier W2607456 Watches | Northeastern Fine Jewelry"""
728,""" null Hampton Diverter and Personal Shower Rough Valve Only""@en-US"
729,"""Chopard Happy Sport Medium Automatic Watch 278559-6004"" 274891-5008 | Dejaun Jewelers"""
730,"""Carl F Bucherer Flyback Watch 00.10919.08.13.01"" ""Shop Carl 00.10919.03.33.01 | Moyer Fine Jewelers"""
731,"""Kinetic Reloj para hombre""@es ""Seiko Kinetic hombre SKA531P1 nur 329 00 €""@es"
732,"""Maurice Lacroix Fiaba Watch FA2164-SS002-113"" ""Shop Maurice FA1004-PVP23-170 Watches | Costello Jewelry Company"""
733,"""Edifice Herrenuhr schwarz""@de ""Casio Edifice schwarz EF-125D-1AVEF nur 69 90 €""@de"
734,""" DANİEL WELLİNGTON DW00100149 Kol Saati ""@tr ""Daniel Wellington En Ucuz Fiyat""@tr"
735,""" Daniel Wellington Men's Cambridge 40mm Watch""@en ""Men's Watch (DW00100003) - WATCH SHOP.com™""@en"
736,"""Hamilton American Classic Valiant Auto Watch H39415654"" H39515134"""
737,""" Unisex Suunto Spartan Wrist HR Barometer Bluetooth Chronograph Watch SS050000000 ""Men's Watches | Designer For Men The Hut"""
738,""" Montre cuivrée B640WC-5AEF - Casio ""@fr ""TIC TAC""@fr"
739,"""Daniel Wellington Classic Lady Reading rose gold""@nl-NL gold 10:35 Horloge boektiek""@nl-NL"
740,"""Classic Black Sheffield Rose Gold 36mm""@en ""Daniel Wellington Classic 36mm nur € 169.00""@en"
741,"""Seiko Prospex Turtle Automatic 24 Jewels 200m Divers Black Dial Men's Watch SRP775K1 ""@en SRP775K | Dutyfreeislandshop.com""@en"
742,"""Cartier Roadster W62025V3"" W62025V3 Watch | Watchfinder & Co."""
743,"""Cartier Ronde Croisière de Cartier Watch WSRN0002"" ""Shop WSRN0002 Watches | Northeastern Fine Jewelry"""
744,"""Mens G-Shock Premium Gulfmaster Alarm Chronograph Radio Controlled Watch ""@de ""Fathers Tag - Uhren und gift ideas""@de"
745,"""Daniel Wellington Classic Man Black Sheffield rose gold""@nl-NL gold | 10:35 Horloge boetiek""@nl-NL"
746,""" Mens Sekonda Watch 1350 ""Sale | The Hut"""
747,"""Dior Chiffre Rouge Watch CD084B10M001"" CD084510A003 | Dejaun Jewelers"""
748,"""Max Bill Quarz Men´s Watch""@en ""Junghans Max Watch 041/4462.00 nur € 495.00""@en"
749,"""Raymond Weil Maestro Watch 2227-STC-00659"" ""Shop Raymond 2237-ST-65001 Watches | Costello Jewelry Company"""
750,""" Daniel Wellington Men's Cambridge Silver 40mm Watch""@en ""Men's Watch (DW00100017) - WATCH SHOP.com™""@en"
751,""" Mens Marea Watch 54088/3 ""All Watches"""
752,""" Mens Raymond Weil Freelancer Automatic Watch 2740-ST-50021 ""Mens Watches"""
753,""" Unisex Welder The Moody 38mm Watch K55/WRC625 ""Ladies Watches | Designer For Women Hut"""
754,"""HamiltonHamilton Swiss Movement Watch H37512131 44mm"", ""Hamilton"""
755,"""Pyle Sports PHRM38SL Heart Rate Monitor Watch with Minimum, Average Rate, Calories, Target Zones, Silver""@en-US ""Health Monitors - Page 31 | Medical Outlet Direct""@en-US"
756,"""ArtCarved Classic Engagement Ring 31-V219ERW-E"" ""Shop ArtCarved 31-V378FRW-E rings | Northeastern Fine Jewelry"""
757,"""Fossil ES3745 Georgia watch"""
758,"""Cartier Tank Américaine Watch WB710009"" ""Shop Cartier WB710008 Watches | Northeastern Fine Jewelry"""
759,"""Hamilton Gent Quartz H32451751"" ""Gent Quartz"""
760,"""Bvlgari LVCEA Watch LU33C6SSPGD"" LUP33BGGD | Dejaun Jewelers"""
761,"""Custom 3 Birthstone Heart Family Tree Necklace"" Pendant | Eve's Addiction®"""
762,"""Herren Daniel Wellington klassisch 36mm Durham Uhr DW00100112""@de"
763,"""ICONIQUE TAG HEUER CARRERA Calibre 01 Chronographe automatique 100 M - ∅45 mm CAR2A1Z.FT6044 ""@fr ""TAG Heuer Carrera Automatic Chronograph 45 | watch price""@fr"
764,"""Casio Unisex Digital Bracelet Watch A500WEA-1EF"""
765,"""Formula 1 Lady ∅32 mm Cerámica y diamantes, esfera blanca, cuarzo"""
766,"""Carl F Bucherer Peripheral Watch 00.10917.08.73.11"" ""Shop Carl 00.10917.08.33.21 | Moyer Fine Jewelers"""
767,"""Hamilton Jazzmaster Seaview Quartz Watch H37451141"" H37411111"""
768,"""ArtCarved Classic Engagement Ring 31-V734ERW-E"" ""Shop ArtCarved 31-V743ERRR-E rings | Northeastern Fine Jewelry"""
769,"""Daniel Wellington Classic Lady Canterbury rose gold""@nl-NL gold | 10:35 Horloge boetiek""@nl-NL"
770,""" Mens Marea Watch 54088/3 ""Brands"""
771,"""Cartier Rotonde De Cartier Watch W1556051"" ""Shop W1556238 Watches | Northeastern Fine Jewelry"""
772,"""Unisex Loop 2 Smoky Black Bluetooth Activity Tracker Alarm Watch ""@de ""Fitness Uhren""@de"
773,"""NEC Slot-In PC 100013751 2.2GHz 2000E 900g Negro cliente liviano""@es ""HP ProDisplay P203 20"" HD+ TN pantalla para - Black Friday... ""@es"
774,"""Bvlgari Bvlgari Soltempo Watch BB39WSPGD"" BB41C3SLD | Dejaun Jewelers"""
775,"""Cronoscope Max Bill""@en ""Junghans Cronoscope Bill 027/7800.00 nur € 1 695.00""@en"
776,"""Omega Seamaster 300m 2541.80.00"" 2541.80.00 Watch | Watchfinder & Co."""
777,"""G-SHOCK Mudmaster""@fr ""Montre outdoor g-shock mudmaster casio noir et rouge à partir de 229 00 €""@fr"
778,"""Automatikuhr Max Bill""@de 00 €""@de ""Junghans Automatikuhr Bill 027/4002.44 nur 955"
779,"""Cartier Pasha W31077U2"" W31077U2 Watch | Watchfinder & Co."""
780,"""Raymond Weil Maestro Watch 2237-ST-BEAT1"" ""Shop Raymond 2237-ST-20001 Watches | Costello Jewelry Company"""
781,"""Raymond Weil Toccata Watch 5388-PC5-65001"" ""Shop Raymond 5388-PC5-65001 Watches | Costello Jewelry Company"""
782,"""G Shock Rangeman Men´s Watch""@en ""Casio G Watch GW-9400-1ER nur € 299.00""@en"
783,"""Cartier Santos 100 Watch WSSA0006"" ""Shop Cartier W20106X8 Watches | Northeastern Fine Jewelry"""
784,"""Omega Seamaster 25998000"" "" Discover the Omega watch collection at Albemarle Bond"
785,"""Raymond Weil Freelancer Watch 7754-TIC-05209"" ""Shop Raymond 2754-SR-05200 Watches | Costello Jewelry Company"""
786,"""TIMELESS CLASSIC VALIANT AUTO""@es AUTO - Tomas Colomer""@es"
787,""" Ladies Michael Kors Darci Watch MK3192 ""All Watches"""
788,"""Michele Deco Mid Watch MW06V00A0029_MS16DM235009"" ""Shop Michele MWW06V000001 Watches | Costello Jewelry Company"""
789,"""Cartier Tank Française Watch W4TA0009"" ""Shop Cartier W51005Q4 Watches | Northeastern Fine Jewelry"""
790,"""Bvlgari Bvlgari Watch BBL37C11SPG 12"" BBL33WSL 12 | Dejaun Jewelers"""
791,"""Seiko Sportura GPS Solar SSF003 / SSF003J1 Herrenuhr""@de"
792,""" Folli Follie Ladies' Day Dream Watch""@en ""Ladies' Watch (6015.1508) - WATCH SHOP.com™""@en"
793,""" Citizen Men's Eco-Drive Watch""@en ""Men's Watch (BM7193-07B) - WATCH SHOP.com™""@en"
794,"""Splashy Dolphins Kinderuhr""@de ""Flik Flak Splashy Kinderuhr FBNP035 nur 40 00 €""@de"
795,""" TAG HEUER FORMULA 1（F1系列） 200米 - ∅41毫米 WAZ1110.BA0875 ""@zh-hant ""TAG Heuer（泰格豪雅） Formula 1 41毫米 | watch price""@zh-hant"
796,"""Alpina Pilot Quartz Chronograph Watch AL-372N4FBS6"" ""Shop Alpina AL-372LBBG4FBV6 | Moyer Fine Jewelers"""
797,"""The C45 SS Gunmetal / Aqua Sunray Zegarek męski""@pl 00 €""@pl ""Nixon The męski nur 199"
798,"""Longines Conquest Watch L3.697.4.76.6"" ""Shop Longines L3.277.4.76.6 Watches | Northeastern Fine Jewelry"""
799,"""Chopard Happy Sport Mini Watch 278509-6003"" 278509-6003 | Dejaun Jewelers"""
800,"""Raymond Weil Tango Watch 5391-STP-00995"" ""Shop Raymond 5960-ST-00995 Watches | Costello Jewelry Company"""
801,""" Monitor Polar A360 - S Blanco ""@es ""Monitor Alkomprar.com""@es"
802,""" 88 Rue Du Rhone Men's Chronograph Watch""@en ""Men's Watch (87WA164501) - WATCH SHOP.com™""@en"
803,"""Damenuhr""@de ""Citizen Damenuhr FE1081-08A nur 99 00 €""@de"
804,"""Herren Hamilton Jazzmaster Thinline 40mm Uhr H38411783""@de"
805,"""Raymond Weil Noemia Watch 5132-STP-00985"" ""Shop Raymond 5132-ST-80081 Watches | Costello Jewelry Company"""
806,"""Bvlgari Tubogas Watch SP35BDSDS.2T"" SP35C6SPG.2T | Dejaun Jewelers"""
807,"""Carl F Bucherer ScubaTec Watch 00.10632.23.53.01"" ""Shop Carl 00.10632.24.33.21 | Moyer Fine Jewelers"""
808,"""Cartier Hypnose Watch WJHY0005"" ""Shop Cartier WJHY0003 Watches | Northeastern Fine Jewelry"""
809,"""Black Manifesto Power Watch""@default ""Versace Black Watch for Women | Official Website""@default"
810,"""G-Shock Reloj para hombre""@es ""Casio G-Shock hombre GA-100CF-1A9ER nur 129 00 €""@es"
811,"""Dior Chiffre Rouge Watch CD084B40R001"" CD084C10A001 | Dejaun Jewelers"""
812,"""Jazzmaster Maestro Small Second Automatic Watch""@en 145.00""@en ""Hamilton Jazzmaster Watch nur € 1"
813,"""Fitbit Charge 2 Heart Rate Fitness Watch - No wristband just watch""@en watch GPS & Running Watches""@en"
814,"""Quickster Chronograf męski""@pl 00 €""@pl ""Tissot Quickster męski T095.417.17.037.01 nur 375"
815,"""Serein Mid Two-Tone, Diamond Dial Watch"" Mid"""
816,"""Carl F Bucherer AutoDate Watch 00.10915.08.13.21"" ""Shop Carl 00.10915.03.13.01 | Moyer Fine Jewelers"""
817,"""Check Web Prices"", ""Clothing Clothing Accessories Watches"", ""Casio GA201-1A G-Shock Alarm"" Alarm Watches price comparison"""
818,"""Cartier Tank Louis Cartier Watch W1529756"" ""Shop W1529756 Watches | Northeastern Fine Jewelry"""
819,"""Tissot Quickster T095.417.17.037.01 Chrono""@es ""Reloj Tissot T-Sport catálogo oficial Laguardajoiers distribuidor de en Barcelona""@es"
820,"""Diver Automatic Divers´ Watch""@en ""Seiko Diver Watch SKX007K2 nur € 299.00""@en"
821,"""Cartier Ronde Louis Cartier Watch W6800151"" ""Shop W6800151 Watches | Northeastern Fine Jewelry"""
822,"""Michele Deco Madison Watch MW06T00A0101_MS18AA030402"" ""Shop Michele MW06T00C9018_MS18AU285048 Watches | Northeastern Fine Jewelry"""
823,""" NIXON THE K SQUARED GOLD... ""@fr-fr, VINTAGE WATCH GOLD WOVEN STRAP OLIVIA BURTON MINI ANTIQUES... KENSINGTON... WILSON MICHAEL JORDAN NINTENDO SUPER... ROSE... TIME TELLER... WEWOOD CRISS ARABESQUE BEIGE ANTEA BLUEBERRY JUPITER BLACK BIG DIAL GREY... TIMEX EXPEDITION SCOUT... KOMONO ESTELLE LIME FLOWER SMALL CORN WATERBURY X RED WING... KENSINGTON ALL KAPPA ROSE SILVER... PASSION AUTOMATIC ORIENT... ""OLIVIA MIDI AND GOLD""@fr-fr, NUT MINT LOTUS ""@fr-fr - Chez maman""@fr-fr"
824,"""Cartier Santos W20099C4"" W20099C4 Watch | Watchfinder & Co."""
825,"""Tissot PRS200 PRS 200 Stainless Steel Chronograph Men's Watch T0674171103101"" "" Tissot T0674171103101 | watchtag.com"""
826,"""Cartier"" ""CartierCartier Roadster Series Men's Watch W62020 x 6"""
827,"""Parade Lyria Leaves Necklace P2771-R2-WRFS2"" ""Shop Parade N2120-O1-FS Necklaces | Mitchum Jewelers"""
828,"""Cartier Drive De Cartier Watch WGNM0006"" ""Shop WSNM0005 Watches | Northeastern Fine Jewelry"""
829,"""Michele Deco Mid Diamond Watch"" ""Dynamic Filter"""
830,""" Ladies Karl Lagerfeld Joleigh Watch KL3409 ""Latest Mens Watches"""
831,"""Meister Driver Chronoscope Automatikuhr""@de ""Junghans Meister Automatikuhr nur 1.990 00 €""@de"
832,"""Herren Casio G-Shock Wecker Chronograf Uhr AW-590-1AER""@de"
833,"""Cartier Santos-Dumont Watch WH100351"" ""Shop Cartier W2009251 Watches | Northeastern Fine Jewelry"""
834,"""SKINGALA""@en "" Watches - Swatch® United Arab Emirates""@en"
835,"""Seiko Automatik SKX007 / SKX007K2 Scuba Diver's Taucheruhr""@de"
836,"""Daniel Wellington Classic Lady Black Bristol rose gold""@en-GB gold 10:35 Watch boutique""@en-GB"
837,"""Carl F Bucherer AutoDate TwoTone Watch 00.10621.07.77.21"" ""Shop Carl 00.10621.07.77.21 Watches | Costello Jewelry Company"""
838,"""Damen Raymond Weil Noemia 32mm Diamant Uhr 5132-STS-00985""@de"
839,"""Seiko SRP777K1 Prospex Mar Diver's""@es ""Reloj Seiko Automático"
840,"""Dapper Sheffield Rose Gold 38mm""@en ""Daniel Wellington Dapper 38mm nur € 179.00""@en"
841,"""Bvlgari Bvlgari Watch BBL26WSSD"" BBL33WSS 12 | Dejaun Jewelers"""
842,"""Mens Inspiration 1947 70th Anniversary Limited Edition Mechanical Watch ""@de ""Limited Uhren""@de"
843,"""Panerai Radiomir Watch PAM00323"" ""Shop Panerai PAM00346 Watches | Northeastern Fine Jewelry"""
844,"""Michele Serein Mid Watch MWW21B000015"" ""Shop Michele MW21B00A0106_MS16DH235009 Watches | Costello Jewelry Company"""
845,"""Raymond Weil Tango Watch 8160-ST-00608"" ""Shop Raymond 5591-ST-00607 Watches | Costello Jewelry Company"""
846,"""Solar Herren Fliegerchronograph""@de ""Seiko Solar Fliegerchronograph SSC009P3 nur 299 00 €""@de"
847,"""Raymond Weil Toccata Watch 5488-STC-50001"" ""Shop Raymond 5588-ST-00300 Watches | Costello Jewelry Company"""
848,"""Casio G-Shock G-7710-1ER""@en G-7710-1ER - Casio Watches""@en"
849,"""Sheffield Rosegold Herrenuhr 40mm""@de ""Daniel Wellington Sheffield 40mm nur 189 00 €""@de"
850,"""Damen Raymond Weil Toccata Diamant Uhr 5388-ST-50081""@de"
851,"""Chronoscope Max Bill""@es 00 €""@es ""Junghans Chronoscope Bill 027/4600.00 nur 1.645"
852,"""Michele Serein Watch MWW21A000058"" ""Shop Michele MWW21A000008 Watches | Costello Jewelry Company"""
853,"""Cartier Ronde Solo de Cartier Watch W6701009"" ""Shop Finder at Bhindi Jewelers"""
854,"""Maurice Lacroix Fiaba Watch FA2164-SS002-113"" ""Shop Maurice FA1003-SD502-170 Watches | Costello Jewelry Company"""
855,"""EQB-500 Bluetooth Argent/Bleu - Casio Edifice ""@fr-fr EQB-500DB-2AER""@fr-fr"
856,"""Herren Emporio Armani Edelstahl Halskette EGS1601040""@de"
857,"""Dior Chiffre Rouge Watch CD084850M001"" CD084850M001 | Dejaun Jewelers"""
858,"""Mens Pontos S Automatic Chronograph Watch ""@de ""Maurice Lacroix Schweizer hergestellt luxuriös Uhren - including Miros Fiaba und Les Classique ranges""@de"
859,"""Reloj automático Max Bill""@es 00 €""@es ""Junghans Reloj Bill 027/3400.00 nur 895"
860,"""Unisex M200 Bluetooth GPS Activity Tracker Heart Rate Monitor Alarm Chronograph Watch ""@de ""Damen-Sportuhren""@de"
861,"""Bvlgari Bvlgari Watch BBLP33WGG 12"" BBLP33WGDL 12 | Dejaun Jewelers"""
862,"""IWC Ingenieur Watch IW380802"" ""Shop IWC IW380703 Watches | Northeastern Fine Jewelry"""
863,"""Bvlgari Solotempo Watch BGOP38WGLD"" BGO38C3SLD | Dejaun Jewelers"""
864,"""Valiant Automatic Watch 40mm""@en ""Hamilton Valiant 40mm H39515134 nur € 545.00""@en"
865,"""G-Shock Mudmaster Herrenuhr""@de 00 €""@de ""Casio G-Shock Herrenuhr GWG-1000GB-1AER nur 749"
866,"""Polar Loop 2 Zwart (Zwart) - Prijzen ""@NL Tweakers""@NL"
867,""" Mens Casio Edifice Sapphire Chronograph Watch EFB-550D-1AVUER ""Sale | The Hut"""
868,"""Tissot Couturier Quartz T035.439.11.051.00 GMT Gent""@es catálogo oficial Laguardajoiers distribuidor de Tissot en Barcelona""@es ""Reloj Gent"
869,""" Mens Nixon The Brigade Watch A1176-001 ""Latest Watches"""
870,"""Chopard Moonphases Watch 161934-5001"" 171927-1001 | Dejaun Jewelers"""
871,"""Daniel Wellington Classic Lady Black Sheffield rose gold""@en-GB gold 10:35 Watch boutique""@en-GB"
872,"""Orologio Aviator 98/218 EcoDrive""@it ""Citizen Orologio EcoDrive AW1360-04E - Colombo Gioielleria""@it"
873,"""Tissot Couturier T035.210.11.051.00 Quartz Lady""@es catálogo oficial Laguardajoiers distribuidor de Tissot en Barcelona""@es ""Reloj Lady"
874,"""Herren Daniel Wellington Oxford 40mm Uhr DW00100001""@de"
875,"""Raymond Weil Maestro Watch 2237-ST-BEAT2"" ""Shop Raymond 2227-ST-00659 Watches | Costello Jewelry Company"""
876,"""CartierCartier Tank Francaise Series Unisex Watch W51011Q3"" ""Cartier"""
877,"""Raymond Weil Freelancer Watch 7740-SC1-65221"" ""Shop Raymond 2710-ST-65031 Watches | Costello Jewelry Company"""
878,"""Raymond Weil Noemia Watch 5132-STS-00985"" ""Shop Raymond 5132-ST-80081 Watches | Costello Jewelry Company"""
879,"""Suunto M2 Black Watch SS015854000 ""@en | Dutyfreeislandshop.com""@en"
880,"""Panerai Radiomir Watch PAM00505"" ""Shop Panerai PAM00424 Watches | Northeastern Fine Jewelry"""
881,"""Cartier Tank Américaine Watch WB710013"" ""Shop Cartier W2620030 Watches | Northeastern Fine Jewelry"""
882,"""Solar Men´s Chronograph""@en ""Seiko Solar Chronograph SSC431P1 nur € 329.00""@en"
883,"""Classic Black Durham Oro Rosé 36mm""@es ""Daniel Wellington Classic 36mm nur 169 00 €""@es"
884,"""Bvlgari Tubogas Watch SP35BDSDS.1T"" SP35BDSDS.2T | Dejaun Jewelers"""
885,"""Automatikuhr Max Bill""@de ""Junghans Automatikuhr Bill 027/4701.00 nur 925 00 €""@de"
886,"""Herrenuhr Holst Titanium""@de ""Skagen Herrenuhr Titanium SKW6285 nur 239 00 €""@de"
887,""" Seiko Astron Men's GPS Titanium Chronograph Watch""@en ""Men's Watch (SSE047J1) - WATCH SHOP.com™""@en"
888,"""Carl F Bucherer Power Reserve Watch 00.10912.08.13.01"" ""Shop Carl 00.10912.03.33.01 Watches | Costello Jewelry Company"""
889,"""Carl F Bucherer T-Graph Watch 00.10615.03.33.21"" ""Shop Carl 00.10615.03.13.21 Watches | Costello Jewelry Company"""
890,"""Suunto Ambit 3 Sports with HR - Black""@en "" Suunto Heart Rate Accessories Black ""@en"
891,""" Daniel Wellington Men's Glasgow Silver 40mm Watch""@en ""Men's Watch (DW00100018) - WATCH SHOP.com™""@en"
892,"""TAG Heuer CARRERA Chronograph Calibre 1887"""
893,"""Raymond Weil Noemia Watch 5132-STS-00985"" ""Shop Raymond 5132-SPS-00985 Watches | Costello Jewelry Company"""
894,"""Cartier"" ""CartierCartier Roadster Series Men's Watch W62025V3"""
895,"""Omega Constellation 123.10.35.60.02.001"" 123.10.35.60.02.001 Watch | Watchfinder & Co."""
896,"""Max Bill Automatic Date Or/Marron - Junghans""@fr-fr Junghans 027/7700.00""@fr-fr"
897,"""Herrenchronograph PRC200""@de ""Tissot Herrenchronograph PRC200 T055.417.11.057.00 nur 475 00 €""@de"
898,"""Jacqueline Damenuhr""@de 00 €""@de ""Fossil Jacqueline Damenuhr ES3487 nur 119"
899,""" Olivia Burton Ladies' Midi Dial Watch""@en ""Ladies' Watch (OB15MD42) - WATCH SHOP.com™""@en"
900,"""Orologio T-Classic Le Locle Automatic Gent""@it ""Tissot Orologio Gent T41.1.483.53 - Colombo Gioielleria""@it"
901,"""Cartier Santos W20098D6"" W20098D6 Watch | Watchfinder & Co."""
902,"""Cartier Ronde Louis Cartier Watch WR000551"" ""Shop WR000651 Watches | Northeastern Fine Jewelry"""
903,"""Omega Speedmaster 311.92.44.51.01.005"""
904,"""Suunto Traverse Alpha Watch""@en Watch | Sportsman's Warehouse""@en"
905,""" Casio Men's G-Shock Rangeman Alarm Chronograph Radio Controlled Watch""@en ""Men's Watch (GW-9400-1ER) - WATCH SHOP.com™""@en"
906,""" Ladies Raymond Weil Noemia 24mm Diamond Watch 5124-ST-00985 ""Raymond Watches"""
907,"""Chopard Happy Sport Medium Automatic Watch 278559-6004"" 274891-5004 | Dejaun Jewelers"""
908,"""Tissot"" ""TissotTissot Swiss Made Wrist Watch T019.430.36.031.01 40mm"""
909,"""Hamilton Jazzmaster Slim Auto Watch H38615555 "" H38615255"""
910,"""G-Shock Style Radiocontrol-Reloj solar""@es ""Casio G-Shock solar nur 279 00 €""@es"
911,"""Longines Master Collection L2.628.4.51.7"" ""Shop Longines at Merry Richards"""
912,"""Herren Casio G-Shock Wecker Chronograf Uhr GA-400-1BER""@de"
913,"""Omega Speedmaster Moonwatch 311.92.44.51.01.004"" 311.92.44.51.01.004 Watch | Watchfinder & Co."""
914,"""Bvlgari LVCEA Watch LU28C6SSD"" LU28C6SSPGD | Dejaun Jewelers"""
915,"""Cartier Santos 100 Watch W20106X8"" ""Shop Cartier W20073X8 Watches | Northeastern Fine Jewelry"""
916,"""Michele Deco Mid Watch MWW06V000002"" ""Shop Michele MW06V00A0029_MS16DM235009 Watches | Northeastern Fine Jewelry"""
917,""" OMEGA 212.30.44.50.03.001 Erkek Kol Saati ""@tr ""Omega En Ucuz Fiyat""@tr"
918,"""Daniel Wellington Classic Lady Sheffield silver""@nl-NL silver 10:35 Horloge boektiek""@nl-NL"
919,"""Orchard Gem Watch""@en ""RumbaTime Orchard Watch | SHOPBOP SAVE UP TO 30% Use Code: MORE17""@en"
920,"""Cartier Tank Française Watch W51028Q3"" ""Shop Cartier WE110007 Watches | Northeastern Fine Jewelry"""
921,"""Michele Deco Watch MWW06P000099"" ""Shop Michele MWW06P000234 Watches | Northeastern Fine Jewelry"""
922,"""Unisex Daniel Wellington klassisch Schwarz Durham Uhr 36mm DW00100138""@de"
923,"""DS Action Diver Zegarek automatyczny""@pl 00 €""@pl ""Certina DS automatyczny nur 770"
924,"""Raymond Weil Freelancer Watch 7740-SC1-65221"" ""Shop Raymond 2760-ST3-50001 Watches | Costello Jewelry Company"""
925,"""Cartier Panthère De Cartier Watch WGPN0009"" ""Shop WSPN0007 Watches | Northeastern Fine Jewelry"""
926,"""Henry Glitz Chronograph Watch""@en ""Marc by Marc Jacobs Henry Watch | SHOPBOP SAVE UP TO 30% Use Code: MORE17""@en"
927,"""Daniel Wellington Dapper Sheffield rose gold""@en-GB gold 10:35 Watch boutique""@en-GB"
928,"""Max Bill Damenuhr""@de ""Junghans Max Damenuhr 047/4659.00 nur 495 00 €""@de"
929,"""Daniel Wellington Dapper Durham silver""@en-GB silver 10:35 Watch boutique""@en-GB"
930,"""POLAR M400 HR"" HR | Electrónica Forum Sport"""
931,""" Mens Skagen Signatur Regulator Watch SKW6390 ""Men's Watches | Designer For Men The Hut"""
932,"""Southampton oro rosa Reloj para mujer 36mm""@es ""Daniel Wellington Southampton 36mm nur 139 00 €""@es"
933,"""Mens Classic Dream Watch ""@de ""Tissot T-klassisch Uhren | Official TISSOT Stockist""@de"
934,"""Cartier Santos 100 Watch WSSA0006"" ""Shop Cartier W20107X7 Watches | Northeastern Fine Jewelry"""
935,"""Jazzmaster Maestro Small Second Automatikuhr""@de ""Hamilton Jazzmaster Automatikuhr nur 1.145 00 €""@de"
936,""" Ladies Raymond Weil Noemia 32mm Diamond Watch 5132-STP-00985 ""Raymond Watches"""
937,"""Cartier Panthère De Cartier Watch WGPN0009"" ""Shop WJPN0007 Watches | Northeastern Fine Jewelry"""
938,"""Prospex Diver´s Revival Automatic Watch""@en ""Seiko Prospex Watch SRP773K1 nur € 439.00""@en"
939,"""The Crew Leather Dorado / Cream Black""@es ""Nixon The Black nur 159 00 €""@es"
940,"""Cronógrafo para hombre 1972 Chronoscope Solar""@es ""Junghans Cronógrafo Solar nur 749 00 €""@es"
941,"""Daniel Wellington Classic Lady York silver""@en-GB silver 10:35 Watch boutique""@en-GB"
942,"""Michele Serein Mid Watch MWW21B000015"" ""Shop Michele MW21B01B4993_MS16DH267715 Watches | Costello Jewelry Company"""
943,""" Nixon Unisex The Time Teller Chrono Chronograph Watch""@en ""Unisex Watch (A972-2348) - WATCH SHOP.com™""@en"
944,"""Michele Serein Watch MW21A01B0966_MS18EV246710"" ""Shop Michele MWW21A000001 Watches | Northeastern Fine Jewelry"""
945,"""Maurice Lacroix LC6098-SS001-130-2 Les Classiques Date""@es ""LC6098-SS001-130-2 | Reloj Maurice Date. Relojes en barcelona catalogo con precios.""@es"
946,"""Carl F Bucherer AutoDate Watch 00.10915.08.13.21"" ""Shop Carl 00.10915.03.13.01 Watches | Costello Jewelry Company"""
947,"""Dior Chiffre Rouge Watch CD084510A001"" CD084510A003 | Dejaun Jewelers"""
948,"""Dior Chiffre Rouge Watch CD084850M001"" CD084510M003 | Dejaun Jewelers"""
949,"""Michele Deco Madison Watch MW06T00A0101_MS18AA030402"" ""Shop Michele MW06T01C5018_MS18AU285048 Watches | Costello Jewelry Company"""
950,"""Cambridge Silver Zegarek męski 40mm""@pl 00 €""@pl ""Daniel Wellington Cambridge 40mm nur 159"
951,"""Casio LA670WEA-7EF Retro watch"""
952,"""Dior Montaigne Watch CD153512M001"" CD152110A005 | Dejaun Jewelers"""
953,"""Maurice Lacroix AI1018-SS001-330-1 Aikon Chrono""@es ""Reloj Maurice Chrono. Relojes en barcelona catalogo con precios.""@es"
954,""" Seiko Men's Solar Powered Watch""@en ""Men's Watch (SNE329P9) - WATCH SHOP.com™""@en"
955,"""Meister Kalender Automatikuhr""@de ""Junghans Meister Automatikuhr 027/4200.00 nur 1.990 00 €""@de"
956,"""Cartier Panthère De Cartier Watch WGPN0009"" ""Shop WGPN0008 Watches | Northeastern Fine Jewelry"""
957,"""Michele Deco Mid Watch MWW06V000001"" ""Shop Michele MW06V00A0029_MS16DM235009 Watches | Northeastern Fine Jewelry"""
958,"""Cartier Roadster W62020X6"" W62020X6 Watch | Watchfinder & Co."""
959,""" Mens Raymond Weil Maestro Automatic Watch 2237-ST-20001 ""Mens Watches"""
960,"""Cartier Tank MC Watch W5330007"" ""Shop Cartier WGTA0014 Watches | Northeastern Fine Jewelry"""
961,"""Raymond Weil Toccata Watch 5988-P-97081"" ""Shop Raymond 5988-ST-97081 Watches | Costello Jewelry Company"""
962,"""Omega Seamaster 21230445003001"" "" Discover the Omega watch collection at Albemarle Bond"
963,"""Herren Casio G-Shock Wecker Chronograf Uhr GA-100-1A4ER""@de"
964,""" Montre argentée AQ-230A-1DMQYES - Casio ""@fr ""TIC TAC""@fr"
965,"""Omega Speedmaster Moonwatch Omega Co-Axial Chronograph WATCH 311.63.44.51.06.001"" Watch 311.93.44.51.99.002"""
966,""" Mens Nixon The Brigade Watch A1176-001 ""Sale | Hut"""
967,"""Automatic Watch Max Bill""@en ""Junghans Automatic Bill 027/3400.00 nur € 895.00""@en"
968,"""Seiko Prospex Baby Tuna Men's Automatic 200m Divers Watch SRP639K1 ""@en SRP639K | Dutyfreeislandshop.com""@en"
969,"""Hamilton Jazzmaster Gent Quartz Watch H32451751"" ""Shop Hamilton Collection at Safa Jewelers"""
970,""" Cathedral Solitaire Platinum Engagement Ring ""@en ""Cathedral | Shane Co.""@en"
971,"""Michele Deco Mid Watch MWW06V000004"" ""Shop Michele MWW06V000042 Watches | Northeastern Fine Jewelry"""
972,"""Herren Citizen Promaster Navihawk GPS Wecker Chronograf funkgesteuert Eco-Drive Uhr CC9030-51E""@de"
973,"""Alpina Startimer Pilot Automatic Watch AL-525G4TS6"" ""Shop Alpina AL-525G4TS6 | Moyer Fine Jewelers"""
974,"""Orologio Manifesto Power nero""@it nero - Versace Donna | Shop Online Italia""@it"
975,""" Charge 2 Fitness Wristband (Large, Black) ""Fitbit (Large FB407SBKL B&H"""
976,"""Mens Runway Chronograph Watch ""@de ""Michael Kors Alle Products""@de"
977,""" Mens Raymond Weil Tango Watch 5591-ST-00607 ""Mens Watches"""
978,"""Cartier Tank Solo Watch W5200025"" ""Shop Cartier W5200028 Watches | Northeastern Fine Jewelry"""
979,"""Luminor Marina 1950 3 Days Automatic Titanio - 44mm ""@de – Panerai-Uhr""@de"
980,""" Montre noire & dorée LA670WEGB-1BEF - Casio ""@fr ""TIC TAC""@fr"
981,"""Elementum Terra P/ Black Leather"" ""Suunto Elementum Leather - Mountain Wristwatches Electronic & Orienteering Devices at Barrabes.com"""
982,"""Cartier Calibre de Cartier Diver Watch WSCA0006"" ""Shop WSCA0006 Watches | Northeastern Fine Jewelry"""
983,"""Klokers KLOK-02 Watch KLOK-02-KLINK-02-380C6"" ""Shop Klokers KLOK-02-KLINK-02-380C6 Watches | Costello Jewelry Company"""
984,"""Cronografo T-Sport PRC200 Quartz Gent""@it ""Tissot Cronografo Gent T055.417.11.057.00 - Colombo Gioielleria""@it"
985,"""Bvlgari Tubogas Watch SP35BDSDS.1T"" SP35BSPGD.2T | Dejaun Jewelers"""
986,"""Michele Deco Watch MWW06P000100"" ""Shop Michele MW06T01A1105_MS18AU235009 Watches | Northeastern Fine Jewelry"""
987,"""Daniel Wellington Classic Lady Winchester rose gold""@en-GB gold 10:35 Watch boutique""@en-GB"
988,"""Montre Manifesto Gent Courage noire""@fr noire - Versace Homme | Boutique en Ligne EU""@fr"
989,"""Khaki Field automatic watch""@en ""Hamilton Khaki watch H70555533 nur € 495.00""@en"
990,"""Dior Chiffre Rouge Watch CD084510A001"" CD084610A004 | Dejaun Jewelers"""
991,"""Dior Chiffre Rouge Watch CD084B40R001"" CD084B10M001 | Dejaun Jewelers"""
992,"""Cartier Ronde Louis Cartier Watch WR000551"" ""Shop WR000551 Watches | Northeastern Fine Jewelry"""
993,"""Raymond Weil Toccata Watch 5388-PC5-65001"" ""Shop Raymond 5988-P-97081 Watches | Costello Jewelry Company"""
994,"""Vintage B640WC-5AEF Or Rose - Casio""@fr-fr Casio B640WC-5AEF""@fr-fr"
995,"""Panerai Radiomir 10 Days GMT PAM00323"" PAM00323 Watch | Watchfinder & Co."""
996,""" Maurice Lacroix Men's Aikon Chronograph Watch""@en ""Men's Watch (AI1018-SS001-330-1) - WATCH SHOP.com™""@en"
997,"""Carl F Bucherer Flyback Watch 00.10919.03.13.01"" ""Shop Carl 00.10919.08.93.01 Watches | Costello Jewelry Company"""
998,"""Cartier"" ""CartierCartier Tank Francaise Series Women's Watch W50002N2"""
999,"""Cartier Tank Louis Cartier Watch W1529756"" ""Shop WJTA0014 Watches | Northeastern Fine Jewelry"""
1000,"""Max Bill Quarz Herrenuhr""@de 00 €""@de ""Junghans Max Herrenuhr 041/4462.00 nur 495"
1001,"""Raymond Weil Maestro Watch 2237-STC-20001"" ""Shop Raymond 2238-STC-00659 Watches | Costello Jewelry Company"""
1002,"""Chopard Superfast Watch 161291-5001"" 161291-5001 | Dejaun Jewelers"""
1003,"""Carl F Bucherer Power Reserve Watch 00.10912.08.13.01"" ""Shop Carl 00.10912.08.33.21 Watches | Costello Jewelry Company"""
1004,"""Tradition Damenuhr""@de ""Tissot Tradition Damenuhr T063.210.11.037.00 nur 310 00 €""@de"
1005,"""Mens Aikon Chronograph Watch ""@de ""Maurice Lacroix Schweizer hergestellt luxuriös Uhren - including Pontos Miros Fiaba und Les Classique ranges""@de"
1006,"""Dior Chiffre Rouge Watch CD084850M001"" CD084540R001 | Dejaun Jewelers"""
1007,""" Swatch Men's Chronograph Watch""@en ""Men's Watch (YYS4006AG) - WATCH SHOP.com™""@en"
1008,"""Herren Seiko solar betrieben Uhr SNE329P9""@de"
1009,"""Daniel Wellington Classic Lady Glasgow rose gold""@nl-NL gold 10:35 Horloge boektiek""@nl-NL"
1010,"""Daniel Wellington Classic Man Bristol rose gold""@nl-NL gold | 10:35 Horloge boetiek""@nl-NL"
1011,"""Hamilton AC Jazzmaster Seaview Quartz""@es Quartz - Tomas Colomer""@es"
1012,"""Daniel Wellington - Classic Durham DW00100109 Or rose Cuir marron clair"""
1013,"""Carl F Bucherer Power Reserve Watch 00.10912.08.33.21"" ""Shop Carl 00.10912.08.13.21 | Moyer Fine Jewelers"""
1014,""" Pulsar Men's Chronograph Watch""@en ""Men's Watch (PT3161X1) - WATCH SHOP.com™""@en"
1015,""" DANIEL WELLINGTON Men's Bristol 40mm Watch ""@en ""DANIEL DW00100009 £90.00 - TheWatchSuperstore.com™""@en"
1016,"""Casio EF-539D-1A2VEF Watch"""
1017,"""Cartier Stainless Steel Tank Francaise Medium Model""@en-US - Midsize Watch at London Jewelers""@en-US"
1018,"""Radiomir Ceramica - 45mm ""@it Orologio Panerai""@it"
1019,"""Classic Black Sheffield Silver 36mm""@en ""Daniel Wellington Classic 36mm nur € 135.20""@en"
1020,""" Hamilton Men's Jazzmaster Automatic Chronograph Watch""@en ""Men's Watch (H32616533) - WATCH SHOP.com™""@en"
1021,"""Tissot T048.417.27.057.06 T-Race""@es ""Reloj Tissot T-Sport T-Race Laguardajoiers agente oficial de en Barcelona""@es catálogo"
1022,"""Michele Serein Watch MWW21A000008"" ""Shop Michele MW21A01B0966_MS18EV246710 Watches | Costello Jewelry Company"""
1023,"""The Monopoly Light Gold / Silver Men´s Watch""@en ""Nixon The Watch nur € 129.00""@en"
1024,"""Raymond Weil Tango Watch 5391-STP-00995"" ""Shop Raymond 5391-ST-00995 Watches | Costello Jewelry Company"""
1025,"""Garmin Forerunner 235 Zwart (Blauw, Zwart) - Prijzen ""@NL (Blauw Tweakers""@NL"
1026,"""Seiko SGG731P1 watch"""
1027,""" Casio Ladies' Classic Collection Alarm Chronograph Watch""@en ""Ladies' Watch (LA670WEA-1EF) - WATCH SHOP.com™""@en"
1028,"""Classic Black St Mawes Oro Rosé 36mm""@es ""Daniel Wellington Classic 36mm nur 169 00 €""@es"
1029,""" Mens Sekonda Watch 1350 ""Men's Watches | Designer For Men The Hut"""
1030,"""Klokers KLOK-02 Watch KLOK-02-KLINK-02-380C6"" ""Shop Klokers KLOK-02-KLINK-01-MC5 Watches | Costello Jewelry Company"""
1031,"""Cartier Rotonde De Cartier Watch W1556051"" ""Shop W1556214 Watches | Northeastern Fine Jewelry"""
1032,""" TAG HEUER AQUARACER（競潛系列） Calibre 5 自動上鏈腕錶 300米 - ∅41毫米陶瓷錶圈 WAY211B.FC6363 ""@zh-hant ""TAG Heuer（泰格豪雅） Aquaracer（競潛系列） Automatic Watch 41毫米 | watch price""@zh-hant"
1033,"""Cartier Rotonde De Cartier Watch W1556214"" ""Shop W1556216 Watches | Northeastern Fine Jewelry"""
1034,"""Damen Daniel Wellington Sheffield Rose 36mm Uhr DW00100036""@de"
1035,"""Rolex GMT-Master II 116710"" ""116710LN | Rolex Men's Watch"""
1036,"""Hamilton Traveler GMT H32695731"" ""Traveler GMT"""
1037,""" TAG HEUER CARRERA（卡萊拉系列） Calibre 7兩地時間 自動上鏈腕錶 100米 - ∅41毫米 WAR2012.BA0723 ""@zh-hant ""TAG Heuer（泰格豪雅） Carrera Automatic Watch 41毫米 | watch price""@zh-hant"
1038,""" Women's Metallic The Heart Has Its Reasons Pendant ""@en"
1039,"""Raymond Weil Shine Watch 1600-STP-00995"" ""Shop Raymond 1600-STS-00995 Watches | Costello Jewelry Company"""
1040,"""Herren Hamilton Jazzmaster Automatik Chronograf Uhr H32596751""@de"
1041,"""Cartier Tank Solo ""@en"
1042,"""Daniel Wellington Classic Lady Winchester rose gold""@nl-NL gold | 10:35 Horloge boetiek""@nl-NL"
1043,""" Link and Round Diamond Ring ""@en ""Link | Shane Co.""@en"
1044,"""Alpina Startimer Pilot Automatic Watch AL-725B4S6B"" ""Shop Alpina AL-725B4S6B | Moyer Fine Jewelers"""
1045,"""Parade Hemera Wedding band R2712-R1-BD"" ""Shop Parade R2712-R1-BD bands | Mitchum Jewelers"""
1046,"""Nixon Shutter Ladies Quartz Watch - A2861062""@en"
1047,"""Cartier Tank Francaise W51008Q3"" W51008Q3 Watch | Watchfinder & Co."""
1048,"""Michele Serein Diamond Two-Tone Gold, Bracelet Watch"" ""Dynamic Filter"""
1049,"""Aquaracer Calibre 5 automático 300 M - ∅41 mm Bisel de cerámica esfera negra"""
1050,"""Alpina STARTIMER PILOT BIG DATE CAMOUFLAGE GREY AL-372BGR4S6""@en"
1051,"""Reloj Tissot para Hombre de la colección Couturier""@es Couturier - Tomas Colomer""@es"
1052,"""Orologio Manifesto LOVE blu""@it blu - Versace Donna | Shop Online Italia""@it"
1053,"""Chopard Chronograph Watch 388549-3002"" 388549-3002 | Dejaun Jewelers"""
1054,"""York Różowe złoto Zegarek męski 40mm""@pl 00 €""@pl ""Daniel Wellington York 40mm nur 139"
1055,"""Raymond Weil Toccata Watch 5488-STC-50001"" ""Shop Raymond 5488-SL5-65001 Watches | Costello Jewelry Company"""
1056,"""Damen Michael Kors Parker Chronograf Uhr MK5626""@de"
1057,"""Michele Deco Watch MWW06P000014"" ""Shop Michele MWW06P000100 Watches | Costello Jewelry Company"""
1058,"""Jazzmaster Seaview Day Date Automatikuhr""@de ""Hamilton Jazzmaster Automatikuhr nur 830 00 €""@de"
1059,"""Bvlgari LVCEA Watch LU28C6SSD"" LU28C6SSD | Dejaun Jewelers"""
1060,"""Carl F Bucherer Flyback Watch 00.10919.08.13.01"" ""Shop Carl 00.10919.03.43.01 Watches | Costello Jewelry Company"""
1061,""" Certina Ladies' DS-1 Automatic Watch""@en ""Ladies' Watch (C0062071103100) - WATCH SHOP.com™""@en"
1062,"""Michele Deco Mid Watch MWW06V000003"" ""Shop Michele MW06V00A0029_MS16DM235009 Watches | Costello Jewelry Company"""
1063,"""Max Bill Damenuhr""@de ""Junghans Max Damenuhr 047/4541.00 nur 495 00 €""@de"
1064,"""Chopard Superfast Watch 161291-5001"" 168523-3001 | Dejaun Jewelers"""
1065,"""Classic Black Cornwall Rosegold 40mm""@de ""Daniel Wellington Classic 40mm nur 159 00 €""@de"
1066,"""Carl F Bucherer T-Graph Watch 00.10615.08.33.21"" ""Shop Carl 00.10615.08.13.21 | Moyer Fine Jewelers"""
1067,"""Herren Raymond Weil Toccata Uhr 5488-STC-50001""@de"
1068,"""Daniel Wellington Classic Man Sheffield silver""@nl-NL silver | 10:35 Horloge boetiek""@nl-NL"
1069,"""Michele Deco Mid, Diamond Dial Watch"" ""Dynamic Filter"""
1070,"""Bvlgari B.Zero1 Watch BZ23WSGCL 12"" BZ23BSGCC 12.M | Dejaun Jewelers"""
1071,"""Max Bill Zegarek damski""@pl 00 €""@pl ""Junghans Max damski 047/4541.00 nur 495"
1072,"""Michele Deco Mid Gold, Diamond Dial Watch"" ""Deco Mid"""
1073,"""Longines Conquest Watch L3.277.4.76.6"" ""Shop Longines L3.700.4.56.6 Watches | Northeastern Fine Jewelry"""
1074,"""Cartier"", ""CartierCartier Roadster Series Men's Watch W62041V3"""
1075,"""Cantilever Scope Rings - Cantilever Ring 30mm Offset Absolute Co-Witness""@en-us"
1076,"""Chronograf męski PRS200""@pl 00 €""@pl ""Tissot Chronograf PRS200 T067.417.22.031.01 nur 560"
1077,"""Cartier"", ""CartierCartier Classic Santos Series Men's Watch W20098D6"""
1078,"""Mens Ambit 3 Peak Bluetooth GPS Chronograph Watch ""@de ""Herren Gadget Uhren""@de"
1079,"""Michele Serein Mid Watch MW21B01D2963_MS16DH315750"" ""Shop Michele MW21B00A0106_MS16DH235009 Watches | Northeastern Fine Jewelry"""
1080,""" Casio Men's Edifice Time Traveller Bluetooth Hybrid Smartwatch Alarm Chronograph Watch""@en ""Men's Watch (EQB-500DB-2AER) - WATCH SHOP.com™""@en"
1081,"""Cartier Tank MC Watch W5330007"" ""Shop Cartier W5330005 Watches | Northeastern Fine Jewelry"""
1082,"""Raymond Weil Toccata Watch 5388-PC5-65001"" ""Shop Raymond 5488-ST-00300 Watches | Costello Jewelry Company"""
1083,"""Bvlgari B.Zero1 Watch BZ23WSGCL 12"" BZ23WSGS 12.M | Dejaun Jewelers"""
1084,"""JAZZMASTER AUTO CHRONO""@es CHRONO - Tomas Colomer""@es"
1085,"""Mens Watch ""@de ""Marea Uhren online bestellen | DE Shop™""@de"
1086,"""Core All Black"" ""Suunto Core Black - Relojes de Montaña Electrónica y Orientación en Barrabes.com"""
1087,"""Mr. Daddy 2.0 Reloj para hombre""@es ""Diesel Mr. hombre DZ7350 nur 349 00 €""@es"
1088,"""Carl F Bucherer Power Reserve Watch 00.10912.08.33.21"" ""Shop Carl 00.10912.08.33.21 Watches | Costello Jewelry Company"""
1089,"""Solar Men´s Chronograph""@en ""Seiko Solar Chronograph SSC437P1 nur € 239.00""@en"
1090,"""Cartier Roadster W62025V3"" ""W62025V3 | Cartier AuthenticWatches.com"""
1091,"""Montre Palazzo Empire rouge""@fr rouge - Versace Femme | Boutique en Ligne EU""@fr"
1092,"""Joma Champion III LS Jersey - White/Royal""@en "" Joma Mens Football Teamwear White/Royal ""@en"
1093,""" ZIIIRO MERCURY CHROME OCEAN ""@fr-fr, TOKYOFLASH KISAI SPIDER... ""CASIO A500WEA-1EF WORLD TIME SILVER""@fr-fr, CELESTE COLORED SATURN MR JONES CYCLOPS SUMMER NIGHT BLADE DARK... ECLIPSE ROSE GOLD SUN AND MOON COUNT DOWN CLOCK BLACK NIGHT... ROSEGOLD PURPLE GUNMETAL MINT MONO MARU... DAWN WEST DUSK LEMON THE LAST LAUGH /... SPACE... SATELLITE ADJUST... TRAVELLER LAUGH... ALL GOLD... AVERAGE DAYS GUNMETAL... ""@fr-fr SILVER - Chez maman""@fr-fr"
1094,"""Bvlgari Bvlgari Soltempo Watch BB39WSPGD"" BB39WSSD | Dejaun Jewelers"""
1095,"""Damen Raymond Weil Tango Diamant Uhr 5391-ST-00995""@de"
1096,"""Zegarek automatyczny Jazzmaster Traveler 2 GMT""@pl 00 €""@pl ""Hamilton Zegarek GMT nur 895"
1097,""" Mens Casio G-Shock Alarm Chronograph Watch GA-800-1AER ""Sale | The Hut"""
1098,""" Hamilton Men's Jazzmaster Maestro Automatic Chronograph Watch""@en ""Men's Watch (H32766513) - WATCH SHOP.com™""@en"
1099,"""Cartier Santos 100 Watch W20126X8"" ""Shop Cartier W20126X8 Watches | Northeastern Fine Jewelry"""
1100,"""Tissot PRC 200 Automatic T055.430.11.057.00 Powermatic 80""@es catálogo oficial Laguardajoiers distribuidor de Tissot en Barcelona""@es ""Reloj T-Sport 80"
1101,"""Mens Visodate Automatic Watch ""@de ""Tissot T-klassisch Uhren | Official TISSOT Stockist""@de"
1102,"""Astron GPS Słoneczna energia Dual Time""@pl 00 €""@pl ""Seiko Astron Time nur 1.955"
1103,"""Diesel 'mr. Daddy 2.0' Chronograph Watch ""@en "" Men's Metallic Diesel 'little Daddy' Bracelet"
1104,"""Chopard Grand Prix De Monaco Watch 158569-3001"" 168569-9001 | Dejaun Jewelers"""
1105,"""Raymond Weil Toccata Watch 5488-ST-50001"" ""Shop Raymond 5588-ST-20001 Watches | Costello Jewelry Company"""
1106,"""Daniel Wellington Classic Lady Black Reading silver""@en-GB silver 10:35 Watch boutique""@en-GB"
1107,"""PT6388-SS001-430-1 - Maurice Lacroix Pontos Chronograph""@en Watch Chrono. Watches in barcelona catalog with prices.""@en"
1108,"""G-Shock Herrenuhr""@de ""Casio G-Shock Herrenuhr GA-800-1AER nur 129 00 €""@de"
1109,"""Bvlgari LVCEA Watch LU28C6SSD"" LU33WSSD 11 | Dejaun Jewelers"""
1110,"""Air Jordan 9 Retro “Slim Jenkins” For Sale""@en-US Sale – Hoop Jordan""@en-US"
1111,"""Longines Conquest Watch L3.277.4.76.6"" ""Shop Longines L3.277.4.76.6 Watches | Northeastern Fine Jewelry"""
1112,"""Cartier"", ""CartierCartier Tank Series Men's Watch W1529756"""
1113,"""Glasgow Silver Zegarek damski 36mm""@pl 20 €""@pl ""Daniel Wellington Glasgow 36mm nur 111"
1114,"""PYLE - Sports Watch Silver""@en-US"
1115,"""Edifice Herrenuhr Solar Bluetooth""@de ""Casio Edifice Bluetooth EQB-500DB-2AER nur 329 00 €""@de"
1116,"""Raymond Weil Maestro Watch 2238-ST-00659"" ""Shop Raymond 2227-ST-00659 Watches | Costello Jewelry Company"""
1117,"""Omega Speedmaster 311.92.44.51.01.003"""
1118,""" Interchangeable bracelet Two-tone 8 diamonds ""@en-US ""Shine - Gold Steel Diamond White Pearl Satin Watch Raymond Weil""@en-US"
1119,"""Mens Maestro Beatles Limited Edition Automatic Watch ""@de ""Luxusuhren vieler Qualitätsmarken online | DE Shop™""@de"
1120,"""Daniel Wellington Classic Lady Reading rose gold""@nl-NL gold | 10:35 Horloge boetiek""@nl-NL"
1121,"""Glasgow Rosegold Herrenuhr 40mm""@de ""Daniel Wellington Glasgow 40mm nur 119 00 €""@de"
1122,"""Herren Tissot T-Touch II Titan Wecker Chronograf Uhr T0474204720701""@de"
1123,""" Mens 88 Rue Du Rhone Chronograph Watch 87WA164501 ""Sale | The Hut"""
1124,"""Raymond Weil Freelancer Watch 7740-SC1-65221"" ""Shop Raymond 2754-SR-05200 Watches | Costello Jewelry Company"""
1125,""" Tissot Men's T-Touch Expert Titanium Alarm Chronograph Watch""@en ""Men's Watch (T0134204720200) - WATCH SHOP.com™""@en"
1126,"""Raymond Weil Tango ""@en"
1127,"""Mens Ambit 3 Peak HR Bluetooth GPS Chronograph Watch ""@de ""GPS Uhren | Official Stockist for Uhren""@de"
1128,"""Casio CA-506G-9AEF""@bg CA-506G-9AEF | Data Bank Stotak.com""@bg"
1129,"""Bvlgari Bvlgari Watch BBL37C11SPG 12"" BBL33WSS 12 | Dejaun Jewelers"""
1130,"""Polar V800 Horloge - Zwart/Zilver""@nl "" Accessoires Polar Zwart-Zilver Sport Horloges- 92052229 ""@nl"
1131,"""Montre Palazzo Empire rouge""@fr rouge - Versace Femme | Boutique en Ligne France""@fr"
1132,"""Max Bill Reloj para mujer""@es ""Junghans Max mujer 047/4659.00 nur 495 00 €""@es"
1133,"""Unisex Daniel Wellington klassisch Schwarz Reading Uhr 36mm DW00100141""@de"
1134,"""Mikimoto Necklaces Necklace PPS1102NDW"" ""Shop Mikimoto MPA10025ADXW | Northeastern Fine Jewelry"""
1135,"""Carl F Bucherer Power Reserve Watch 00.10912.08.13.01"" ""Shop Carl 00.10912.08.33.01 | Moyer Fine Jewelers"""
1136,"""Communion 01 Size 4 SS""@en-US ""Rosary Centers -- The Rosary Shop""@en-US"
1137,"""Ladies´ Watch Triest Small""@en ""Bruno Söhnle Ladies´ Small 17-23183-242 nur € 376.00""@en"
1138,"""Cartier"", ""CartierCartier Ronde Louis Unisex Gold Watch WR000251"""
1139,"""26-Gauge Silver Floral Paddle Wire: 95 yards""@en "" 26-Gauge Wire - yards ""@en"
1140,"""Nicoline Ladies´ Watch""@en ""Skagen Nicoline Watch SKW2075 nur € 139.00""@en"
1141,"""Michele Deco Mid Diamond Gold Watch"" ""Dynamic Filter"""
1142,""" Maurice Lacroix Men's Pontos Automatic Chronograph Watch""@en ""Men's Watch (PT6388-SS001-430-1) - WATCH SHOP.com™""@en"
1143,"""Eco-Drive Reloj para hombre""@es ""Citizen Eco-Drive hombre AW1360-04E nur 139 00 €""@es"
1144,"""Daniel Wellington Classic Man Black Cornwall rose gold""@nl-NL gold | 10:35 Horloge boetiek""@nl-NL"
1145,"""Mens G-SHOCK wereldtijd witte hars Strap Watch"""
1146,""" Casio Men's Edifice Time Traveller Bluetooth Hybrid Smartwatch Alarm Chronograph Watch""@en ""Men's Watch (EQB-500D-1AER) - WATCH SHOP.com™""@en"
1147,"""Raymond Weil Toccata Watch 5988-P-97081"" ""Shop Raymond 5388-SPS-97081 Watches | Costello Jewelry Company"""
1148,"""Dior Montaigne Watch CD151111M001"" CD152110A005 | Dejaun Jewelers"""
1149,"""Seiko SRP639K1 Prospex Sea watch"""
1150,"""ArtCarved Contemporary Wedding Band 11-WV7365W-G"" ""Shop ArtCarved 11-WV04U85-G bands | Northeastern Fine Jewelry"""
1151,"""Raymond Weil Toccata Watch 5988-ST-00300"" ""Shop Raymond 5388-PC5-65001 Watches | Costello Jewelry Company"""
1152,""" Mens Nixon The Crew Watch A1186-2761 ""New arrivals | Shop New Hut"""
1153,"""Alpina Pilot Quartz Chronograph Watch AL-372LBBG4FBV6"" ""Shop Alpina AL-372B4FBS6 | Moyer Fine Jewelers"""
1154,"""Daniel Wellington Classic Man Black York silver""@nl-NL silver 10:35 Horloge boektiek""@nl-NL"
1155,""" DANİEL WELLİNGTON DW00100127 Kol Saati ""@tr ""Daniel Wellington En Ucuz Fiyat""@tr"
1156,"""Radiomir 1940 3 Days Acciaio - 47mm ""@de – Panerai-Uhr""@de"
1157,""" Ladies Karl Lagerfeld Joleigh Watch KL3409 ""New arrivals | Shop New The Hut"""
1158,"""Casio EF-125D-1AVEF Watch"""
1159,"""Longines Conquest Watch L3.700.4.96.6"" ""Shop Longines L3.687.4.76.6 Watches | Northeastern Fine Jewelry"""
1160,"""Casio BLX-100-7ER""@bg BLX-100-7ER | Baby-G Stotak.com""@bg"
1161,"""TAG Heuer Formula 1 Diamonds 32 mm"""
1162,"""Darice Paddle Wire 26 Gauge Bare 110 ft. 1""@en "" Darice -- CreateForLess ""@en"
1163,"""Longines Conquest Watch L3.700.4.96.6"" ""Shop Longines L3.697.4.96.6 Watches | Northeastern Fine Jewelry"""
1164,"""Carl F Bucherer Power Reserve Watch 00.10912.08.33.21"" ""Shop Carl 00.10912.08.33.01 | Moyer Fine Jewelers"""
1165,"""Michele Serein Mid MWW21B000009"" ""Serein Mid"""
1166,"""Dapper Durham Rose Gold 38mm""@en ""Daniel Wellington Dapper 38mm nur € 179.00""@en"
1167,"""Reloj para hombre Hagen""@es ""Skagen Reloj Hagen SKW6216 nur 151 20 €""@es"
1168,"""Daniel Wellington Classic Man Black Cornwall silver""@nl-NL silver | 10:35 Horloge boetiek""@nl-NL"
1169,"""Ladies SLIM RUNWAY Watch ""@de ""Michael Kors Alle Products""@de"
1170,"""Bartlettyarns Maine Wool Yarn color 2300""@en Yarn""@en"
1171,"""Panerai Radiomir Watch PAM00388"" ""Shop Panerai PAM00346 Watches | Northeastern Fine Jewelry"""
1172,"""Classic Black Reading Silver 36mm""@pl ""Daniel Wellington Classic 36mm nur 169 00 €""@pl"
1173,"""Carl F Bucherer T-Graph Watch 00.10615.08.33.21"" ""Shop Carl 00.10615.08.33.01 Watches | Costello Jewelry Company"""
1174,"""Omega Speedmaster Watch 311.92.44.51.01.003"" ""Speedmaster"""
1175,"""Cartier Ronde Louis Cartier Watch WR000551"" ""Shop W6800151 Watches | Northeastern Fine Jewelry"""
1176,"""Michele Deco Watch MWW06P000171"" ""Shop Michele MW06T01A1105_MS18AU235009 Watches | Northeastern Fine Jewelry"""
1177,"""Cartier Calibre De Cartier Diver Watch W2CA0009"" ""Shop W7100055 Watches | Northeastern Fine Jewelry"""
1178,"""Raymond Weil Tango Watch 8160-ST-00608"" ""Shop Raymond 8160-ST-00608 Watches | Costello Jewelry Company"""
1179,"""The Facet 38 All Silver""@de 00 €""@de ""Nixon The Silver A4091920 nur 129"
1180,"""Alpina Pilot Quartz Chronograph Watch AL-372LBO4V6"" ""Shop Alpina AL-372LBBG4FBV6 | Moyer Fine Jewelers"""
1181,"""The Kensington Leather Rose Gold/White Damenuhr""@de ""Nixon The Damenuhr nur 129 00 €""@de"
1182,"""Freja Zegarek damski""@pl 00 €""@pl ""Skagen Freja damski 358SSSD nur 119"
1183,""" Mens Skagen Holst Watch SKW6285 ""Sale | The Hut"""
1184,"""Cartier Ronde Croisière De Cartier Watch WSRN0002"" ""Shop W2RN0005 Watches | Northeastern Fine Jewelry"""
1185,"""Bvlgari LVCEA Watch LU33C6SSPGD"" LU28C6SSPGD | Dejaun Jewelers"""
1186,"""Solar Herrenuhr""@de ""Seiko Solar Herrenuhr SNE031P1 nur 159 00 €""@de"
1187,"""Elementum Terra - Black Leather ""@fr ""Montre outdoor elementum terra black leather suunto noir et blanc à partir de 445 00 €""@fr"
1188,"""Omega Constellation 1510.30.00"" 1510.30.00 Watch | Watchfinder & Co."""
1189,""" Mens Skagen Signatur Regulator Watch SKW6390 ""New arrivals | Shop New The Hut"""
1190,"""Chopard 168997-3001 Mille Miglia Gran Turismo XL Watch""@en Watches From SwissLuxury""@en"
1191,"""V8 Men´s Chronograph""@en ""Tissot V8 Chronograph T106.417.11.042.00 nur € 440.00""@en"
1192,"""Cartier Santos W20018D6"" W20018D6 Watch | Watchfinder & Co."""
1193,"""Longines Conquest Watch L3.277.4.76.6"" ""Shop Longines L3.687.4.56.6 Watches | Northeastern Fine Jewelry"""
1194,"""Panerai 2013 Watch PAM00446"" ""Shop Panerai PAM00508 Watches | Northeastern Fine Jewelry"""
1195,"""Daniel Wellington Classic Lady St Mawes rose gold""@nl-NL gold 10:35 Horloge boektiek""@nl-NL"
1196,"""Raymond Weil Toccata Watch 5488-STC-50001"" ""Shop Raymond 5588-STC-20001 Watches | Costello Jewelry Company"""
1197,"""4 Piece Stainless Steel Copper Bowls with Silicone Base and Lids""@en"
1198,"""Bvlgari LVCEA Watch LU36C6SSPGD"" LU33C6SSD | Dejaun Jewelers"""
1199,"""Bvlgari Bvlgari Watch BBL26WSSD"" BBL33WSDS 12 | Dejaun Jewelers"""
1200,"""Orologio rosa Michael Kors MK3192""@it Rosa Mk3192 - Russo Gioielli""@it"
1201,"""Zegarek na mechanizm ręczny Max Bill""@pl 00 €""@pl ""Junghans Zegarek Bill nur 675"
1202,""" Polar Unisex A300 Bluetooth Activity Tracker Pink Chronograph Watch""@en ""Unisex Watch (90054239) - WATCH SHOP.com™""@en"
1203,""" Ben Sherman London Men's Watch""@en ""Men's Watch (WB060GSM) - WATCH SHOP.com™""@en"
1204,"""Seiko Astron SSE101J1 Cronógrafo GPS Solar""@es precios y catálogo oficiales de relojes Seiko""@es ""Reloj Seiko Solar Reloj Chrono"
1205,"""Raymond Weil Toccata Watch 5988-ST-00300"" ""Shop Raymond 5388-ST-50081 Watches | Costello Jewelry Company"""
1206,"""Damen Daniel Wellington Bristol Rose 36mm Uhr DW00100039""@de"
1207,"""Herren Daniel Wellington Glasgow 40mm Uhr DW00100004""@de"
1208,"""Michael Kors MK3192 Darci watch"""
1209,"""Seiko Automatik SKX007 / SKX007K1 Scuba Diver's""@de"
1210,"""Meister Pilot Zegarek automatyczny""@pl 00 €""@pl ""Junghans Meister automatyczny nur 2.240"
1211,"""Herren Junghans Meister Chronoscope Automatik Chronograf Uhr 027/4324.44""@de"
1212,"""Bvlgari Tubogas Watch SP35BDSDS.1T"" SP35C7SDS.1T | Dejaun Jewelers"""
1213,""" Garmin Forerunner 225 GPS Running Watch with Wrist-based Heart Rate ""Garmin | All Fitness Gadgets"""
1214,"""Cartier Tortue Watch WA501012"" ""Shop Cartier WA501009 Watches | Northeastern Fine Jewelry"""
1215,"""Herren Hamilton Jazzmaster Automatik Chronograf Uhr H32616533""@de"
1216,"""Watch T41.1.483.53 Tissot Le Locle Automatic""@en Automatic official catalog Laguardajoiers dealer of in Barcelona""@en"
1217,"""Chopard Superfast Watch 161291-5001"" 168542-3001 | Dejaun Jewelers"""
1218,"""Cartier"" ""CartierCartier Santos Dumont 18kt Rose Gold Ladies Watch W2009251"""
1219,"""Daniel Wellington Classic Lady Sheffield rose gold""@en-GB gold 10:35 Watch boutique""@en-GB"
1220,"""Maurice Lacroix Les Classiques Watch LC1087-SD501-160"" ""Shop Maurice LC1087-SD502-160 Watches | Costello Jewelry Company"""
1221,"""Michele Serein Mid Watch MWW21B000030"" ""Shop Michele MWW21B000009 Watches | Northeastern Fine Jewelry"""
1222,"""Hamilton American Classic JazzMaster Traveler GMT 2 Mens Watch""@en Watch - H32625555""@en"
1223,"""Jazzmaster Open Heart Automatic Watch""@en ""Hamilton Jazzmaster Watch nur € 725.00""@en"
1224,""" Boucles d’oreilles New Color en argent avec quartzite ""@fr ""Boucles - Tous""@fr"
1225,"""Fitbit - Surge Fitness Watch (Large) Blue""@en-US"
1226,""" Unisex Junghans Max Bill Watch 047/4657.00 ""Luxury Mens Watches"""
1227,"""Carl F Bucherer ChronoDate Watch 00.10624.08.53.01"" ""Shop Carl 00.10624.08.53.01 Watches | Costello Jewelry Company"""
1228,"""Tissot T091.420.47.057.00 T-Touch Expert Solar""@es ""Reloj Tissot Solar catálogo oficial Laguardajoiers distribuidor de en Barcelona""@es"
1229,"""Hamilton American Classic Valiant Auto Watch H39415654"" H39515734"""
1230,"""SUUNTO M2 MEN LIME""@de LIME - HERZFREQUENZMESSER Suunto Farbe SS020647000 Der Online-Shop für deine Sportbekleidung""@de"
1231,"""Cartier"" ""CartierCartier Must 21 Series Men's Watch W10125U2"""
1232,"""Carrera Calibre 5 DAY-DATE AUTO 41 MM"""
1233,"""Seiko SUN021P1 Prospex Kinetic GMT Diver's 200m""@es ""Reloj Seiko GMT""@es"
1234,""" Daniel Wellington Men's Classic 40mm Durham Watch""@en ""Men's Watch (DW00100109) - WATCH SHOP.com™""@en"
1235,"""Dior Montaigne Watch CD153512M001"" CD153512M001 | Dejaun Jewelers"""
1236,"""G-Shock Gents Black & Red Analogue Digital Display Watch"""
1237,"""Raymond Weil Maestro Watch 2237-ST-20001"" ""Shop Raymond 2227-ST-00659 Watches | Costello Jewelry Company"""
1238,"""Cartier Calibre De Cartier Diver Watch WSCA0006"" ""Shop W2CA0004 Watches | Northeastern Fine Jewelry"""
1239,"""Maurice Lacroix Les Classiques Watch LC6098-SS001-120-1"" ""Shop Maurice LC6158-SS001-130-1 Watches | Costello Jewelry Company"""
1240,"""Ladies Nicoline Watch ""@de ""Skagen Uhren und Schmuck | Official SKAGEN Stockist""@de"
1241,"""Carl F Bucherer T-Graph Watch 00.10615.03.33.21"" ""Shop Carl 00.10615.03.33.12 | Moyer Fine Jewelers"""
1242,"""DARKONY""@en "" Swatch® Malaysia - XLITE (Ø 41 45 MM) DARKONY YYS4006AG ""@en"
1243,"""Herren Daniel Wellington Sheffield 40mm Uhr DW00100007""@de"
1244,"""Radiomir 8 Days Titanio - 45mm ""@de – Panerai-Uhr""@de"
1245,"""Alpina Automatic 4 Watch AL-525SS5AQ6"" ""Shop Alpina AL-525BS5AQ6 | Moyer Fine Jewelers"""
1246,""" Casio Men's G-Steel Alarm Chronograph Watch""@en ""Men's Watch (GST-W100G-1BER) - WATCH SHOP.com™""@en"
1247,"""Montre Daniel Wellington, Classic Saint Andrews""@fr Wellington Andrews - W0507DW""@fr"
1248,"""Michele Serein Mid Watch MW21B01D2963_MS16DH315750"" ""Shop Michele MW21B01B4099_MS16DH267715 Watches | Northeastern Fine Jewelry"""
1249,"""Charles Krypell Sterling Silver Necklace 4-6880-SGCIRCLE"" ""Shop Charles 4-6992-FFSG Necklaces | Northeastern Fine Jewelry"""
1250,"""Cambridge Silver Men´s Watch 40mm""@en ""Daniel Wellington Cambridge 40mm nur € 159.00""@en"
1251,"""Michele Deco Mid MW06V00A0029_MS16DM235009"""
1252,"""Dior Montaigne Watch CD153512M001"" CD153572A001 | Dejaun Jewelers"""
1253,"""Prospex Diver´s Revival Automatikuhr""@de 00 €""@de ""Seiko Prospex Automatikuhr SRP777K1 nur 399"
1254,"""Męskie-Zegarek automatyczny""@pl 00 €""@pl ""Seiko Męskie-Zegarek automatyczny SRP705K1 nur 279"
1255,"""Mens g-schok zwarte chronograaf horloge"""
1256,"""Carl F Bucherer TravelTec Watch 00.10620.08.53.01"" ""Shop Carl 00.10620.03.33.01 | Moyer Fine Jewelers"""
1257,"""Cartier Santos-Dumont Watch W2009251"" ""Shop Cartier WH100351 Watches | Northeastern Fine Jewelry"""
1258,"""Chopard Grand Prix De Monaco Watch 168570-9001"" 168568-3001 | Dejaun Jewelers"""
1259,"""Men´s Necklace""@en ""Emporio Armani Men´s Necklace EGS1601 nur € 129.00""@en"
1260,"""Raymond Weil Maestro Watch 2237-ST-BEAT1"" ""Shop Raymond 2237-ST-BEAT2 Watches | Costello Jewelry Company"""
1261,"""Alpina Diver 300 Automatic Watch AL-525LBG4V6B"" ""Shop Alpina AL-525LBN4V6 | Moyer Fine Jewelers"""
1262,"""Michele Deco Watch MWW06P000171"" ""Shop Michele MWW06P000016 Watches | Costello Jewelry Company"""
1263,""" TAG HEUER CARRERA Calibre 8 GMT Automatic Watch 100 M - ∅41 mm WAR5010.BA0723 ""@en-us ""TAG Heuer Carrera 41 | watch price""@en-us"
1264,"""Suunto - Spartan Sport Wrist HR Baro GPS Heart Rate Monitor Watch Amber""@en-US"
1265,"""American Standard - R890""@en"
1266,"""Charles Krypell Sterling Silver Necklace 4-6880-SGCIRCLE"" ""Shop Charles 4-6973-ILS Necklaces | Northeastern Fine Jewelry"""
1267,"""Suunto M5 Black/Lime Multi-Sport Exercise Watch SS019863000 ""@en | Dutyfreeislandshop.com""@en"
1268,"""Ambit 3 Peak Black"" ""Suunto Ambit Black - Relojes de Montaña Electrónica y Orientación en Barrabes.com"""
1269,"""Mens Engineer Hydrocarbon NEDU Chronometer Titanium Automatic Chronograph Watch ""@de ""Chronometer COSC Rated mechanisch Uhren""@de"
1270,"""BEST SELLER TAG HEUER CARRERA Calibre 5 Day-Date Relógio Automático 100 M - ∅41 mm WAR201A.BA0723 ""@pt ""TAG Heuer Carrera Automatic Watch 41 | watch price""@pt"
1271,""" Seiko Quartz SGG731P1 watch ""Seiko - SGG731P1"""
1272,"""Handaufzug Max Bill""@de ""Junghans Handaufzug Bill 027/5703.00 nur 675 00 €""@de"
1273,"""Tag Heuer Formula 1 Sparkling WAH1315.BA0868"" WAH1315.BA0868 Watch | Watchfinder & Co."""
1274,"""Meister Pilot Reloj automático""@es ""Junghans Meister automático 027/3591.00 nur 2.240 00 €""@es"
1275,"""Damen Nixon The Kensington Leder Uhr A108-1045""@de"
1276,"""Panerai 2013 Watch PAM00446"" ""Shop Panerai PAM00538 Watches | Northeastern Fine Jewelry"""
1277,"""Radiomir Ceramica - 45 mm ""@de – Panerai-Uhr""@de"
1278,"""Omega De Ville 424.13.40.20.02.001"" ""De Ville"""
1279,"""Alpina Startimer Pilot Automatic Watch AL-525G4TS6"" ""Shop Alpina AL-525S4S6 | Moyer Fine Jewelers"""
1280,"""Cartier Tortue Watch WA501012"" ""Shop Cartier WA501012 Watches | Northeastern Fine Jewelry"""
1281,"""Raymond Weil Freelancer Watch 7754-TIC-05209"" ""Shop Raymond 2715-BKC-20021 Watches | Costello Jewelry Company"""
1282,"""Dior Montaigne Watch CD153512M001"" CD152110M002 | Dejaun Jewelers"""
1283,"""Dior Chiffre Rouge Watch CD084C10A002"" CD084B40R001 | Dejaun Jewelers"""
1284,"""Longines Conquest Watch L3.697.4.76.6"" ""Shop Longines L3.687.4.76.6 Watches | Northeastern Fine Jewelry"""
1285,""" Junghans Men's Max Bill Automatic Watch""@en ""Men's Watch (027/4700.00) - WATCH SHOP.com™""@en"
1286,"""PANERAI RADIOMIR 8 DAYS 45MM PAM00346""@en-US PAM00346 • Mall of the Watch""@en-US"
1287,"""Michele Deco Mid Watch MWW06V000002"" ""Shop Michele MWW06V000003 Watches | Northeastern Fine Jewelry"""
1288,"""Daniel Wellington Classic Man Durham rose gold""@en-GB gold 10:35 Watch boutique""@en-GB"
1289,"""Mens G-shock radio gecontroleerde zonne-kompas zwart horloge"""
1290,"""Freja Reloj para mujer""@es ""Skagen Freja mujer 358SSSD nur 119 00 €""@es"
1291,"""Bvlgari Tubogas Watch SP35BDSDS.2T"" SPP35D1SPG.5T | Dejaun Jewelers"""
1292,"""Cartier Tank MC Watch W5330007"" ""Shop Cartier WSTA0010 Watches | Northeastern Fine Jewelry"""
1293,"""Raymond Weil Freelancer Watch 2740-ST-20021"" ""Shop Raymond 2760-ST1-20001 Watches | Costello Jewelry Company"""
1294,"""Alpina Pilot Quartz Chronograph Watch AL-372BGR4S6"" ""Shop Alpina AL-372B4FBS6 | Moyer Fine Jewelers"""
1295,"""Cartier Drive De Cartier Watch WGNM0006"" ""Shop WGNM0003 Watches | Northeastern Fine Jewelry"""
1296,"""Cartier Drive De Cartier Watch WGNM0006"" ""Shop WSNM0004 Watches | Northeastern Fine Jewelry"""
1297,""" Daniel Wellington Men's Dapper 38mm Reading Watch""@en ""Men's Watch (DW00100107) - WATCH SHOP.com™""@en"
1298,"""Montre Daniel Wellington, Canterbury unisexe""@fr Wellington unisexe - W0502DW""@fr"
1299,"""Maurice Lacroix Les Classiques Watch LC6027-SS001-121"" ""Shop Maurice LC6098-SS001-121-1 Watches | Costello Jewelry Company"""
1300,"""Daniel Wellington Classic Man York rose gold""@en-GB gold 10:35 Watch boutique""@en-GB"
1301,""" Casio Men's G-Shock Mudman Alarm Chronograph Watch""@en ""Men's Watch (G-9300-1ER) - WATCH SHOP.com™""@en"
1302,"""Diver Automatik Taucheruhr""@de ""Seiko Diver Taucheruhr SKX007K1 nur 279 00 €""@de"
1303,"""Glasgow Różowe złoto Zegarek damski 36mm""@pl 00 €""@pl ""Daniel Wellington Glasgow 36mm nur 139"
1304,"""Montre Hamilton - Khaki Field Officer Handwinding""@fr"
1305,"""Nickelodeon Boys' Teenage Mutant Ninja Turtles Flashing Watch"""
1306,"""Casio EF-539D-1A2VEF""@bg EF-539D-1A2VEF | Edifice Stotak.com""@bg"
1307,"""Carl F Bucherer ScubaTec Watch 00.10632.23.53.01"" ""Shop Carl 00.10632.24.23.01 Watches | Costello Jewelry Company"""
1308,"""Cartier Tank Française Watch W51028Q3"" ""Shop Cartier W51005Q4 Watches | Northeastern Fine Jewelry"""
1309,"""Raymond Weil Maestro Watch 2237-ST-20001"" ""Shop Raymond 2237-PC-00659 Watches | Costello Jewelry Company"""
1310,"""Herren Hamilton Jazzmaster Maestro Automatik Chronograf Uhr H32766513""@de"
1311,"""Cartier Must 21 W10125U2"" W10125U2 Watch | Watchfinder & Co."""
1312,""" GUCCİ YA1264018 Bayan Kol Saati ""@tr ""Gucci En Ucuz Fiyat""@tr"
1313,"""Garmin XL Vivoactive HR - Black"" Black BurrowsGPS.co.uk"""
1314,"""Daniel Wellington Classic Lady Southampton rose gold""@nl-NL gold | 10:35 Horloge boetiek""@nl-NL"
1315,"""Mens Dreyfuss Co 1953 Chronograph Watch DGS00032/04"""
1316,"""Michele Serein Mid Watch MWW21B000030"" ""Shop Michele MWW21B000032 Watches | Costello Jewelry Company"""
1317,"""TAG Heuer CALIBRE HEUER 01 CRONÓGRAFO"""
1318,"""Tissot T-One T038.430.11.037.00"" ""T-One T038.430.11.037.00 Tissot - Silver Dial Bracelet Mens Auto Watch"""
1319,""" Junghans Men's Meister Driver Chronoscope Automatic Chronograph Watch""@en ""Men's Watch (027/3684.00) - WATCH SHOP.com™""@en"
1320,"""Carl F Bucherer T-Graph Watch 00.10615.08.33.21"" ""Shop Carl 00.10615.03.13.21 | Moyer Fine Jewelers"""
1321,"""Cartier Ronde Louis Cartier Watch W6801005"" ""Shop W6801005 Watches | Northeastern Fine Jewelry"""
1322,"""Cartier Ronde Louis Cartier Watch W6800151"" ""Shop WR000251 Watches | Northeastern Fine Jewelry"""
1323,"""Carl F Bucherer Flyback Watch 00.10919.08.13.01"" ""Shop Carl 00.10919.08.93.01 | Moyer Fine Jewelers"""
1324,""" Mens Maurice Lacroix Aikon Chronograph Watch AI1018-PVY11-132-1 ""Men's Watches | Designer For Men The Hut"""
1325,"""Daniel Wellington Classic Lady Sheffield rose gold""@nl-NL gold | 10:35 Horloge boetiek""@nl-NL"
1326,""" Montre Plate Round en Acier avec bracelet Cuir noir ""@fr ""Plate Round""@fr"
1327,"""Chopard Superfast Watch 161291-5001"" 168535-3002 | Dejaun Jewelers"""
1328,"""Cartier Drive De Cartier Watch W4100013"" ""Shop WSNM0005 Watches | Northeastern Fine Jewelry"""
1329,"""Unisex Collection Alarm Chronograph Watch ""@de G-Shock | DE Shop™""@de ""Casio Uhr online finden Edifice"
1330,"""Erdbeeren""@de ""Trollbeads | Erdbeeren - Trollbeads.com ""@de"
1331,"""Raymond Weil Freelancer Watch 7754-TIC-05209"" ""Shop Raymond 2740-STP-65021 Watches | Costello Jewelry Company"""
1332,"""Casio ECW-M300EDB-1AER""@bg ECW-M300EDB-1AER | Edifice Stotak.com""@bg"
1333,"""TissotTissot Swiss Made Wrist Watch T047.420.47.207.01 44mm"", ""Tissot"""
1334,"""Maurice Lacroix Eliros Watch EL1094-SS002-110-1"" ""Shop Maurice EL1094-SS001-311-1 Watches | Costello Jewelry Company"""
1335,""" Aretes New Color de Plata con Cuarcita ""@es ""Aretes - Tous""@es"
1336,"""Cartier Ronde Louis Cartier Watch W6801005"" ""Shop W6800251 Watches | Northeastern Fine Jewelry"""
1337,"""Radiomir Composite Black Seal 3 Days Automatic - 45mm ""@de – Panerai-Uhr""@de"
1338,"""Casio G-Shock GA-100-1A2""@en GA-100-1A2 - Casio Watches""@en"
1339,""" Childrens Tikkers Time Teacher Watch TK0120 ""Kids Watches | Designer for Kids The Hut"""
1340,"""Classy Sheffield Silver Ladies´ Watch 26mm""@en ""Daniel Wellington Classy 26mm nur € 129.00""@en"
1341,"""Zegarek Garmin Forerunner 15 Large HRM 1 - Czarny/Niebieski""@pl "" Zegarek Akcesoria sportowe Czarny-Niebieski ""@pl"
1342,"""Cartier Santos 100 Watch WSSA0006"" ""Shop Cartier W20072X7 Watches | Northeastern Fine Jewelry"""
1343,""" Daniel Wellington Men's Dapper 38mm Durham Watch""@en ""Men's Watch (DW00100115) - WATCH SHOP.com™""@en"
1344,"""Carl F Bucherer Flyback Watch 00.10919.03.13.01"" ""Shop Carl 00.10919.03.43.01 Watches | Costello Jewelry Company"""
1345,"""Carl F Bucherer Peripheral Watch 00.10917.08.73.11"" ""Shop Carl 00.10917.08.83.11 | Moyer Fine Jewelers"""
1346,"""Dior Chiffre Rouge Watch CD084B40R001"" CD084850A001 | Dejaun Jewelers"""
1347,"""Prospex Diver´s Revival Reloj automático""@es ""Seiko Prospex automático nur 439 00 €""@es"
1348,"""Edifice Herrenchronograph""@de ""Casio Edifice Herrenchronograph EF-539D-1A2VEF nur 125 00 €""@de"
1349,"""Casio G-Shock GA-110GB-1AER""@en GA-110GB-1AER - Casio Watches""@en"
1350,"""Chopard Hour And Minutes Watch 388531-3001"" 388532-6004 | Dejaun Jewelers"""
1351,"""Chopard Happy Sport Medium Automatic Watch 278559-6003"" 274891-5008 | Dejaun Jewelers"""
1352,"""Cartier Hypnose Watch WJHY0006"" ""Shop Cartier WJHY0009 Watches | Northeastern Fine Jewelry"""
1353,"""Bvlgari B.Zero1 Watch BZ23WSGCL 12"" BZ23WSCC.M | Dejaun Jewelers"""
1354,"""Dior Montaigne Watch CD151111M001"" CD152510M002 | Dejaun Jewelers"""
1355,"""Herren Tissot PRS200 Chronograf Uhr T0674172203101""@de"
1356,"""Cartier"", ""CartierCartier Pasha Series Men's Watch W31088U2"""
1357,""" Tissot Men's Quickster Chronograph Watch""@en ""Men's Watch (T0954171703701) - WATCH SHOP.com™""@en"
1358,"""G-SHOCK Gulfmaster""@fr ""Montre outdoor g-shock gulfmaster casio noir et bleu à partir de 429 00 €""@fr"
1359,"""Cartier Santos 100 Watch W20107X7"" ""Shop Cartier W20072X7 Watches | Northeastern Fine Jewelry"""
1360,"""Formula 1 200 M - ∅41 mm Esfera negra acero, cuarzo"""
1361,"""Seiko 5 Herren-Automatikuhr""@de 00 €""@de Seiko Herren-Automatikuhr SRP601K1 nur 229"
1362,""" Mens Nixon The Crew Watch A1186-001 ""Sale | Hut"""
1363,"""Promaster Marine Hombre-Reloj de buceo""@es ""Citizen Promaster buceo nur 199 00 €""@es"
1364,"""Herren Tissot Couturier GMT Chronograf Uhr T0354391603100""@de"
1365,""" Unisex Gucci Dive Watch YA136215 ""Ladies Watches | Designer For Women The Hut"""
1366,"""DREAMNIGHT""@en "" Swatch® Hong Kong - Chrono (Ø 40 47 MM) DREAMNIGHT YCS485GC ""@en"
1367,"""Michele Deco Watch MWW06P000100"" ""Shop Michele MWW06P000108 Watches | Northeastern Fine Jewelry"""
1368,"""Dior Chiffre Rouge Watch CD084841R001"" CD084C10A001 | Dejaun Jewelers"""
1369,"""Alpina Startimer Pilot Automatic Watch AL-725GR4S6"" ""Shop Alpina AL-725GR4S6 | Moyer Fine Jewelers"""
1370,"""Tissot Couturier Quartz T035.617.11.031.00 Crono Gent""@es ""Reloj Tissot Gent catálogo oficial Laguardajoiers distribuidor de en Barcelona""@es"
1371,"""Kinetic Men´s Watch""@en ""Seiko Kinetic Watch SKA531P1 nur € 329.00""@en"
1372,"""Raymond Weil Noemia Watch 5132-STS-00985"" ""Shop Raymond 5132-ST-50081 Watches | Costello Jewelry Company"""
1373,"""Tissot"" ""TissotTissot Swiss Made Wrist Watch T047.420.47.207.01 44mm"""
1374,"""Herren Junghans 1972 Chronoscope solar Wecker Chronograf betrieben Uhr 014/4202.44""@de"
1375,""" Ladies Raymond Weil Toccata Diamond Watch 5988-P-97081 ""Raymond Watches"""
1376,""" Pulsar Men's Chronograph Solar Powered Watch""@en ""Men's Watch (PX5019X1) - WATCH SHOP.com™""@en"
1377,""" Junghans Men's Max Bill Automatic Watch""@en ""Men's Watch (027/4002.44) - WATCH SHOP.com™""@en"
1378,"""Automatic Diver´s Men´s Watch""@en ""Seiko Automatic Watch SRP581K1 nur € 399.00""@en"
1379,"""Cartier Hypnose Watch WJHY0005"" ""Shop Cartier WJHY0005 Watches | Northeastern Fine Jewelry"""
1380,""" Pulsar Men's Chronograph Watch""@en ""Men's Watch (PT3195X1) - WATCH SHOP.com™""@en"
1381,"""G-Shock Rangeman Reloj para hombre""@es ""Casio G-Shock hombre GW-9400-1ER nur 299 00 €""@es"
1382,"""IWC IW329002 Aquatimer Automatic Watch""@en Watch From SwissLuxury""@en"
1383,"""Dior Chiffre Rouge Watch CD084841R001"" CD084510M003 | Dejaun Jewelers"""
1384,""" Unisex Swatch Flexiblack Watch LB183B ""Ladies Watches | Designer For Women The Hut"""
1385,"""Herren Casio G-Shock Wecker Chronograf Uhr GA-110LPA-1AER""@de"
1386,""" Ladies Bruno Sohnle Rondograph Lady Watch 17-13172-290 ""Sale | The Hut"""
1387,"""Ladies Classic Watch ""@de ""Calvin Klein Uhren und Schmuck | Official CALVIN KLEIN Stockist""@de"
1388,"""Cartier Ronde Louis Cartier Watch WR000251"" ""Shop WR000351 Watches | Northeastern Fine Jewelry"""
1389,"""DARKONY""@sv "" Swatch® Sverige - XLITE (Ø 41 45 MM) DARKONY YYS4006AG ""@sv"
1390,"""RolexNEW ROLEX MILGAUSS ANNIVERSARY EDITION MENS WATCH 116400GV"", ""Rolex"""
1391,"""Reloj South Horizons cristal""@es ""Versus Versace Reloj cristal para Mujer | Tienda Online EU""@es"
1392,"""JAZZMASTER CHRONO QUARZ""@es QUARZ - Tomas Colomer""@es"
1393,"""Bvlgari Bvlgari Watch BBL262TBSS 12.M"" BBL37WSS 12 | Dejaun Jewelers"""
1394,""" Suunto Men's Core regular black Alarm Chronograph Watch""@en ""Men's Watch (SS014809000) - WATCH SHOP.com™""@en"
1395,"""Cartier"" ""CartierCartier Tank Francaise Series Women's Watch W51028Q3"""
1396,"""Alpina Pilot Quartz Chronograph Watch AL-372N4S6"" ""Shop Alpina AL-372BMLY4FBS6 | Moyer Fine Jewelers"""
1397,"""Cartier"", ""CartierCartier Classic Santos Series Men's Watch W20055D6"""
1398,"""IWC Ingenieur Watch IW380802"" ""Shop IWC IW381701 Watches | Northeastern Fine Jewelry"""
1399,""" Unisex Gucci G-Timeless Watch YA1264018 ""Men's Watches | Designer For Men The Hut"""
1400,"""ArtCarved Classic Engagement Ring 31-V219ERW-E"" ""Shop ArtCarved 31-V185FCW-E rings | Northeastern Fine Jewelry"""
1401,"""Cambridge Rosegold Herrenuhr 40mm""@de ""Daniel Wellington Cambridge 40mm nur 159 00 €""@de"
1402,""" Tissot Men's PRS200 Chronograph Watch""@en ""Men's Watch (T0674171103101) - WATCH SHOP.com™""@en"
1403,"""Michele Deco Mid Watch MW06V00A0029_MS16DM235009"" ""Shop Michele MWW06V000042 Watches | Northeastern Fine Jewelry"""
1404,"""Cartier Drive De Cartier Watch WGNM0006"" ""Shop W4100013 Watches | Northeastern Fine Jewelry"""
1405,"""Panerai Radiomir Watch PAM00323"" ""Shop Panerai PAM00424 Watches | Northeastern Fine Jewelry"""
1406,"""Carl F Bucherer AutoDate Watch 00.10915.08.13.21"" ""Shop Carl 00.10915.03.33.01 | Moyer Fine Jewelers"""
1407,"""JAZZMASTER MAESTRO AUTOCHRONO""@es AUTOCHRONO - Tomas Colomer""@es"
1408,"""Kinetic GMT Herrenuhr""@de ""Seiko Kinetic Herrenuhr SUN015P1 nur 479 00 €""@de"
1409,"""Seiko Automatic Divers Rubber Band SKX007K1 SKX007K Mens Watch""@en-US Watch - CityWatches.co.uk""@en-US"
1410,""" GUCCİ YA1264007 Bayan Kol Saati ""@tr ""Gucci En Ucuz Fiyat""@tr"
1411,""" Junghans Men's Meister Kalendar Automatic Watch""@en ""Men's Watch (027/4200.00) - WATCH SHOP.com™""@en"
1412,"""Raymond Weil Tango Watch 5391-ST-00995"" ""Shop Raymond 5391-ST-00995 Watches | Costello Jewelry Company"""
1413,"""Cartier Tortue Watch W1556363"" ""Shop Cartier WA501009 Watches | Northeastern Fine Jewelry"""
1414,"""ラジオミール チェラミカ - 45mm ""@ja パネライ ウォッチ""@ja"
1415,""" Casio Men's G-Shock Alarm Chronograph Watch""@en ""Men's Watch (AW-590-1AER) - WATCH SHOP.com™""@en"
1416,"""Titan Herrenuhr""@de 00 €""@de ""Seiko Titan Herrenuhr SGG731P1 nur 209"
1417,"""Herren Certina DS Action Taucher Automatik Uhr C0134071105100""@de"
1418,""" Tissot Ladies' PRC200 Chronograph Watch""@en ""Ladies' Watch (T0552171603202) - WATCH SHOP.com™""@en"
1419,"""Alpina Startimer Pilot Automatic Watch AL-725B4S6B"" ""Shop Alpina AL-525G4TS6 | Moyer Fine Jewelers"""
1420,"""Michele Deco Watch MWW06P000099"" ""Shop Michele MW06T01A1105_MS18AU235009 Watches | Northeastern Fine Jewelry"""
1421,"""Herren Casio Edifice Zeit Traveller Bluetooth hybrid Smartwatch Wecker Chronograf solarbetrieben Uhren EQB-600D-1A2ER""@de"
1422,""" Mens Sekonda Watch 1350 ""Latest Watches"""
1423,"""Mens Casio G-Shock Premium Mudmaster Compass Black x Gold Alarm Chronograph Radio Controlled Watch GWG-1000GB-1AER"""
1424,""" Ladies Certina DS-1 Automatic Watch C0062071103100 ""Ladies Watches | Designer For Women The Hut"""
1425,"""Reloj Tissot para Hombre de la colección T-One Automatic""@es Automatic - Tomas Colomer""@es"
1426,""" Monitor Polar A360 - S Blanco ""@es ""Monitor Alkosto Tienda Online""@es"
1427,""" TAG HEUER CARRERA Calibre 1887 Automatic Chronograph 100 M - ∅43 mm CAR2A10.BA0799 ""@en-gb ""TAG Heuer Carrera 43 | watch price""@en-gb"
1428,"""ArtCarved Classic Engagement Ring 31-V734ERW-E"" ""Shop ArtCarved 31-V733ERY-E rings | Northeastern Fine Jewelry"""
1429,"""Maurice Lacroix Les Classiques Watch LC1087-SS002-120-1"" ""Shop Maurice LC6063-PS103-310 Watches | Costello Jewelry Company"""
1430,"""SUUNTO M2 MEN BLACK""@it BLACK - CARDIOFREQUENZIMETRO Suunto SS015854000 Articoli sportivi e abbigliamento sportivo""@it"
1431,"""MAX 2 STRONG SNEAKER"" ""NIKE MAX SNEAKER - Multi-Color | Jimmy Jazz 555104100"""
1432,"""Mens G-Shock Premium Mudmaster Compass Alarm Chronograph Radio Controlled Watch ""@de ""Fathers Tag - Uhren und gift ideas""@de"
1433,"""Cartier Santos 100 Watch W20073X8"" ""Shop Cartier W20106X8 Watches | Northeastern Fine Jewelry"""
1434,"""Tissot Le Locle Automatic Lady T41.1.183.33""@es catálogo oficial Laguardajoiers distribuidor de Tissot en Barcelona""@es ""Reloj Ladies T41.1.183.33"
1435,"""Maurice Lacroix Les Classiques Watch LC1087-SD501-160"" ""Shop Maurice LC1087-SD501-160 Watches | Costello Jewelry Company"""
1436,"""Herren Tissot PRC200 Automatik Uhr T0554301105700""@de"
1437,"""Bvlgari LVCEA Watch LU36C6SSPGD"" LU28C6SSPGD | Dejaun Jewelers"""
1438,"""Raymond Weil Freelancer Watch 2740-ST-50021"" ""Shop Raymond 2754-BKR-05200 Watches | Costello Jewelry Company"""
1439,""" Tissot Classi-T Watch ""@en ""Tissot - T0290093303701 | Ben Bridge Jeweler""@en"
1440,"""Michael Kors MK8157 Runway watch"""
1441,"""Mikimoto Necklaces Necklace PPS1102NDW"" ""Shop Mikimoto PPA 842ND W | Northeastern Fine Jewelry"""
1442,"""Bvlgari Bvlgari Watch BBL37C11SPG 12"" BBL26WSS 12 | Dejaun Jewelers"""
1443,"""Reloj para mujer""@es ""Citizen Reloj mujer FE1081-08A nur 99 00 €""@es"
1444,""" Bruno Sohnle Ladies' Rondograph Lady Watch""@en ""Ladies' Watch (17-13172-290) - WATCH SHOP.com™""@en"
1445,"""Fitbit Surge Fitness Superwatch, Black, Small""@en-US ""Health Monitors - Page 5 | Medical Outlet Direct""@en-US"
1446,"""Cartier Panthère De Cartier Watch WGPN0009"" ""Shop WJPN0006 Watches | Northeastern Fine Jewelry"""
1447,"""Benchmark Classic Bands LCF13010KY"" Standard Comfort-Fit"
1448,"""Cartier Rotonde De Cartier Watch W1556051"" ""Shop W1556368 Watches | Northeastern Fine Jewelry"""
1449,"""Daniel Wellington - Dapper Durham DW00100115 Or rose Cuir marron clair"""
1450,"""Citizen Eco-Drive Radio Controlled Sapphire Perpetual Men's Watch CB0150-62L ""@en | Dutyfreeislandshop.com""@en"
1451,"""Chopard Grand Prix De Monaco Watch 168570-9001"" 168569-3001 | Dejaun Jewelers"""
1452,"""Maurice Lacroix Les Classiques Watch LC6098-SS001-120-1"" ""Shop Maurice LC6027-SS001-130 Watches | Costello Jewelry Company"""
1453,"""IWC Aquatimer Watch IW329002"" ""Shop IWC IW376803 Watches | Northeastern Fine Jewelry"""
1454,"""Air Jordans 9 Retro Black/Matte Silver-University Blue For Sale""@en-US Sale | Cheap KD 9""@en-US"
1455,""" Skagen Men's Grenen Watch""@en ""Men's Watch (233XXLSLB) - WATCH SHOP.com™""@en"
1456,"""Maurice Lacroix Eliros Watch EL1094-SS002-110-1"" ""Shop Maurice EL1094-PVP06-150-1 Watches | Costello Jewelry Company"""
1457,"""SKINGALA""@en "" Swatch® Singapore - Regular (Ø 36.8 MM) SKINGALA SVOB103G ""@en"
1458,"""Raymond Weil Maestro Watch 2227-STC-00659"" ""Shop Raymond 2238-PC5-00209 Watches | Costello Jewelry Company"""
1459,"""Solar Herrenuhr""@de ""Seiko Solar Herrenuhr SNE039P1 nur 159 00 €""@de"
1460,"""Panerai Radiomir Watch PAM00346"" ""Shop Panerai PAM00323 Watches | Northeastern Fine Jewelry"""
1461,""" Nixon Ladies' The Facet 38 Watch""@en ""Ladies' Watch (A409-1920) - WATCH SHOP.com™""@en"
1462,""" Junghans Men's Meister Chronoscope Automatic Chronograph Watch""@en ""Men's Watch (027/4324.44) - WATCH SHOP.com™""@en"
1463,"""Raymond Weil Maestro Watch 2237-ST-BEAT1"" ""Shop Raymond 2238-PC5-00209 Watches | Costello Jewelry Company"""
1464,"""Michele Deco Madison Watch MW06T00A0101_MS18AA030402"" ""Shop Michele MW06T01B0018_MS18AU246710 Watches | Costello Jewelry Company"""
1465,""" TAG HEUER AQUARACER Calibre 5 Montre automatique 300 M - ∅41 mmLunette en céramique WAY211A.BA0928 ""@fr ""TAG Heuer Aquaracer Automatic Watch 41 mm | watch price""@fr"
1466,"""Cartier Tank Américaine Watch WB710013"" ""Shop Cartier WSTA0017 Watches | Northeastern Fine Jewelry"""
1467,"""ArtCarved Classic Engagement Ring 31-V219ERW-E"" ""Shop ArtCarved 31-V734ERW-E rings | Northeastern Fine Jewelry"""
1468,"""Panerai 2013 Watch PAM00532"" ""Shop Panerai PAM00446 Watches | Northeastern Fine Jewelry"""
1469,"""Edifice Cronógrafo para hombre""@es ""Casio Edifice hombre EF-539D-1A2VEF nur 125 00 €""@es"
1470,"""Bvlgari Solotempo Watch BGOP38WGLD"" BGO38WSPGD | Dejaun Jewelers"""
1471,"""Bvlgari Bvlgari Watch BBL33C11SPG 12"" BBL33WSL 12 | Dejaun Jewelers"""
1472,"""Tissot Quartz Chronograph T0354391105100 Gents Watch""@en-GB Watch - EanFind""@en-GB"
1473,"""Carl F Bucherer ChronoDate Watch 00.10624.08.53.01"" ""Shop Carl 00.10624.08.33.21 Watches | Costello Jewelry Company"""
1474,"""Parade Hemera Wedding Band R2712-R1-BD"" ""Shop Parade R2840-R1-BD bands | Mitchum Jewelers"""
1475,"""Sportsura GPS Men´s Watch Solar""@en ""Seiko Sportsura Solar SSF003J1 nur € 1 035.00""@en"
1476,"""Alpina ALPINER AUTOMATIC 4 AL-525NS5AQ6""@en "" Alpina"
1477,"""Jazzmaster Open Heart Automatikuhr""@de 00 €""@de ""Hamilton Jazzmaster Automatikuhr H32565555 nur 725"
1478,"""Cartier Tank Américaine Watch WB710009"" ""Shop Cartier WB710009 Watches | Northeastern Fine Jewelry"""
1479,""" Montre argentée AQ-230A-1DMQYES - Casio ""@fr ""Fête des pères""@fr"
1480,"""Parade Lyria Leaves Necklace P2771-R2-WRFS2"" ""Shop Parade N2183A-WY Necklaces | Mitchum Jewelers"""
1481,"""Raymond Weil Noemia Watch 5132-STP-00985"" ""Shop Raymond 5132-STS-65081 Watches | Costello Jewelry Company"""
1482,"""Raymond Weil Toccata Watch 5988-ST-00300"" ""Shop Raymond 5988-SP5-97081 Watches | Costello Jewelry Company"""
1483,"""Raymond Weil Freelancer Watch 7740-SC1-65221"" ""Shop Raymond 2760-ST1-20001 Watches | Costello Jewelry Company"""
1484,"""Bvlgari Bvlgari Soltempo Watch BB39WSPGD"" BB39WSPGD | Dejaun Jewelers"""
1485,"""Unisex Casio Kollektion Wecker Chronograf Uhr CA-506G-9AEF""@de"
1486,"""Zegarek męski Signatur""@pl 00 €""@pl ""Skagen Zegarek Signatur SKW6390 nur 169"
1487,"""Cartier Tank Louis Cartier Watch W1529756"" ""Shop WJTA0011 Watches | Northeastern Fine Jewelry"""
1488,"""Seiko SSA231K1 Neo Classic""@es ""Reloj Seiko Classic cal. 4R39. Relojes en barcelona venta online""@es"
1489,"""Ridriogow Silver Reloj para mujer 36mm""@es ""Daniel Wellington Ridriogow 36mm nur 139 00 €""@es"
1490,"""Tissot PRC 200 Quartz T055.217.16.032.02 Chrono Lady""@es ""Reloj Tissot T-Sport Lady Laguardajoiers agente oficial de en Barcelona""@es catálogo"
1491,"""Michele Deco Mid Watch MWW06V000004"" ""Shop Michele MWW06V000001 Watches | Costello Jewelry Company"""
1492,"""Omega Seamaster 300m 2254.50.00"" 2254.50.00 Watch | Watchfinder & Co."""
1493,"""Tissot T Sport ""@en"
1494,"""Polar V800 Watch - Black/Silver""@en "" Accessories Polar Black/Silver 92052229 ""@en"
1495,"""Omega Seamaster Diver ""@en"
1496,"""Michele Deco Mid, Teal Diamond Dial Watch MW06V00A0029 MS16DM235009"" ""Deco Mid"""
1497,"""The Crew Leather Gold / Cream Black""@de 20 €""@de ""Nixon The Black A1188-2769 nur 127"
1498,"""Michele Serein Diamond Watch"" ""Dynamic Filter"""
1499,"""Maurice Lacroix Les Classiques Watch LC6098-SS001-320-1"" ""Shop Maurice LC6027-SS001-320 Watches | Costello Jewelry Company"""
1500,"""Hamilton Jazzmaster Lady Quartz Watch H42211155"" H32341975"""
1501,"""Omega Planet Ocean 232.30.44.22.03.001"" 232.30.44.22.03.001 Watch | Watchfinder & Co."""
1502,"""Casio G-Shock G-2900F-2""@en G-2900F-2 - Casio Watches""@en"
1503,"""Dior Chiffre Rouge Watch CD084841R001"" CD084510A004 | Dejaun Jewelers"""
1504,"""Silver Watch""@en ""Michael Kors Silver Watch | SHOPBOP SAVE UP TO 30% Use Code: MORE17""@en"
1505,"""IWC Aquatimer Watch IW329002"" ""Shop IWC IW329001 Watches | Northeastern Fine Jewelry"""
1506,"""Classy Sheffield Silver Damenuhr 26mm""@de 20 €""@de ""Daniel Wellington Classy 26mm nur 103"
1507,"""Carl F Bucherer T-Graph Watch 00.10615.03.33.21"" ""Shop Carl 00.10615.08.33.01 | Moyer Fine Jewelers"""
1508,"""Parade Lyria Leaves Necklace P2771-R2-WRFS2"" ""Shop Parade P2771 R1 Necklaces | Mitchum Jewelers"""
1509,"""Carl F Bucherer TravelTec II Watch 00.10633.03.33.01"" ""Shop Carl 00.10633.03.33.02 | Moyer Fine Jewelers"""
1510,"""Hamilton Traveler GMT Auto H32625555"" ""Traveler Auto"""
1511,"""Omega Constellation 1202.30.00"" 1202.30.00 Watch | Watchfinder & Co."""
1512,"""Raymond Weil Maestro Watch 2237-STC-20001"" ""Shop Raymond 2238-PC5-00209 Watches | Costello Jewelry Company"""
1513,"""Cartier Tank Américaine Watch WB710013"" ""Shop Cartier WB710012 Watches | Northeastern Fine Jewelry"""
1514,"""Hamilton Slim Auto H38615555"" ""Slim Auto"""
1515,"""Carl F Bucherer ChronoDate Watch 00.10624.08.33.01"" ""Shop Carl 00.10624.08.33.21 Watches | Costello Jewelry Company"""
1516,"""Classic Black Cornwall Oro Rosé 40mm""@es ""Daniel Wellington Classic 40mm nur 159 00 €""@es"
1517,"""Michele Deco Watch MWW06P000099"" ""Shop Michele MW06T01C5110_MS18AU285048 Watches | Costello Jewelry Company"""
1518,"""Cartier Santos 100 W20073X8"" W20073X8 Watch | Watchfinder & Co."""
1519,"""Alpina Pilot Quartz Chronograph Watch AL-372LBBG4FBV6"" ""Shop Alpina AL-372BMLY4FBS6 | Moyer Fine Jewelers"""
1520,"""Alpina Diver 300 Automatic Watch AL-525LBG4V6B"" ""Shop Alpina AL-525LBG4V6B | Moyer Fine Jewelers"""
1521,"""Daniel Wellington Classic Man Cambridge rose gold""@nl-NL gold 10:35 Horloge boektiek""@nl-NL"
1522,"""Cartier Tank Solo Watch W5200025"" ""Shop Cartier W5200025 Watches | Northeastern Fine Jewelry"""
1523,"""Michele Serein Watch MWW21A000058"" ""Shop Michele MWW21A000001 Watches | Costello Jewelry Company"""
1524,"""Rolex 116710LN GMT-Master II Steel Watch""@en Watches From SwissLuxury""@en"
1525,"""Raymond Weil Freelancer Watch 2740-ST-20021"" ""Shop Raymond 2710-SP5-20021 Watches | Costello Jewelry Company"""
1526,"""Cartier Drive De Cartier Watch W4100013"" ""Shop WGNM0003 Watches | Northeastern Fine Jewelry"""
1527,""" Ladies Sekonda Editions Watch 2463 ""Ladies Watches | Designer For Women The Hut"""
1528,""" Daniel Wellington Ladies' Dapper 34mm Reading Watch""@en ""Ladies' Watch (DW00100118) - WATCH SHOP.com™""@en"
1529,"""Dior Chiffre Rouge Watch CD084B10M001"" CD084610A004 | Dejaun Jewelers"""
1530,"""Maurice Lacroix Les Classiques Watch LC1087-SS002-120-1"" ""Shop Maurice LC1087-SS001-120-1 Watches | Costello Jewelry Company"""
1531,"""Carl F Bucherer Power Reserve Watch 00.10912.08.33.21"" ""Shop Carl 00.10912.03.13.01 | Moyer Fine Jewelers"""
1532,"""Reloj Max Bill""@es ""Junghans Reloj Bill 027/4002.44 nur 955 00 €""@es"
1533,"""Alpina Pilot Quartz Chronograph Watch AL-372LBBG4FBV6"" ""Shop Alpina AL-372LBN4V6 | Moyer Fine Jewelers"""
1534,"""Michele Serein Mid Diamond Two-Tone Rose Gold, Dial Watch"" ""Dynamic Filter"""
1535,""" Garmin Men's Forerunner 10 GPS Heart Rate Monitor Bundle Alarm Chronograph Watch""@en ""Men's Watch (010-01241-50) - WATCH SHOP.com™""@en"
1536,"""Bvlgari Bvlgari Watch BBL262TBSS 12.M"" BBLP33WGDL 12 | Dejaun Jewelers"""
1537,"""Casio G-Shock GA-100-1A1ER""@en GA-100-1A1ER - Casio Watches""@en"
1538,"""Cartier Santos 100 Watch WSSA0006"" ""Shop Cartier WSSA0006 Watches | Northeastern Fine Jewelry"""
1539,"""Chronoscope Max Bill""@de 00 €""@de ""Junghans Chronoscope Bill 027/7800.00 nur 1.695"
1540,"""Tissot PRC 200 Quartz T055.417.11.057.00 Chrono Gent""@es catálogo oficial Laguardajoiers distribuidor de Tissot en Barcelona""@es ""Reloj T-Sport"
1541,"""Herren Junghans Max Bill Automatik Uhr 027/3400.00""@de"
1542,""" Raymond Weil Ladies' Toccata Diamond Watch""@en ""Ladies' Watch (5388-ST-50081) - WATCH SHOP.com™""@en"
1543,""" Seiko Astron Men's GPS Titanium Chronograph Solar Powered Watch""@en ""Men's Watch (SSE025J1) - WATCH SHOP.com™""@en"
1544,"""Bvlgari Bvlgari Watch BBL33WSPGD"" BBL37WSPG 12 | Dejaun Jewelers"""
1545,"""Bvlgari Bvlgari Watch BBL262TBSS 12.M"" BBL26C6SS 12 | Dejaun Jewelers"""
1546,"""Michele Deco Watch MWW06P000171"" ""Shop Michele MWW06P000099 Watches | Northeastern Fine Jewelry"""
1547,"""Cartier Santos-Dumont Watch WH100351"" ""Shop Cartier WH100351 Watches | Northeastern Fine Jewelry"""
1548,"""Daniel Wellington Classic Lady Black Sheffield rose gold""@nl-NL gold 10:35 Horloge boektiek""@nl-NL"
1549,"""Cartier Calibre De Cartier Diver Watch WSCA0006"" ""Shop WGCA0010 Watches | Northeastern Fine Jewelry"""
1550,"""Mikimoto Necklaces Necklace PPS1102NDW"" ""Shop Mikimoto MPA10175ADXK | Northeastern Fine Jewelry"""
1551,"""Classic Black Sheffield Oro Rosé 40mm""@es 00 €""@es ""Daniel Wellington Classic 40mm nur 189"
1552,"""Casio Wave Ceptor WV-58DE-1A""@en WV-58DE-1A - Casio WaveCeptor Watches""@en"
1553,"""Carl F Bucherer ChronoDate Watch 00.10624.08.33.01"" ""Shop Carl 00.10624.08.13.01 Watches | Costello Jewelry Company"""
1554,"""Carl F Bucherer ScubaTec Watch 00.10632.23.53.01"" ""Shop Carl 00.10632.23.53.01 Watches | Costello Jewelry Company"""
1555,"""Olivia Burton Midi Dial Black & Rosegold""@nl-NL Rosegold | 10:35 Horloge boetiek""@nl-NL"
1556,"""Montre Polar M400 Noir avec Ceinture Cardio"" Avec Cardio - Que-Du-Sport"""
1557,"""IWC Ingenieur Watch IW380802"" ""Shop IWC IW380701 Watches | Northeastern Fine Jewelry"""
1558,"""CHOPARD G.P.M.H. Power Control Titanium and stainless steel""@en-GB"
1559,"""Herren Daniel Wellington Glasgow Silber 36mm Uhr DW00100047""@de"
1560,"""Max Bill Ladies´ Watch""@en ""Junghans Max Watch 047/4657.00 nur € 495.00""@en"
1561,""" TAG HEUER FORMULA 1 200 M - ∅32 mmCeramica e diamanti WAH1313.BA0868 ""@it ""TAG Heuer Formula 32 mm | watch price""@it"
1562,"""The Facet 38 Plum""@en ""Nixon The Plum A4092157 nur € 129.00""@en"
1563,"""Reloj Casio Edifice EQB-500D-1AER"""
1564,"""Cartier W20098D6 Santos Galbee Extra Large Watch""@en Watches From SwissLuxury""@en"
1565,"""Polar USA Unisex FT4 Green/Green Watch""@en-US ""Health Monitors - Page 4 | Medical Outlet Direct""@en-US"
1566,""" Tissot Men's V8 Chronograph Watch""@en ""Men's Watch (T1064171104200) - WATCH SHOP.com™""@en"
1567,"""Elementum Terra P/ Black Leather"" ""Suunto Elementum Leather - Relojes de Montaña Electrónica y Orientación en Barrabes.com"""
1568,""" Casio Men's G-Shock Military Black Alarm Chronograph Watch""@en ""Men's Watch (GA-110MB-1AER) - WATCH SHOP.com™""@en"
1569,"""JAZZMASTER OPEN HEART""@es ""reloj-hamilton""@es"
1570,"""Tissot T Classic Le Locle Automatic ""@en"
1571,"""G-Shock Mudmaster Men´s Watch""@en ""Casio G-Shock Watch GWG-1000GB-1AER nur € 749.00""@en"
1572,"""G-Shock Gulfmaster Herrenuhr""@de ""Casio G-Shock Herrenuhr GWN-1000B-1BER nur 499 00 €""@de"
1573,"""Dior Chiffre Rouge Watch CD084C10A002"" CD084850A001 | Dejaun Jewelers"""
1574,"""Daniel Wellington Classic Lady Bristol silver""@en-GB silver 10:35 Watch boutique""@en-GB"
1575,"""Luminor Marina 1950 3 Days Automatic Titanio - 44mm ""@en Panerai watch""@en"
1576,"""Carl F Bucherer ChronoDate Watch 00.10624.08.53.01"" ""Shop Carl 00.10624.08.53.01 | Moyer Fine Jewelers"""
1577,""" Mens Citizen Eco-Drive Watch BM7193-07B ""Sale | The Hut"""
1578,"""BEST SELLER TAG HEUER AQUARACER Calibre 5 Relógio Automático 300 M - ∅41 mmBezel de cerâmica WAY211A.BA0928 ""@pt ""TAG Heuer Aquaracer Automatic Watch 41 mm | watch price""@pt"
1579,""" Tissot Men's PR100 Powermatic 80 Automatic Watch""@en ""Men's Watch (T1014072203100) - WATCH SHOP.com™""@en"
1580,""" Daniel Wellington Men's Classic 40mm Reading Watch""@en ""Men's Watch (DW00100028) - WATCH SHOP.com™""@en"
1581,"""Double Down Zegarek męski""@pl 00 €""@pl ""Diesel Double męski DZ1440 nur 99"
1582,"""Edifice Herrenuhr Solar Bluetooth""@de ""Casio Edifice Bluetooth EQB-600D-1A2ER nur 399 00 €""@de"
1583,"""Manifesto Love Uhr Blau""@de ""Versace Manifesto Blau für Damen | Online Store EU""@de"
1584,""" Casio Edifice EF-125D-1AVEF watch ""Casio Classic - EF-125D-1AVEF"""
1585,"""Mens Red Arrows World Time Chronograph Eco-Drive Watch ""@de ""Fathers Tag - Uhren und gift ideas""@de"
1586,"""Cartier"" ""CartierCartier Classic Santos Series Men's Watch W20099C4"""
1587,"""NAVY BELOWZERO 1000M AUTO""@es AUTO - Tomas Colomer""@es"
1588,"""Alpina Pilot Quartz Chronograph Watch AL-372LBO4V6"" ""Shop Alpina AL-372LBN4V6 | Moyer Fine Jewelers"""
1589,""" Mens Coach Bleecker Slim Watch 14602343 ""New arrivals | Shop New The Hut"""
1590,"""Jazzmaster Lady Automatic Ladies´ Watch""@en ""Hamilton Jazzmaster Watch nur € 895.00""@en"
1591,"""Hombre-Reloj automático""@es ""Seiko Hombre-Reloj automático SRP705K1 nur 279 00 €""@es"
1592,""" Garmin Unisex Vivoactive HR Bluetooth GPS Activity Tracker Alarm Chronograph Watch""@en ""Unisex Watch (010-01605-01) - WATCH SHOP.com™""@en"
1593,""" Casio Men's G-Shock Alarm Chronograph Watch""@en ""Men's Watch (GA-201-1AER) - WATCH SHOP.com™""@en"
1594,"""SUUNTO M2 MEN LIME""@it LIME - CARDIOFREQUENZIMETRO Suunto SS020647000 Articoli sportivi e abbigliamento sportivo""@it"
1595,""" Mens Nixon The Crew Watch A1186-001 ""Latest Watches"""
1596,"""Vintage LA670WEGB-1BEF Or/Noir - Casio""@fr-fr Casio LA670WEGB-1BEF""@fr-fr"
1597,""" Mens Nixon The Crew Watch A1186-001 ""Men's Watches | Designer For Men Hut"""
1598,"""Seiko Automatic Divers Rubber Band SKX007K1 SKX007K Mens Watch""@en-US Watch - DownUnderWatches""@en-US"
1599,""" Casio Men's G-Shock Alarm Chronograph Watch""@en ""Men's Watch (GA-100CF-1A9ER) - WATCH SHOP.com™""@en"
1600,""" Daniel Wellington Men's Glasgow Silver 36mm Watch""@en ""Men's Watch (DW00100047) - WATCH SHOP.com™""@en"
1601,""" Daniel Wellington Men's Dapper 38mm Sheffield Rose Watch""@en ""Men's Watch (DW00100084) - WATCH SHOP.com™""@en"
1602,"""Glasgow Rose Gold Ladies´ Watch 36mm""@en ""Daniel Wellington Glasgow 36mm nur € 111.20""@en"
1603,"""Michele Serein Watch MWW21A000001"" ""Shop Michele MWW21A000008 Watches | Northeastern Fine Jewelry"""
1604,"""Tissot Quickster T095.417.17.037.01 Chrono""@en ""Watch Tissot T-Sport Laguardajoiers official dealer of in Barcelona""@en catalog"
1605,"""Cartier"" ""CartierCartier New Santos Series Men's Watch W20090 x 8"""
1606,"""Max Bill Ladies´ Watch""@en ""Junghans Max Watch 047/4659.00 nur € 495.00""@en"
1607,""" Tissot Men's PRC200 Automatic Watch""@en ""Men's Watch (T0554301105700) - WATCH SHOP.com™""@en"
1608,"""Michele Serein Watch MWW21A000008"" ""Shop Michele MWW21A000001 Watches | Northeastern Fine Jewelry"""
1609,""" Junghans Men's Max Bill Chronoscope Automatic Chronograph Watch""@en ""Men's Watch (027/4600.00) - WATCH SHOP.com™""@en"
1610,"""Raymond Weil Toccata Watch 5488-STC-50001"" ""Shop Raymond 5588-ST-60001 Watches | Costello Jewelry Company"""
1611,"""Reloj Polar V800-Negro/Plateado""@es "" Reloj V800-GPS-Accesorios para correr-Negro/Plateado ""@es"
1612,"""Michele Signature Deco MWW06P000171"" ""MWW06P000171 New Michele Diamond Ladies Quartz Watch"""
1613,"""Hamilton Jazzmaster Slim Auto Watch H38615735"""
1614,"""G-Shock Herrenuhr""@de ""Casio G-Shock Herrenuhr GA-110GB-1AER nur 149 00 €""@de"
1615,"""Mens Casio G-Shock Premium Gulfmaster Alarm Chronograph Radio Controlled Watch GWN-1000B-1BER"""
1616,"""Garmin Forerunner 235 - Black Frost Blue""@en "" Garmin Running Accessories & Blue ""@en"
1617,"""Sheffield Silver Ladies´ Watch 36mm""@en ""Daniel Wellington Sheffield 36mm nur € 169.00""@en"
1618,""" Tissot Men's PRC200 Chronograph Watch""@en ""Men's Watch (T0554171105700) - WATCH SHOP.com™""@en"
1619,"""The Time Teller Chrono Black Sunray""@de 00 €""@de ""Nixon The Sunray A9722348 nur 189"
1620,"""Astron GPS Solar Dual Time""@de 00 €""@de ""Seiko Astron Time SSE047J1 nur 1.955"
1621,"""Chronoscope Max Bill""@en 645.00""@en ""Junghans Chronoscope Bill 027/4600.00 nur € 1"
1622,""" Suunto Men's Ambit 3 HR Bluetooth GPS Chronograph Watch""@en ""Men's Watch (SS020678000) - WATCH SHOP.com™""@en"
1623,"""G-SHOCK ジーショック GA-100CF-1A9 アナデジ メンズ腕時計 文字盤カモフラージュ（迷彩）柄""@ja アナ...｜アタック【ポンパレモール】""@ja"
1624,""" Ball Men's Engineer Hydrocarbon Ceramic XV Chronometer Automatic Watch""@en ""Men's Watch (DM2136A-SCJ-BK) - WATCH SHOP.com™""@en"
1625,"""Cartier"" ""CartierCartier Santos Dumont Watch WH100351"""
1626,""" Junghans Men's Meister Pilot Automatic Chronograph Watch""@en ""Men's Watch (027/3591.00) - WATCH SHOP.com™""@en"
1627,"""Gucci YA1264007 G-Timeless Mens Swiss Watch"""
1628,""" Mens Coach Bleecker Slim Watch 14602343 ""Men's Watches | Designer For Men The Hut"""
1629,"""Omega Speedmaster 311.30.42.30.01.005"""
1630,"""Cartier Santos 100 Watch W20073X8"" ""Shop Cartier W20072X7 Watches | Northeastern Fine Jewelry"""
1631,"""Rolex GMT Master II 116710 LN"" LN Watch | Watchfinder & Co."""
1632,"""Raymond Weil Maestro Beatles Limited Edition Automatic Watch""@en-GB Watch 2237-ST-BEAT2""@en-GB"
1633,"""SUUNTO AMBIT 3 PEAK BLACK""@en BLACK - TREKKING GPS Suunto colour Black SS020677000 Athletic footwear apparel and sports equipment""@en"
1634,""" Nixon Ladies' The Monopoly Watch""@en ""Ladies' Watch (A325-1219) - WATCH SHOP.com™""@en"
1635,"""Seiko Automatic Divers 200M 21 Jewels SKX007K2 Mens Watch""@en-US Watch - CityWatches.co.uk""@en-US"
1636,""" Unisex Junghans Max Bill Watch 047/4658.00 ""Men's Watches | Designer For Men The Hut"""
1637,"""Chopard Mille Miglia Watch 168997-3001"" 158997-3001 | Dejaun Jewelers"""
1638,"""Cartier Pasha W31079M7"" W31079M7 Watch | Watchfinder & Co."""
1639,"""Couturier T035.210.11.051.00 Tissot Quartz Lady""@en Lady official catalog Laguardajoiers dealer of in Barcelona""@en"
1640,""" Raymond Weil Ladies' Tango Diamond Watch""@en ""Ladies' Watch (5391-ST-00995) - WATCH SHOP.com™""@en"
1641,""" Raymond Weil Ladies' Nabucco BRIT Awards 2014 Limited Edition Titanium Automatic Chronograph Diamond Watch""@en ""Ladies' Watch (7700-TIR-BRIT14) - WATCH SHOP.com™""@en"
1642,"""Daniel Wellington Classic Man Black Cornwall silver""@en-GB silver 10:35 Watch boutique""@en-GB"
1643,"""Raymond Weil Tango Watch 5391-STP-00308"" ""Shop Raymond 5391-STP-00995 Watches | Costello Jewelry Company"""
1644,"""Alpina Pilot Quartz Chronograph Watch AL-372BGR4S6"" ""Shop Alpina AL-372LBBG4FBV6 | Moyer Fine Jewelers"""
1645,"""Suunto M2 - Black""@en "" Suunto Accessories Black ""@en"
1646,"""Classic Black Cornwall Silver 40mm""@pl ""Daniel Wellington Classic 40mm nur 159 00 €""@pl"
1647,"""Polar V800 Watch - Black/Silver""@en-GB "" Accessories Polar Black/Silver 92052229 ""@en-GB"
1648,"""Omega Seamaster 300m 2531.80.00"" 2531.80.00 Watch | Watchfinder & Co."""
1649,""" Seiko Men's Prospex Diver Automatic Watch""@en ""Men's Watch (SRP775K1) - WATCH SHOP.com™""@en"
1650,""" DANIEL WELLINGTON Men's Glasgow Silver 36mm Watch ""@en ""DANIEL DW00100047 £72.00 - TheWatchSuperstore.com™""@en"
1651,"""Cartier Santos 100 Watch W20072X7"" ""Shop Cartier W20106X8 Watches | Northeastern Fine Jewelry"""
1652,"""Daniel Wellington Classic Man Black Sheffield silver""@en-GB silver 10:35 Watch boutique""@en-GB"
1653,""" Casio Edifice ECW-M300EDB-1AER Solar Wave Ceptor Watch ""Casio Racing -"
1654,"""Tissot T-Sport V8 Chronograph Men's Watch T36131672"" "" Tissot T36131672 | watchtag.com"""
1655,"""watch Max Bill""@en ""Junghans watch Bill 027/4002.44 nur € 955.00""@en"
1656,"""SUUNTO AMBIT 3 PEAK BLACK HR""@en HR - TREKKING GPS Suunto colour Black SS020674000 Athletic footwear apparel and sports equipment""@en"
1657,""" Daniel Wellington Ladies' Sheffield Silver 36mm Watch""@en ""Ladies' Watch (DW00100053) - WATCH SHOP.com™""@en"
1658,"""Omega Seamaster Chrono Diver 2599.80.00"" 2599.80.00 Watch | Watchfinder & Co."""
1659,"""Cartier Ronde Louis Cartier Watch W6800151"" ""Shop WR000551 Watches | Northeastern Fine Jewelry"""
1660,"""Mens Casio Edifice Waveceptor Alarm Chronograph Radio Controlled Solar Powered Watch ECW-M300EDB-1AER"""
1661,"""Casio G-Shock GA-100-1A4ER""@en GA-100-1A4ER - Casio Watches""@en"
1662,""" Casio Men's Pro-Trek Alarm Chronograph Watch""@en ""Men's Watch (PRG-300-1A2ER) - WATCH SHOP.com™""@en"
1663,"""Hamilton American Classic Valiant Quartz Watch H39251194"""
1664,"""Michele Serein Watch MWW21A000058"" ""Shop Michele MWW21A000001 Watches | Northeastern Fine Jewelry"""
1665,"""Cartier"", ""CartierCartier Must 21 Series Men's Watch W10125U2"""
1666,"""Cartier Santos 100 Watch W20072X7"" ""Shop Cartier W20107X7 Watches | Northeastern Fine Jewelry"""
1667,""" Tissot Men's Classic Dream Watch""@en ""Men's Watch (T0334102205301) - WATCH SHOP.com™""@en"
1668,"""Skagen SKW6216 Hagen watch"""
1669,"""Seiko SRP773K1 Prospex Mar Diver's""@en ""Prospex Sea Seiko Automatic Diver's SRP773K1""@en"
1670,"""Seiko Men's SKX007K2 Diver's Automatic Watch"" ""Sport Watches - Page 5 | All Fitness Gadgets"""
1671,"""Freja Ladies´ Watch""@en ""Skagen Freja Watch 358SGGD nur € 139.00""@en"
1672,"""Ladies Daniel Wellington Sheffield Silver 36mm Watch DW00100053"""
1673,"""The Brigade All Black""@en ""Nixon The Black A1176-001 nur € 159.20""@en"
1674,""" Alpina Men's Startimer Pilot Chronograph Watch""@en ""Men's Watch (AL-372N4FBS6) - WATCH SHOP.com™""@en"
1675,"""Daniel Wellington Classic Man Reading silver""@en-GB silver 10:35 Watch boutique""@en-GB"
1676,""" Daniel Wellington Ladies' Southampton Rose 36mm Watch""@en ""Ladies' Watch (DW00100034) - WATCH SHOP.com™""@en"
1677,"""Daniel Wellington Classic Man Glasgow rose gold""@en-GB gold 10:35 Watch boutique""@en-GB"
1678,"""Tag Heuer Carrera CAR2A1Z.FT6044"" CAR2A1Z.FT6044 Watch | Watchfinder & Co."""
1679,"""Cartier"" ""CartierCartier Classic Santos Series Men's Watch W20055D6"""
1680,"""Raymond Weil Freelancer Watch 2740-ST-20021"" ""Shop Raymond 2760-SR1-20001 Watches | Costello Jewelry Company"""
1681,"""Chopard LUC 161934-5001"" 161934-5001 Watch | Watchfinder & Co."""
1682,"""Chopard L.U.C Lunar Twin 161934-5001"" One Watch 171927-5001"""
1683,"""Engineer Hydrocarbon Airborne""@en ""Ball Watch | Engineer Airborne - Model DM2076C-S1CAJ-BK""@en"
1684,"""Hamilton Jazzmaster Slim Auto Watch H38615735"" H38615555 """
1685,"""Unisex Casio Databank Wecker Chronograf Uhr DB-360GN-9AEF""@de"
1686,""" Casio Ladies' Baby-G Alarm Chronograph Watch""@en ""Ladies' Watch (BLX-100-7ER) - WATCH SHOP.com™""@en"
1687,"""Daniel Wellington Women's Quartz Watch Classic St Mawes Lady 0507DW with Leather Strap""@en ""Price comparison: Daniel"
1688,"""Maurice Lacroix Les Classiques Watch LC1087-SD501-160"" ""Shop Maurice LC1087-SS002-120-1 Watches | Costello Jewelry Company"""
1689,"""Casio GA-110GB-1AER G-Shock watch"""
1690,""" Seiko Men's Solar Powered Watch""@en ""Men's Watch (SNE031P1) - WATCH SHOP.com™""@en"
1691,"""Polar V800 Multisport Integrated Fitness Watch with Heart Rate Monitor & GPSÂ -Â Black""@en-US ""Health Monitors - Page 161 | Medical Outlet Direct""@en-US"
1692,"""Citizen Eco-Drive Satellite Wave F900 Promaster Navihawk GPS Sapphire Watch CC9030-51E ""@en | Dutyfreeislandshop.com""@en"
1693,"""Cartier Tank Francaise W51002Q3"" W51002Q3 Watch | Watchfinder & Co."""
1694,"""Seiko Flightmaster Solar Chronograph 100m Leather Pilots Watch SSC009P3 ""@en | Dutyfreeislandshop.com""@en"
1695,""" Dreyfuss Co Men's & 1953 Chronograph Watch""@en ""Men's Watch (DGS00032/04) - WATCH SHOP.com™""@en"
1696,"""Reading Silver Men´s Watch 40mm""@en ""Daniel Wellington Reading 40mm nur € 189.00""@en"
1697,""" Hamilton Men's Jazzmaster Open Heart Automatic Watch""@en ""Men's Watch (H32565555) - WATCH SHOP.com™""@en"
1698,""" Casio Men's Edifice Time Traveller Bluetooth Hybrid Smartwatch Alarm Chronograph Solar Powered Watch""@en ""Men's Watch (EQB-600D-1A2ER) - WATCH SHOP.com™""@en"
1699,""" DANIEL WELLINGTON Ladies Classy Sheffield 26mm Watch ""@en ""DANIEL DW00100068 £64.00 - TheWatchSuperstore.com™""@en"
1700,"""Raymond Weil Toccata Watch 5488-STC-50001"" ""Shop Raymond 5588-STC-00300 Watches | Costello Jewelry Company"""
1701,""" Daniel Wellington Ladies' Winchester Rose 36mm Watch""@en ""Ladies' Watch (DW00100033) - WATCH SHOP.com™""@en"
1702,""" Hamilton Men's Jazzmaster Thinline 40mm Watch""@en ""Men's Watch (H38411783) - WATCH SHOP.com™""@en"
1703,"""Michele Serein Watch MW21A01B0966_MS18EV246710"" ""Shop Michele MWW21A000008 Watches | Northeastern Fine Jewelry"""
1704,"""Hamilton American Classic JazzMaster Maestro 45mm Mens Watch""@en Watch - H32766513""@en"
1705,""" Daniel Wellington Men's Glasgow 40mm Watch""@en ""Men's Watch (DW00100004) - WATCH SHOP.com™""@en"
1706,"""Maurice Lacroix Les Classiques Watch LC1087-SD501-160"" ""Shop Maurice LC6063-PS103-310 Watches | Costello Jewelry Company"""
1707,"""Alpina Diver 300 Automatic Watch AL-525LBG4V6B"" ""Shop Alpina AL-525LBG4V6 | Moyer Fine Jewelers"""
1708,"""Raymond Weil Noemia Watch 5132-STS-00985"" ""Shop Raymond 5132-ST-00985 Watches | Costello Jewelry Company"""
1709,"""SUUNTO TRAVERSE ALPHA STEALTH""@en apparel and sports equipment""@en STEALTH - TREKKING WATCH Suunto colour Black SS022469000 Athletic footwear"
1710,""" Hamilton Men's Khaki Below Zero 1000m Automatic Watch""@en ""Men's Watch (H78585333) - WATCH SHOP.com™""@en"
1711,"""Hamilton Jazzmaster Maestro Auto Chrono Watch H32716839"" H32766513"""
1712,"""Hamilton Jazzmaster Seaview Day Date Auto Watch H37565131"" ""Shop Hamilton Collection at Safa Jewelers"""
1713,"""Classic Black Bristol Silver 40mm""@pl 00 €""@pl ""Daniel Wellington Classic 40mm nur 189"
1714,"""Michele Serein Watch MW21A01B0966_MS18EV246710"" ""Shop Michele MWW21A000001 Watches | Costello Jewelry Company"""
1715,"""The Facet 38 All Silver""@pl 00 €""@pl ""Nixon The Silver A4091920 nur 129"
1716,""" Ball Men's Engineer Hydrocarbon Airborne Chronometer Watch""@en ""Men's Watch (DM2076C-S1CAJ-BK) - WATCH SHOP.com™""@en"
1717,"""Seiko Astron SSE025J1 GPS Solar Cronógrafo""@es precios y catálogo oficiales de relojes Seiko""@es Reloj Seiko Cronógrafo Edición Limitada ""Reloj"
1718,"""Tag Heuer Carrera WAR201A.BA0723"" WAR201A.BA0723 Watch | Watchfinder & Co."""
1719,"""Daniel Wellington Classic Lady Black Reading silver""@nl-NL silver 10:35 Horloge boektiek""@nl-NL"
1720,"""Polar M400 - Black HR""@en "" Polar HR Accessories 90051341 ""@en"
1721,"""Alpina Automatic 4 Watch AL-525SS5AQ6"" ""Shop Alpina AL-525BS5AQ6B | Moyer Fine Jewelers"""
1722,"""Hamilton Jazzmaster Maestro Auto Chrono Watch H32716839"" ""Shop Hamilton Collection at Safa Jewelers"""
1723,""" Tissot Classic Dream Watch ""@en ""Tissot - T0332101611100 | Ben Bridge Jeweler""@en"
1724,"""Rolex Milgauss 116400 – Black Dial Green Crystal""@en Crystal | Austin's Watches""@en"
1725,"""Cartier"", ""CartierCartier Tank Series Unisex Watch W2603556"""
1726,"""Panerai Radiomir Watch PAM00388"" ""Shop Panerai PAM00323 Watches | Northeastern Fine Jewelry"""
1727,"""Michele Serein Mid Watch MWW21B000009"" ""Shop Michele MWW21B000017 Watches | Northeastern Fine Jewelry"""
1728,"""Glasgow Silver Ladies´ Watch 36mm""@en ""Daniel Wellington Glasgow 36mm nur € 139.00""@en"
1729,"""Cartier Santos 100 Automatic Medium Steel"" Steel W20126X8 on Watch Agora"""
1730,""" Mens Nixon The Crew Leather Watch A1188-2769 ""New arrivals | Shop New Hut"""
1731,"""Raymond Weil Tango Watch 5591-ST-00607"" ""Shop Raymond 5591-STP-00308 Watches | Costello Jewelry Company"""
1732,"""Chronoscope Max Bill""@de 00 €""@de ""Junghans Chronoscope Bill 027/4600.00 nur 1.645"
1733,"""Bristol Rose Gold Ladies´ Watch 36mm""@en ""Daniel Wellington Bristol 36mm nur € 169.00""@en"
1734,"""Cartier Roadster W62041V3"" W62041V3 Watch | Watchfinder & Co."""
1735,""" Raymond Weil Men's Freelancer Automatic Watch""@en ""Men's Watch (2740-ST-20021) - WATCH SHOP.com™""@en"
1736,"""Raymond Weil Freelancer Watch 2740-ST-50021"" ""Shop Raymond 2760-SB1-20001 Watches | Costello Jewelry Company"""
1737,"""Alpina Automatic 4 Watch AL-525BS5AQ6"" ""Shop Alpina AL-525BS5AQ6 | Moyer Fine Jewelers"""
1738,"""Cartier Santos 100 Watch W20073X8"" ""Shop Cartier W20107X7 Watches | Northeastern Fine Jewelry"""
1739,"""Hamilton Jazzmaster Viewmatic Skeleton Gent Auto Watch H42545551"""
1740,"""Chopard 168997-3001 Mille Miglia Gran Turismo XL Watch""@en"
1741,"""Raymond Weil Toccata Watch 5488-STC-50001"" ""Shop Raymond 5588-ST-50001 Watches | Costello Jewelry Company"""
1742,"""Raymond Weil Toccata Watch 5988-P-97081"" ""Shop Raymond 5988-ST-00300 Watches | Costello Jewelry Company"""
1743,"""Suunto Traverse Alpha Stealth Outdoor Sapphire GPS Watch SS022469000 ""@en | Dutyfreeislandshop.com""@en"
1744,"""Startimer Pilot Herrenchronograph Big Date""@de ""Alpina Startimer Date nur 795 00 €""@de"
1745,"""Casio GA-110GB-1AER""@bg GA-110GB-1AER | G-Shock Stotak.com""@bg"
1746,"""Michele Serein 16 MWW21B000009"" ""MWW21B000009 Michele White Mother of Pearl Diamond Ladies Watch"""
1747,"""Seiko SUN021P1 Prospex Sea Watch"""
1748,"""Daniel Wellington Classic Lady Glasgow silver""@nl-NL silver | 10:35 Horloge boetiek""@nl-NL"
1749,"""Hamilton Jazzmaster Maestro Auto Chrono Watch H32716839"""
1750,"""Michele Serein Mid Watch MWW21B000009"" ""Shop Michele MWW21B000015 Watches | Costello Jewelry Company"""
1751,"""Seiko Prospex SRP773K1 Turtle""@en-US Turtle | reseller jam""@en-US"
1752,""" Ladies Raymond Weil Nabucco BRIT Awards 2014 Limited Edition Titanium Automatic Chronograph Diamond Watch 7700-TIR-BRIT14 ""Ladies Watches | Designer For Women The Hut"""
1753,"""Michele Serein Mid Watch MWW21B000009"" ""Shop Michele MW21B01B4099_MS16DH267715 Watches | Northeastern Fine Jewelry"""
1754,"""The Facet 38 Plum""@es ""Nixon The Plum A4092157 nur 129 00 €""@es"
1755,"""Longines Conquest L3.700.4.96.6"" ""Shop Longines L3.700.4.96.6 | Merry Richards Jewelers"""
1756,"""Bristol Oro Rosé Reloj para mujer 36mm""@es ""Daniel Wellington Bristol 36mm nur 169 00 €""@es"
1757,"""Hamilton Jazzmaster Seaview Chrono Quartz Watch H37512131"""
1758,""" Casio Unisex Databank Alarm Chronograph Watch""@en ""Unisex Watch (DB-360GN-9AEF) - WATCH SHOP.com™""@en"
1759,"""Michele Deco Watch MWW06P000171"" ""Shop Michele MWW06P000099 Watches | Costello Jewelry Company"""
1760,"""Reloj Casio Baby-g BLX-100-7ER"" BLX-100-7ER | KronosPA.com"""
1761,"""The Crew All Black""@en ""Nixon The Black A1186-001 nur € 199.00""@en"
1762,"""Mens Meister Pilot Automatic Chronograph Watch ""@de ""Junghans Edition | Official JUNGHANS Stockist""@de"
1763,""" Seiko Astron Men's GPS Chronograph Solar Powered Watch""@en ""Men's Watch (SSE101J1) - WATCH SHOP.com™""@en"
1764,"""Meister Kalender Reloj automático""@es ""Junghans Meister automático nur 1.990 00 €""@es"
1765,"""Omega Speedmaster Watch 311.92.44.51.01.003"""
1766,"""Unisex Daniel Wellington klassisch Schwarz Sheffield Uhr 40mm DW00100133""@de"
1767,"""Seiko Prospex Kinetic 200m Diver Sapphire Silicone Men's Watch SUN021P1 ""@en | Dutyfreeislandshop.com""@en"
1768,"""Raymond Weil Freelancer Watch 7740-SC1-65221"" ""Shop Raymond 2754-ST-05500 Watches | Costello Jewelry Company"""
1769,"""Seiko Sportura Kinetic Automatic Black Sapphire GMT Men's Watch SUN015P1 ""@en | Dutyfreeislandshop.com""@en"
1770,"""Cartier Santos-Dumont Watch WH100351"" ""Shop Cartier Collection at Northeastern Fine Jewelry"""
1771,"""Ladies Daniel Wellington St Mawes Rose 36mm Watch DW00100035"""
1772,"""Mens Engineer Hydrocarbon Ceramic XV Chronometer Automatic Watch ""@de ""Ball Uhren | Official BALL Stockist""@de"
1773,"""Cartier Santos 100 Watch W20073X8"" ""Shop Cartier WSSA0006 Watches | Northeastern Fine Jewelry"""
1774,"""Longines Sport Conquest ""@en"
1775,"""Herren Tissot Quickster Chronograf Uhr T0954171703701""@de"
1776,"""CASIO EDIFICE EQB-600D-1A2ER TOUGH SOLAR BLUETOOTH WATCH""@en WATCH - Discount Jewellery UK""@en"
1777,"""Omega 311.30.42.30.01.005 Speedmaster Moonwatch mens Swiss watch"""
1778,"""Dapper Sheffield Oro Rosé 38mm""@es ""Daniel Wellington Dapper 38mm nur 143 20 €""@es"
1779,"""Michele Deco Mid Watch MWW06V000002"" ""Shop Michele MW06V00A0029_MS16DM235009 Watches | Costello Jewelry Company"""
1780,"""Michele Deco Mid Watch MWW06V000002"" ""Shop Michele MWW06V000001 Watches | Costello Jewelry Company"""
1781,"""Michael Kors MK3493 Slim Runway watch"""
1782,"""Raymond Weil Tango Watch 5391-STP-00308"" ""Shop Raymond 5960-STP-00995 Watches | Costello Jewelry Company"""
1783,"""Solar men´s watch""@en ""Seiko Solar watch SNE031P1 nur € 159.00""@en"
1784,""" Unisex Junghans Max Bill Watch 047/4659.00 ""Men's Watches | Designer For Men The Hut"""
1785,"""Raymond Weil Tango Watch 5391-STP-00308"" ""Shop Raymond 5391-ST-00995 Watches | Costello Jewelry Company"""
1786,"""Cartier"", ""CartierCartier New Santos Series Men's Watch W20072X7"""
1787,"""Hamilton Thinline Small Second Quartz H38411783"" ""Thinline Quartz"""
1788,"""Max Bill Ladies´ Watch""@en ""Junghans Max Watch 047/4658.00 nur € 495.00""@en"
1789,"""Glassgow Rose Gold Men´s Watch 40mm""@en ""Daniel Wellington Glassgow 40mm nur € 119.00""@en"
1790,"""Hamilton Khaki Navy BelowZero 1000M Auto H78585333""@en ""HAMILTON KHAKI NAVY BELOWZERO AUTO"
1791,"""Classic Black Reading Silver 36mm""@es ""Daniel Wellington Classic 36mm nur 169 00 €""@es"
1792,"""Maurice Lacroix Les Classiques Watch LC1087-SD501-160"" ""Shop Maurice LC1087-SS001-121-1 Watches | Costello Jewelry Company"""
1793,"""Alpina Pilot Quartz Chronograph Watch AL-372N4FBS6"" ""Shop Alpina AL-372B4FBS6 | Moyer Fine Jewelers"""
1794,"""Holst Men´s Watch""@en ""Skagen Holst Watch SKW6237 nur € 169.00""@en"
1795,"""Classic Black Bristol Silver 40mm""@de ""Daniel Wellington Classic 40mm nur 189 00 €""@de"
1796,"""Cartier Tank Americaine W2603556"" W2603556 Watch | Watchfinder & Co."""
1797,"""Seiko Astron SSE047J1 watch"""
1798,""" Garmin Unisex Forerunner 235 HR GPS Bluetooth Alarm Chronograph Watch""@en ""Unisex Watch (010-03717-49) - WATCH SHOP.com™""@en"
1799,"""Herren Skagen Hagen Uhr SKW6216""@de"
1800,"""Panerai Radiomir Automatic PAM00388"" PAM00388 Watch | Watchfinder & Co."""
1801,"""Raymond Weil Freelancer Watch 2740-ST-20021"" ""Shop Raymond 7740-SC1-65221 Watches | Costello Jewelry Company"""
1802,"""Omega Seamaster 232.30.44.22.03.001"""
1803,"""Michele Serein Watch MWW21A000008"" ""Shop Michele MWW21A000058 Watches | Costello Jewelry Company"""
1804,"""Raymond Weil Tango Watch 5391-ST-00995"" ""Shop Raymond 5391-STP-00995 Watches | Costello Jewelry Company"""
1805,"""Quartz T055.417.11.057.00 Tissot PRC 200 Chrono Gent""@en ""Watch T-Sport Quartz Laguardajoiers official dealer of in Barcelona""@en catalog"
1806,"""Tissot"" ""TissotTissot Swiss Made Wrist Watch T035.210.11.051.00 35mm"""
1807,"""Longines Conquest Watch L3.277.4.76.6"" ""Shop Longines L3.700.4.96.6 Watches | Northeastern Fine Jewelry"""
1808,""" RAYMOND WEİL 5988-ST-00300 Bayan Kol Saati ""@tr ""Raymond Weil En Ucuz Fiyat""@tr"
1809,"""Classic Black Durham Silver 40mm""@en ""Daniel Wellington Classic 40mm nur € 189.00""@en"
1810,"""The Facet 38 Plum""@pl 00 €""@pl ""Nixon The Plum A4092157 nur 129"
1811,"""Omega Speedmaster Dark Side of the Moon 311.92.44.51.01.003"" 311.92.44.51.01.003 Watch | Watchfinder & Co."""
1812,"""SEIKO 5 SPORTS AUTOMATIC""@it-IT AUTOMATIC | Oreficeria Faletti""@it-IT"
1813,""" DANIEL WELLINGTON Ladies Bristol Rose 36mm Watch ""@en ""DANIEL DW00100039 £82.00 - TheWatchSuperstore.com™""@en"
1814,"""Seiko SRP773K1 Prospex Mar Diver's""@es ""Reloj Seiko Automático"
1815,"""Chopard Mille Miglia Gran Turismo Mens Watch 168997-3001""@en-us"
1816,"""Longines Conquest Watch L3.700.4.96.6"" ""Shop Longines L3.277.4.76.6 Watches | Northeastern Fine Jewelry"""
1817,"""Classy Sheffield Silver Reloj para mujer 26mm""@es ""Daniel Wellington Classy 26mm nur 129 00 €""@es"
1818,"""The Facet 38 All Silver""@es 00 €""@es ""Nixon The Silver A4091920 nur 129"
1819,"""Seiko Prospex Turtle Automatic 24 Jewels 200m Divers Blue Dial Men's Watch SRP773K1 ""@en SRP773K | Dutyfreeislandshop.com""@en"
1820,"""Damen Michael Kors Darci Uhr MK3192""@de"
