id,title
0,"""Max Bill Automatic Acier/Noir - Junghans""@fr-fr Junghans 027/3400.00""@fr-fr"
1,""" Mens Nixon The Crew Watch A1186-001 ""Sale | Hut"""
2,""" Link and Round Diamond Ring ""@en ""Link | Shane Co.""@en"
3,"""Suunto Core All Black Military Men's Outdoor Sports Watch - SS014279010"" ""Electronics & Gadgets | Running Outlet Express"""
4,""" Unisex Swatch Flexiblack Watch LB183B ""Latest Mens Watches"""
5,"""Sheffield Silver Reloj para hombre 40mm""@es 00 €""@es ""Daniel Wellington Sheffield 40mm nur 149"
6,"""Raymond Weil Maestro Watch 2227-STC-00659"" ""Shop Raymond 2227-STC-00659 Watches | Costello Jewelry Company"""
7,"""JAZZMASTER MAESTRO AUTOCHRONO""@es AUTOCHRONO - Tomas Colomer""@es"
8,"""Michele Deco Mid Watch MW06V00A0029_MS16DM235009"" ""Shop Michele MW06V00A0029_MS16DM235009 Watches | Costello Jewelry Company"""
9,"""Mens Aikon Chronograph Watch ""@de ""Maurice Lacroix Schweizer hergestellt luxuriös Uhren - including Pontos Miros Fiaba und Les Classique ranges""@de"
10,"""Cartier Tank Louis Cartier Watch W1529756"" ""Shop WGTA0010 Watches | Northeastern Fine Jewelry"""
11,""" 5mm Cultured Freshwater Pearl, Black Agate and Sterling Silver Necklace (47"") ""@en | Shane Co.""@en ""5mm Pearl"
12,"""Tissot Couturier Quartz T035.410.11.051.00 Gent""@es ""Reloj Tissot Gent catálogo oficial Laguardajoiers distribuidor de en Barcelona""@es"
13,"""Herren Daniel Wellington Oxford 40mm Uhr DW00100001""@de"
14,"""Maurice Lacroix Les Classiques Watch LC1087-SS002-120-1"" ""Shop Maurice LC1087-SS001-120-1 Watches | Costello Jewelry Company"""
15,"""Klokers KLOK-02 Watch KLOK-02-KLINK-02-380C6"" ""Shop Klokers KLOK-02-KLINK-02-380C8 Watches | Costello Jewelry Company"""
16,"""Mens Red Arrows World Time Chronograph Eco-Drive Watch ""@de ""Fathers Tag - Uhren und gift ideas""@de"
17,"""Alpina Automatic 4 Watch AL-525NS5AQ6"" ""Shop Alpina AL-525BS5AQ6 | Moyer Fine Jewelers"""
18,"""Kinetic GMT Diver´s Reloj para hombre""@es 00 €""@es ""Seiko Kinetic hombre SUN021P1 nur 599"
19,"""RolexNEW ROLEX MILGAUSS ANNIVERSARY EDITION MENS WATCH 116400GV"", ""Rolex"""
20,"""Daniel Wellington Classic Lady Canterbury rose gold""@nl-NL gold 10:35 Horloge boektiek""@nl-NL"
21,"""Raymond Weil Toccata Watch 5988-P-97081"" ""Shop Raymond 5388-SPS-97081 Watches | Costello Jewelry Company"""
22,"""ArtCarved Classic Engagement Ring 31-V734ERW-E"" ""Shop ArtCarved 31-V405ERW-E rings | Northeastern Fine Jewelry"""
23,"""Tissot"" ""TissotTissot Swiss Made Wrist Watch T048.417.27.057.01 43mm"""
24,"""G-Shock reloj para hombre Master of G Oversized""@es 90 €""@es ""Casio G-Shock Oversized nur 99"
25,"""Raymond Weil Toccata Watch 5388-ST-50081"" ""Shop Raymond 5988-P-97081 Watches | Costello Jewelry Company"""
26,"""Seiko Men's SKX007K2 Diver's Automatic Watch"" ""Sport Watches - Page 5 | All Fitness Gadgets"""
27,"""Bvlgari B.Zero1 Watch BZ23WSGDL 12"" BZ23WSGS 12.M | Dejaun Jewelers"""
28,"""Cartier Tank Americaine W2603556"" W2603556 Watch | Watchfinder & Co."""
29,"""Kinetic Herrenuhr""@de 00 €""@de ""Seiko Kinetic Herrenuhr SKA531P1 nur 329"
30,"""Ladies Freja Watch ""@de ""Skagen Uhren und Schmuck | Official SKAGEN Stockist""@de"
31,"""Omega Constellation Watch 123.10.35.60.02.001"" ""Watch Finder"""
32,"""Tissot T Classic Couturier ""@en"
33,"""Automatikuhr Max Bill""@de ""Junghans Automatikuhr Bill 027/7700.00 nur 955 00 €""@de"
34,"""NEC Slot-in PC 100013751 - Prijzen ""@NL Tweakers""@NL"
35,"""Raymond Weil Maestro Watch 2238-STC-00659"" ""Shop Raymond 2238-STC-00659 Watches | Costello Jewelry Company"""
36,"""Cartier Ronde Louis Cartier Watch W6800151"" ""Shop WR000251 Watches | Northeastern Fine Jewelry"""
37,"""Cartier Tank MC Watch W5330007"" ""Shop Cartier WSTA0010 Watches | Northeastern Fine Jewelry"""
38,"""Herren Tissot Quickster Chronograf Uhr T0954171703701""@de"
39,"""Daniel Wellington Classic Man Sheffield silver""@nl-NL silver | 10:35 Horloge boetiek""@nl-NL"
40,"""Mens G-Shock Rangeman Alarm Chronograph Radio Controlled Watch ""@de ""Fathers Tag - Uhren und gift ideas""@de"
41,"""Omega Seamaster 23332412101002"" "" Discover the Omega watch collection at Albemarle Bond"
42,"""Daniel Wellington Classic Lady Glasgow rose gold""@nl-NL gold 10:35 Horloge boektiek""@nl-NL"
43,"""Montre Daniel Wellington, Canterbury unisexe""@fr Wellington unisexe - W0502DW""@fr"
44,""" Junghans Men's Max Bill Automatic Watch""@en ""Men's Watch (027/4700.00) - WATCH SHOP.com™""@en"
45,"""Promaster Marine Men´s -Divers´ Watch""@en ""Citizen Promaster Watch nur € 159.20""@en"
46,"""Valiant Automatic Watch 40mm""@en ""Hamilton Valiant 40mm H39515134 nur € 545.00""@en"
47,"""Rolex Submariner 116610LN"" "" Pre-loved Rolex 116610LN watch at Albemarle Bond"
48,"""Daniel Wellington Classic Lady Winchester rose gold""@en-GB gold 10:35 Watch boutique""@en-GB"
49,"""DKNY NY2287 Stanhope watch"""
50,"""RELOJ TISSOT T-RACE PARA CABALLERO""@es ""reloj tissot t-race para caballero T0484172705706-Bizzarro Momentos inolvidables""@es"
51,"""Tortoise Watch""@en ""Michael Kors Tortoise Watch | SHOPBOP SAVE UP TO 30% Use Code: MORE17""@en"
52,""" Pulsar Men's Chronograph Watch""@en ""Men's Watch (PT3161X1) - WATCH SHOP.com™""@en"
53,"""G-Shock Speed Shifter reloj para hombre""@es ""Casio G-Shock hombre nur 95 00 €""@es"
54,"""Bvlgari Bvlgari Watch BBL26WSSD"" BBL33WSS 12 | Dejaun Jewelers"""
55,"""Cartier Santos 100 Watch W20107X7"" ""Shop Cartier W20106X8 Watches | Northeastern Fine Jewelry"""
56,""" Unisex Gucci Dive Watch YA136215 ""Ladies Watches | Designer For Women The Hut"""
57,"""Rolex GMT-Master II 116710"" ""116710LN | Rolex Men's Watch"""
58,"""Jacqueline Damenuhr""@de 00 €""@de ""Fossil Jacqueline Damenuhr ES3487 nur 119"
59,"""Samsung Gear Fit2 SmartWatch (Large), Black (Certified Refurbished)""@en-US ""Other Tech Accessories - Page 1461 | All Toys""@en-US"
60,"""Cartier"", ""CartierCartier Classic Santos Series Men's Watch W20055D6"""
61,"""Maurice Lacroix Les Classiques Watch LC6098-SS001-120-1"" ""Shop Maurice LC6098-SS001-121-1 Watches | Costello Jewelry Company"""
62,""" TAG HEUER CARRERA（卡萊拉系列） Calibre 7兩地時間 自動上鏈腕錶 100米 - ∅41毫米 WAR2012.BA0723 ""@zh-hant ""TAG Heuer（泰格豪雅） Carrera Automatic Watch 41毫米 | watch price""@zh-hant"
63,"""Eco-Drive Herrenuhr""@de ""Citizen Eco-Drive Herrenuhr AW1360-04E nur 139 00 €""@de"
64,"""Carl F Bucherer AutoDate TwoTone Watch 00.10621.07.77.21"" ""Shop Carl 00.10621.07.77.21 | Moyer Fine Jewelers"""
65,"""CASIO LA670WEA-7EF""@fr-fr, "" MR JONES QUEEN LTD EDITION ""@fr-fr, CYCLOPS SUMMER NIGHT TOKYOFLASH KISAI BLADE DARK... SUN AND MOON G-SHOCK GMA-S110CM-3AER COUNT DOWN CLOCK NIGHT... G-8900-1ER BABY-G BGD-501UM-3ER KAKI GMA-S110CM-8AER MARU... DAWN WEST DUSK THE LAST LAUGH KING BA-110 SERIES BLACK BGD-501UM-2ER NAVY /... SPACE... SATELLITE ADJUST... LAPS VANITE GOLD BLUE TIME TRAVELLER DW-5600 POLARIZED... LAUGH... ALL GOLD... AVERAGE DAYS GMA-S110CM-2AER TRICOLOR ""@fr-fr LA670WEA-7EF - Chez maman""@fr-fr"
66,"""Chopard Superfast Watch 161291-5001"" 161284-5001 | Dejaun Jewelers"""
67,""" Raymond Weil Men's Tradition Watch""@en ""Men's Watch (5466-ST-00608) - WATCH SHOP.com™""@en"
68,"""Chopard Happy Sport Chrono Watch 288499-3001"" 283583-5006 | Dejaun Jewelers"""
69,"""Zegarek męski Kinetic""@pl 00 €""@pl ""Seiko Zegarek Kinetic SKA531P1 nur 329"
70,"""Tag Heuer Carrera WAR201A.BA0723"" WAR201A.BA0723 Watch | Watchfinder & Co."""
71,"""Edifice Zegarek męski Słoneczna energia Bluetooth""@pl 00 €""@pl ""Casio Edifice Bluetooth nur 399"
72,""" Unisex Swatch Flexiblack Watch LB183B ""Ladies Watches | Designer For Women The Hut"""
73,"""Cartier Hypnose Watch WJHY0006"" ""Shop Cartier WJHY0003 Watches | Northeastern Fine Jewelry"""
74,"""Herren Hamilton Jazzmaster Thinline Uhr H38511133""@de"
75,"""G-Shock Reloj para hombre""@es ""Casio G-Shock hombre GA-400-1BER nur 129 00 €""@es"
76,"""Unisex Forerunner 235 HR GPS Bluetooth Alarm Chronograph Watch ""@de ""Herren Sport Uhren""@de"
77,"""Herrenuhr""@de 90 €""@de ""Casio Herrenuhr DB-360GN-9AEF nur 64"
78,""" Citizen Ladies' Dress Eco-Drive Watch""@en ""Ladies' Watch (FE1081-08A) - WATCH SHOP.com™""@en"
79,"""Bartlettyarns Maine Wool Yarn color 2300""@en Yarn""@en"
80,""" TAG HEUER FORMULA 1 Calibre 7 Relógio Automático 200 M - ∅41 mm WAZ211A.BA0875 ""@pt ""TAG Heuer Formula Automatic Watch 41 | watch price""@pt"
81,"""Chopard Superfast Watch 161291-5001"" 168535-3002 | Dejaun Jewelers"""
82,""" Mens Skagen Signatur Regulator Watch SKW6390 ""Men's Watches | Designer For Men The Hut"""
83,"""Red Palazzo Empire Watch""@en ""Versace Red Watch for Women | UK Online Store""@en"
84,"""Reloj digital para hombre""@es ""Casio Reloj hombre G-9300-1ER nur 199 00 €""@es"
85,"""Herren Emporio Armani Chronograf Uhr AR1737""@de"
86,"""Daniel Wellington Classic Lady Sheffield rose gold""@nl-NL gold | 10:35 Horloge boetiek""@nl-NL"
87,"""Chopard Happy Sport Chrono Watch 288499-6002"" 283583-5006 | Dejaun Jewelers"""
88,""" Tissot Men's PR100 Powermatic 80 Automatic Watch""@en ""Men's Watch (T1014072203100) - WATCH SHOP.com™""@en"
89,""" Hamilton Ladies' Jazzmaster Lady 30mm Watch""@en ""Ladies' Watch (H42211155) - WATCH SHOP.com™""@en"
90,"""Solar Herrenchronograph""@de ""Seiko Solar Herrenchronograph SSC431P1 nur 329 00 €""@de"
91,""" POLAR Unisex M400 Bluetooth GPS Activity Tracker Heart Rate Bundle Smart Alarm Chronograph Watch ""@en ""POLAR 90051341 £157.50 - TheWatchSuperstore.com™""@en"
92,"""Skagen Watch - 233XXLSLB Grenen Leather""@en Leather | TQ Diamonds""@en"
93,"""Diesel DZ1440 Double Down watch"""
94,"""JAZZMASTER AUTO CHRONO""@es CHRONO - Tomas Colomer""@es"
95,"""Zegarek męski z tytanu""@pl 00 €""@pl ""Seiko Zegarek tytanu SGG731P1 nur 209"
96,"""Dior Chiffre Rouge Watch CD084C10A002"" CD084B10M001 | Dejaun Jewelers"""
97,"""Daniel Wellington Classic Lady York silver""@en-GB silver 10:35 Watch boutique""@en-GB"
98,""" Ladies Karl Lagerfeld Joleigh Watch KL3409 ""Latest Mens Watches"""
99,"""Michele Deco Mid MW06V00A0029_MS16DM235009"""
100,"""Cartier Drive De Cartier Watch W4100013"" ""Shop WGNM0003 Watches | Northeastern Fine Jewelry"""
101,"""Hombre-Reloj automático""@es ""Seiko Hombre-Reloj automático SRP705K1 nur 279 00 €""@es"
102,""" SUUNTO SS019863000 Erkek Kol Saati ""@tr ""Suunto En Ucuz Fiyat""@tr"
103,"""Chopard Happy Sport Chrono Watch 288499-3001"" 288499-3016 | Dejaun Jewelers"""
104,"""Raymond Weil Tango Watch 8160-ST-00608"" ""Shop Raymond 8160-ST-00608 Watches | Costello Jewelry Company"""
105,"""Raymond Weil Maestro Watch 2237-ST-BEAT1"" ""Shop Raymond 2238-PC5-00209 Watches | Costello Jewelry Company"""
106,""" Montre noire & dorée LA670WEGB-1BEF - Casio ""@fr ""Fête des pères""@fr"
107,""" Unisex Gucci Dive Watch YA136215 ""Luxury Mens Watches"""
108,"""York Rosegold Herrenuhr 40mm""@de 00 €""@de ""Daniel Wellington York 40mm nur 139"
109,"""Alpina SEASTRONG DIVER 300 AL-525LGG4V6""@en"
110,"""Glasgow Różowe złoto Zegarek damski 36mm""@pl 00 €""@pl ""Daniel Wellington Glasgow 36mm nur 139"
111,"""Solar Cronógrafo para hombre""@es ""Seiko Solar hombre SSC437P1 nur 239 00 €""@es"
112,""" Steel Plate Round Watch with black Leather strap ""@en ""Plate Round""@en"
113,"""Cartier Tortue Watch W1556363"" ""Shop Cartier WGTO0003 Watches | Northeastern Fine Jewelry"""
114,""" Mens Nixon The Crew Watch A1186-2761 ""New arrivals | Shop New Hut"""
115,"""Hamilton Regulator H42615553"" ""Regulator"""
116,""" Daniel Wellington Men's Dapper 38mm York Watch""@en ""Men's Watch (DW00100089) - WATCH SHOP.com™""@en"
117,"""Daniel Wellington Dapper Durham silver""@en-GB silver 10:35 Watch boutique""@en-GB"
118,"""Herren Daniel Wellington Glasgow Silber 40mm Uhr DW00100018""@de"
119,"""Suunto Core Watches""@en Watches | Sportsman's Warehouse""@en"
120,"""Alpina Automatic 4 Watch AL-525NS5AQ6"" ""Shop Alpina AL-525BS5AQ6B | Moyer Fine Jewelers"""
121,"""Michele Deco Mid Watch MWW06V000003"" ""Shop Michele MW06V00A0029_MS16DM235009 Watches | Costello Jewelry Company"""
122,"""Cartier Santos-Dumont Watch WH100351"" ""Shop Cartier W2009251 Watches | Northeastern Fine Jewelry"""
123,"""Raymond Weil Tango Watch 8160-ST-00608"" ""Shop Raymond 8160-STP-00308 Watches | Costello Jewelry Company"""
124,"""Mens Casio Pro-Trek Alarm Chronograph Watch PRG-300-1A2ER"""
125,"""American Standard - R890""@en"
126,"""Mens Engineer Hydrocarbon Ceramic XV Chronometer Automatic Watch ""@de ""Chronometer COSC Rated mechanisch Uhren""@de"
127,"""Chopard Happy Sport Mini Watch 278509-6003"" 278509-3007 | Dejaun Jewelers"""
128,"""Omega Seamaster 300m 2541.80.00"" 2541.80.00 Watch | Watchfinder & Co."""
129,"""Kinetic GMT Diver´s Zegarek męski""@pl 00 €""@pl ""Seiko Kinetic męski SUN021P1 nur 599"
130,"""Michele Deco Mid Diamond Watch"" ""Dynamic Filter"""
131,"""G-Shock Mudman Herrenuhr""@de ""Casio G-Shock Herrenuhr G-9300-1ER nur 199 00 €""@de"
132,"""Henry Glitz Chronograph Watch""@en ""Marc by Marc Jacobs Henry Watch | SHOPBOP SAVE UP TO 30% Use Code: MORE17""@en"
133,"""Alpina STARTIMER CHRONOGRAPH AL-725GR4S6""@en"
134,""" Ladies Raymond Weil Toccata Diamond Watch 5988-P-97081 ""Raymond Watches"""
135,"""Maurice Lacroix Les Classiques Watch LC1087-SS002-120-1"" ""Shop Maurice LC1087-SD501-160 Watches | Costello Jewelry Company"""
136,"""Cambridge Oro Rosé Reloj para hombre 40mm""@es 00 €""@es ""Daniel Wellington Cambridge 40mm nur 159"
137,"""Bristol Rose Gold Ladies´ Watch 36mm""@en ""Daniel Wellington Bristol 36mm nur € 169.00""@en"
138,"""Alpina Pilot Quartz Chronograph Watch AL-372LBO4V6"" ""Shop Alpina AL-372LBN4V6 | Moyer Fine Jewelers"""
139,"""Cartier Tank MC Watch W5330007"" ""Shop Cartier W5330007 Watches | Northeastern Fine Jewelry"""
140,"""Pyle Sports PHRM38SL Heart Rate Monitor Watch with Minimum, Average Rate, Calories, Target Zones, Silver""@en-US ""Health Monitors - Page 31 | Medical Outlet Direct""@en-US"
141,"""Panerai 2013 Watch PAM00532"" ""Shop Panerai PAM00446 Watches | Northeastern Fine Jewelry"""
142,"""Herren Hamilton Jazzmaster Tag Datum Automatik Uhr H32505731""@de"
143,"""Wave Ceptor men´s radio controlled watch""@en ""Casio Wave watch nur € 69.90""@en"
144,"""Edifice Men´s Watch Solar Bluetooth""@en ""Casio Edifice Bluetooth nur € 329.00""@en"
145,"""Carl F Bucherer ChronoDate Watch 00.10624.08.33.01"" ""Shop Carl 00.10624.08.33.21 Watches | Costello Jewelry Company"""
146,"""Bvlgari Bvlgari Watch BBLP33WGG 12"" BBLP33WGDL 12 | Dejaun Jewelers"""
147,"""Alpina Automatic 4 Watch AL-525NS5AQ6"" ""Shop Alpina AL-525BR5AQ6 | Moyer Fine Jewelers"""
148,"""Omega De Ville Co-Axial 424.13.40.20.02.001"" 424.13.40.20.02.001 Watch | Watchfinder & Co."""
149,"""Cartier WSCA0006 Calibre de Cartier Diver - Carbon Watch""@en"
150,"""Omega Constellation 1202.30.00"" 1202.30.00 Watch | Watchfinder & Co."""
151,""" Seiko Men's Solar Powered Watch""@en ""Men's Watch (SNE039P1) - WATCH SHOP.com™""@en"
152,"""Classy Sheffield Silver Damenuhr 26mm""@de 20 €""@de ""Daniel Wellington Classy 26mm nur 103"
153,"""Casio GA-110MB-1AER""@bg GA-110MB-1AER | G-Shock Stotak.com""@bg"
154,"""Cartier Hypnose Watch WJHY0006"" ""Shop Cartier WJHY0009 Watches | Northeastern Fine Jewelry"""
155,""" Hamilton Ladies' Valiant Automatic Watch""@en ""Ladies' Watch (H39415654) - WATCH SHOP.com™""@en"
156,"""Cartier Tortue Watch W1556363"" ""Shop Cartier W1556363 Watches | Northeastern Fine Jewelry"""
157,"""Ladies Nabucco BRIT Awards 2014 Limited Edition Titanium Automatic Chronograph Diamond Watch ""@de ""Limited Uhren""@de"
158,"""Omega Seamaster 25418000"" "" Discover the Omega watch collection at Albemarle Bond"
159,"""Alpina Pilot Quartz Chronograph Watch AL-372N4S6"" ""Shop Alpina AL-372LBBG4FBV6 | Moyer Fine Jewelers"""
160,"""Eco-Drive Reloj para hombre""@es ""Citizen Eco-Drive hombre AW1360-04E nur 139 00 €""@es"
161,"""Hamilton AC Jazzmaster Seaview Quartz""@es Quartz - Tomas Colomer""@es"
162,"""SSA231K1 Seiko Neo Classic""@en ""Watch Classic SSA231K1 lime. 4R39. watches sale online in barcelona""@en"
163,"""Vintage Oversized Watch""@en ""La Mer Collections Vintage Watch | SHOPBOP SAVE UP TO 30% Use Code: MORE17""@en"
164,"""St. Mawes Rosegold Herrenuhr 40mm""@de ""Daniel Wellington St. 40mm nur 189 00 €""@de"
165,"""Herren Casio G-Shock Wecker Chronograf Uhr GA-110LPA-1AER""@de"
166,"""Bvlgari LVCEA Watch LU33C6SSPGD"" LU33C6SSD | Dejaun Jewelers"""
167,"""Ladies Day Dream Watch ""@de ""Folli Follie Uhren und Schmuck | Official FOLLI FOLLIE Stockist""@de"
168,"""Automatik Diver´s Herrenuhr""@de ""Seiko Automatik Herrenuhr SRP639K1 nur 395 00 €""@de"
169,"""Tag Heuer Formula 1 Sparkling WAH1315.BA0868"" WAH1315.BA0868 Watch | Watchfinder & Co."""
170,""" Unisex Junghans Max Bill Watch 047/4658.00 ""Luxury Mens Watches"""
171,"""Polo Joma Champion III - Rouge / Jaune""@fr "" Teamwear homme Polo Jaune ""@fr"
172,""" Unisex Welder The Moody 38mm Watch K55/WRC625 ""Men's Watches | Designer For Men Hut"""
173,"""Casio B640WC-5AEF Retro watch"""
174,"""Cartier Tank MC Watch W5330007"" ""Shop Cartier W5330005 Watches | Northeastern Fine Jewelry"""
175,"""Skagen SKW6237 Holst mens watch"""
176,""" Nixon Ladies' The Monopoly Watch""@en ""Ladies' Watch (A325-1219) - WATCH SHOP.com™""@en"
177,"""Seiko Prospex Sea Turtle Automatic Divers PADI 200m Watch SRPA21K1 ""@en SRPA21K | Dutyfreeislandshop.com""@en"
178,"""Seiko Kinetic Herrenuhr SUN015P1""@de"
179,"""Alpina Pilot Quartz Chronograph Watch AL-372N4S6"" ""Shop Alpina AL-372LBN4V6 | Moyer Fine Jewelers"""
180,"""Omega Constellation ""@en 123.10.35.60.02.001 Men's Watch - The Prime Watches.""@en"
181,""" Casio Men's G-Shock Military Black Alarm Chronograph Watch""@en ""Men's Watch (GA-110MB-1AER) - WATCH SHOP.com™""@en"
182,"""Seiko SRP639K1 Prospex Sea watch"""
183,"""Cartier Santos 100 Watch W20072X7"" ""Shop Cartier W20073X8 Watches | Northeastern Fine Jewelry"""
184,"""Daniel Wellington Classic Man Glasgow rose gold""@en-GB gold 10:35 Watch boutique""@en-GB"
185,"""Daniel Wellington Classic Lady Black Bristol silver""@nl-NL silver | 10:35 Horloge boetiek""@nl-NL"
186,"""Carl F Bucherer Peripheral Watch 00.10917.08.73.11"" ""Shop Carl 00.10917.08.83.11 Watches | Costello Jewelry Company"""
187,"""Meister Pilot Zegarek automatyczny""@pl 00 €""@pl ""Junghans Meister automatyczny nur 2.240"
188,"""Couturier T035.439.11.051.00 Tissot Quartz GMT Gent""@en ""Watch Couturier Gent official catalog Laguardajoiers dealer of in Barcelona""@en"
189,"""Dior Montaigne Watch CD151111M001"" CD152110M004 | Dejaun Jewelers"""
190,"""Charles Krypell Sterling Silver Necklace 4-6880-SGCIRCLE"" ""Shop Charles 4-6992-FFSG Necklaces | Northeastern Fine Jewelry"""
191,"""HamiltonHamilton Swiss Movement Watch H37512131 44mm"", ""Hamilton"""
192,"""Tissot T-Touch T013.420.47.202.00"" ""T013.420.47.202.00 Tissot Black Dial Mens Titanium Quartz Watch"""
193,"""Unisex Databank Alarm Chronograph Watch ""@de G-Shock | DE Shop™""@de ""Casio Uhr online finden Edifice"
194,"""Bvlgari Bvlgari Watch BBL262TBSS 12.M"" BBL33C6SS 12 | Dejaun Jewelers"""
195,"""Reloj Tissot T-Race Quartz Negro"""
196,"""Edifice Herrenuhr schwarz""@de ""Casio Edifice schwarz EF-125D-1AVEF nur 69 90 €""@de"
197,"""Zegarek męski Desire""@pl ""Tissot Zegarek Desire T52.1.421.12 nur 180 00 €""@pl"
198,"""RELOJ CASIO""@en-us CASIO - La Joyería del Peregrino""@en-us"
199,"""Herren Hamilton Jazzmaster Automatik Chronograf Uhr H32596751""@de"
200,""" Casio Men's G-Shock Alarm Chronograph Watch""@en ""Men's Watch (G-2900F-2VER) - WATCH SHOP.com™""@en"
201,""" Casio Men's G-Shock Alarm Chronograph Watch""@en ""Men's Watch (GA-110LPA-1AER) - WATCH SHOP.com™""@en"
202,"""The Sentry 38 SS Gold Black Sunray Herrenuhr""@de 00 €""@de ""Nixon The Herrenuhr nur 199"
203,"""Daniel Wellington Classic Man Black York silver""@nl-NL silver 10:35 Horloge boektiek""@nl-NL"
204,"""Wave Ceptor Zegarek męski sterowany na radio""@pl 90 €""@pl ""Casio Wave radio nur 69"
205,"""Classy Sheffield Roségold Reloj para mujer 26mm""@es ""Daniel Wellington Classy 26mm nur 99 00 €""@es"
206,"""Carl F Bucherer Power Reserve Watch 00.10912.08.33.21"" ""Shop Carl 00.10912.08.13.01 | Moyer Fine Jewelers"""
207,"""TAG Heuer Formula 1 Diamonds 32 mm"""
208,"""Raymond Weil Noemia Watch 5132-STS-00985"" ""Shop Raymond 5132-SPS-00985 Watches | Costello Jewelry Company"""
209,""" Daniel Wellington Men's Dapper 38mm Reading Watch""@en ""Men's Watch (DW00100107) - WATCH SHOP.com™""@en"
210,"""Damen Raymond Weil Noemia 32mm Diamant Uhr 5132-STS-00985""@de"
211,""" MINI MAFIA ""@en-us, LTHR SUPPLY T1 - ROSE... RESIN BLACK ""MAX BILL MECANIQUE""@en-us MECANIQUE Chez maman""@en-us"
212,"""Sheffield Silver Zegarek damski 36mm""@pl 20 €""@pl ""Daniel Wellington Sheffield 36mm nur 135"
213,""" null 2 in. x 12 Floor Register, Natural Oak""@en-US"
214,"""Cartier Tortue Watch W1556363"" ""Shop Cartier WA501008 Watches | Northeastern Fine Jewelry"""
215,"""Classy Sheffield Roségold Damenuhr 26mm""@de 00 €""@de ""Daniel Wellington Classy 26mm nur 99"
216,""" Seiko Men's Solar Powered Watch""@en ""Men's Watch (SNE031P1) - WATCH SHOP.com™""@en"
217,""" Mens Nixon The Crew Leather Watch A1188-2769 ""Men's Watches | Designer For Men Hut"""
218,""" Nixon Unisex The Time Teller Chrono Chronograph Watch""@en ""Unisex Watch (A972-2348) - WATCH SHOP.com™""@en"
219,"""Alpina Pilot Quartz Chronograph Watch AL-372N4S6"" ""Shop Alpina AL-372B4FBS6 | Moyer Fine Jewelers"""
220,"""Seiko SRP705K1 Neo Classic""@en Classic Automatic Diver's 100m SRP705K1""@en"
221,"""Cartier"", ""CartierCartier Pasha C Steel Black Unisex Watch W31079M7"""
222,"""Cartier Santos W20018D6"" W20018D6 Watch | Watchfinder & Co."""
223,"""Seiko Automatik SKX007 / SKX007K2 Scuba Diver's Taucheruhr""@de"
224,"""The C45 SS Gunmetal / Aqua Sunray Reloj para hombre""@es ""Nixon The hombre nur 199 00 €""@es"
225,""" Tissot Men's Visodate Automatic Watch""@en ""Men's Watch (T0194303603101) - WATCH SHOP.com™""@en"
226,"""Fitbit Charge 2 Heart Rate Fitness Watch - No wristband just watch""@en watch GPS & Running Watches""@en"
227,"""Bvlgari B.Zero1 Watch BZ23WSGDL 12"" BZ23WSCC.M | Dejaun Jewelers"""
228,"""Dior Chiffre Rouge Watch CD084841R001"" CD084B10M001 | Dejaun Jewelers"""
229,"""Mens Holst Watch ""@de ""Skagen Uhren und Schmuck | Official SKAGEN Stockist""@de"
230,"""Carrera Calibre 5 Day-Date automático 100 M - ∅41 mm esfera azul piel azul"""
231,"""Tag Heuer Carrera Calibre 7 Twin Time 41mm Steel"" Steel WAR2012.BA0723 on Watch Agora"""
232,"""Cartier Panthère De Cartier Watch WGPN0009"" ""Shop WGPN0007 Watches | Northeastern Fine Jewelry"""
233,"""Mens G-Shock Alarm Chronograph Watch ""@de ""Fathers Tag - Uhren und gift ideas""@de"
234,"""Chopard Grand Prix De Monaco Watch 168570-9001"" 168569-9001 | Dejaun Jewelers"""
235,""" Mens Casio Edifice Sapphire Chronograph Watch EFB-550D-1AVUER ""Sale | The Hut"""
236,"""Kinetic GMT Men´s Watch""@en ""Seiko Kinetic Watch SUN015P1 nur € 479.00""@en"
237,""" Seiko Men's Automatic Watch""@en ""Men's Watch (SSA231K1) - WATCH SHOP.com™""@en"
238,""" Mens Casio G-Shock Alarm Chronograph Watch GA-800-1AER ""Sale | The Hut"""
239,"""T-Touch Expert Solar Men´s Watch""@en ""Tissot T-Touch Watch nur € 940.00""@en"
240,"IL ""@en-US "" Online Store | Distinctive Gold Jewelry in Frankfort"
241,"""Chopard Happy Sport Mini Watch 278509-6003"" 278509-3002 | Dejaun Jewelers"""
242,"""Daniel Wellington Classic Lady Black Reading rose gold""@nl-NL gold 10:35 Horloge boektiek""@nl-NL"
243,"""Orologio rosa Michael Kors MK3192""@it Rosa Mk3192 - Russo Gioielli""@it"
244,"""Reloj para hombre""@es 90 €""@es ""Casio Reloj hombre GA-100B-4AER nur 99"
245,"""Tag Heuer Gents Carrera Calibre HEUER 01 Automatic Chronograph Watch"""
246,"""Cartier Tank Solo ""@en"
247,"""Suunto Men's SS014809000 Core Outdoor Matrix Regular Black Watch"" ""Electronics & Gadgets | Running Outlet Express"""
248,"""Seiko SRP639K1 Men's Prospex Automatic Dive Stainless steel case & Strap 200M WR SRP639"" ""Sport Watches - Page 81 | All Fitness Gadgets"""
249,"""Herren Junghans Max Bill Chronoscope Automatik Chronograf Uhr 027/4600.00""@de"
250,"""Sheffield Silver Men´s Watch 40mm""@en ""Daniel Wellington Sheffield 40mm nur € 149.00""@en"
251,"""Michele Deco Mid Diamond Gold Watch"" ""Dynamic Filter"""
252,""" Mens Nixon The Crew Watch A1186-001 ""Latest Watches"""
253,""" Classic Diamond Tennis Bracelet in 14k White Gold (7"") ""@en ""Classic | Shane Co.""@en"
254,"""Charles Krypell Sterling Silver Necklace 4-6880-SGCIRCLE"" ""Shop Charles 4-6973-ILS Necklaces | Northeastern Fine Jewelry"""
255,"""Hamilton American Classic JazzMaster Maestro 45mm Mens Watch""@en Watch - H32766513""@en"
256,"""TAG Heuer Carrera Calibre HEUER 01 automático 100 M - ∅45 mm, esfera negra"""
257,"""Daniel Wellington Classic Man Black Cornwall rose gold""@nl-NL gold | 10:35 Horloge boetiek""@nl-NL"
258,"""Garmin XL Vivoactive HR - Black"" Black BurrowsGPS.co.uk"""
259,"""Raymond Weil Tango Watch 5391-ST-00995"" ""Shop Raymond 5960-SPS-00995 Watches | Costello Jewelry Company"""
260,"""Unisex V800 Bluetooth Heart Rate Monitor GPS Smart Alarm Chronograph Watch ""@de ""GPS Uhren | Official Stockist for Uhren""@de"
261,""" Calvin Klein Ladies' Classic Watch""@en ""Ladies' Watch (K4D2314Z) - WATCH SHOP.com™""@en"
262,""" Hamilton Ladies' Seaview Quartz Watch""@en ""Ladies' Watch (H37451141) - WATCH SHOP.com™""@en"
263,"""Seiko Solar Chronograph Alarm 100m Men's Watch SSC437P1 ""@en | Dutyfreeislandshop.com""@en"
264,""" Daniel Wellington Men's Dapper 38mm Durham Watch""@en ""Men's Watch (DW00100116) - WATCH SHOP.com™""@en"
265,"""SEIKO 5 SPORTS AUTOMATIC""@it-IT AUTOMATIC | Oreficeria Faletti""@it-IT"
266,"""Reloj automático Max Bill""@es 00 €""@es ""Junghans Reloj Bill 027/3400.00 nur 895"
267,"""Raymond Weil Maestro Watch 2237-ST-BEAT2"" ""Shop Raymond 2238-ST-00659 Watches | Costello Jewelry Company"""
268,"""Cartier Santos 100 Watch W20106X8"" ""Shop Cartier W20106X8 Watches | Northeastern Fine Jewelry"""
269,"""Omega Constellation 1510.30.00"" 1510.30.00 Watch | Watchfinder & Co."""
270,"""Maurice Lacroix Les Classiques Watch LC6098-SS001-320-1"" ""Shop Maurice LC6098-SS002-120-1 Watches | Costello Jewelry Company"""
271,"""Mens 1972 Chronoscope Solar Alarm Chronograph Powered Watch ""@de ""1972 Kollektion von Junghans | Official Stockisr""@de"
272,""" Garmin Men's Forerunner 10 GPS Heart Rate Monitor Bundle Alarm Chronograph Watch""@en ""Men's Watch (010-01241-50) - WATCH SHOP.com™""@en"
273,"""Panerai Radiomir Watch PAM00323"" ""Shop Panerai PAM00346 Watches | Northeastern Fine Jewelry"""
274,"""Automatikuhr Max Bill""@de ""Junghans Automatikuhr Bill 027/4701.00 nur 925 00 €""@de"
275,"""G-Shock Speed Shifter Herrenuhr""@de ""Casio G-Shock Herrenuhr AW-590-1AER nur 95 00 €""@de"
276,"""Hamilton Jazzmaster Seaview Day Date Auto Watch H37565131"" ""Shop Hamilton Collection at Safa Jewelers"""
277,"""Solar Men´s Chronograph""@en ""Seiko Solar Chronograph SSC437P1 nur € 239.00""@en"
278,"""Cartier Ronde Louis Cartier Watch WR000651"" ""Shop WR000251 Watches | Northeastern Fine Jewelry"""
279,"""Cartier Ronde Louis Cartier Watch W6801005"" ""Shop W6801004 Watches | Northeastern Fine Jewelry"""
280,"""SUUNTO M2 MEN LIME""@it LIME - CARDIOFREQUENZIMETRO Suunto SS020647000 Articoli sportivi e abbigliamento sportivo""@it"
281,"""Mens G-Shock Alarm Chronograph Watch ""@de ""Oversized Uhren online bestellen | DE Shop™""@de"
282,""" ZIIIRO MERCURY CHROME OCEAN ""@fr-fr, TOKYOFLASH KISAI SPIDER... CELESTE COLORED SATURN MR JONES CYCLOPS SUMMER NIGHT ""JUNGHANS MAX BILL QUARTZ 041/4462.00""@fr-fr, BLADE DARK... ECLIPSE ROSE GOLD SUN AND MOON COUNT DOWN CLOCK BLACK NIGHT... ROSEGOLD PURPLE GUNMETAL MINT MONO MARU... DAWN WEST DUSK LEMON THE LAST LAUGH /... SPACE... SATELLITE ADJUST... TIME TRAVELLER LAUGH... ALL GOLD... AVERAGE DAYS GUNMETAL... ""@fr-fr 041/4462.00 - Chez maman""@fr-fr"
283,"""Michele Serein Watch MWW21A000008"" ""Shop Michele MWW21A000001 Watches | Costello Jewelry Company"""
284,"""Cartier Ronde Louis Cartier Watch WR000651"" ""Shop WR000551 Watches | Northeastern Fine Jewelry"""
285,"""Michele Serein Mid Watch MWW21B000009"" ""Shop Michele MW21B00A0029_MS16DH235009 Watches | Costello Jewelry Company"""
286,""" Brincos New Color em Prata com Quartzito ""@pt ""Brincos - Tous""@pt"
287,"""Carl F Bucherer Peripheral Watch 00.10917.08.73.11"" ""Shop Carl 00.10917.08.73.11 Watches | Costello Jewelry Company"""
288,"""Raymond Weil Noemia Watch 5132-STP-00985"" ""Shop Raymond 5132-SPS-00985 Watches | Costello Jewelry Company"""
289,""" Mens Raymond Weil Maestro Beatles Limited Edition Automatic Watch 2237-ST-BEAT2 ""Mens Watches"""
290,"""Reloj Casio g-shock GA-201-1AER"" GA-201-1AER | KronosPA.com"""
291,"""Damenuhr""@de ""Citizen Damenuhr FE1081-08A nur 99 00 €""@de"
292,"""Durham Silver Damenuhr 36mm""@de 20 €""@de ""Daniel Wellington Durham 36mm nur 135"
293,""" Unisex Gucci G-Timeless Watch YA1264040 ""Men's Watches | Designer For Men The Hut"""
294,"""IWC Ingenieur Watch IW380802"" ""Shop IWC IW380703 Watches | Northeastern Fine Jewelry"""
295,"""V8 Men´s Chronograph""@en ""Tissot V8 Chronograph T106.417.11.042.00 nur € 440.00""@en"
296,""" Mens Coach Bleecker Slim Watch 14602343 ""Men's Watches | Designer For Men The Hut"""
297,"""Maurice Lacroix Les Classiques Watch LC6098-SS001-120-1"" ""Shop Maurice LC6027-SS001-130 Watches | Costello Jewelry Company"""
298,""" M200 Bluetooth GPS Activity Tracker Heart Rate Monitor Watch ""@de ""Damen-Sportuhren""@de"
299,"""Carl F Bucherer ChronoDate Watch 00.10624.08.53.01"" ""Shop Carl 00.10624.08.53.01 Watches | Costello Jewelry Company"""
300,""" Polar USA Unisex FT4 Green/Green Watch ""Polar | All Fitness Gadgets"""
301,"""Michele Serein Mid Watch MWW21B000009"" ""Shop Michele MWW21B000026 Watches | Northeastern Fine Jewelry"""
302,"""Solar Herren Fliegerchronograph""@de ""Seiko Solar Fliegerchronograph SSC009P3 nur 299 00 €""@de"
303,"""Carhartt Gorra Acrílico - Gris""@es ""Petos Vaqueros Online España | Carhartt"
304,"""Zegarek męski Kinetic GMT""@pl 00 €""@pl ""Seiko Zegarek GMT SUN015P1 nur 479"
305,"""Suunto - Spartan Sport Wrist HR Baro GPS Heart Rate Monitor Watch Amber""@en-US"
306,"""Splashy Dolphins Kinderuhr""@de ""Flik Flak Splashy Kinderuhr FBNP035 nur 40 00 €""@de"
307,""" Casio Men's G-Shock Alarm Chronograph Watch""@en ""Men's Watch (GA-100CF-1A9ER) - WATCH SHOP.com™""@en"
308,"""Orologio T-Trend Couturier Quartz Lady""@it ""Tissot Orologio Lady T035.210.11.051.00 - Colombo Gioielleria""@it"
309,""" Mens Nixon The Crew Watch A1186-2761 ""Sale | Hut"""
310,""" ZIIIRO MERCURY CHROME OCEAN ""@fr-fr, TOKYOFLASH KISAI SPIDER... ""CASIO A500WEA-1EF WORLD TIME SILVER""@fr-fr, CELESTE COLORED SATURN MR JONES CYCLOPS SUMMER NIGHT BLADE DARK... ECLIPSE ROSE GOLD SUN AND MOON COUNT DOWN CLOCK BLACK NIGHT... ROSEGOLD PURPLE GUNMETAL MINT MONO MARU... DAWN WEST DUSK LEMON THE LAST LAUGH /... SPACE... SATELLITE ADJUST... TRAVELLER LAUGH... ALL GOLD... AVERAGE DAYS GUNMETAL... ""@fr-fr SILVER - Chez maman""@fr-fr"
311,"""Reloj Tissot para Hombre de la colección T-One Automatic""@es Automatic - Tomas Colomer""@es"
312,"""Alpina Startimer Pilot Automatic Watch AL-725GR4S6"" ""Shop Alpina AL-525NN4S6 | Moyer Fine Jewelers"""
313,"""Chopard Hour And Minutes Watch 388531-3001"" 388532-6004 | Dejaun Jewelers"""
314,""" OROLOGIO DA... ""@it-it, Orologio... Casio... ""Casio G-Shock g-7710-1er Orologio subacqueo uomo""@it-it ""Orologio Casio G-SHOCK G-7710-1ER | Clessidra Jewels""@it-it"
315,"""G-Shock Reloj para hombre""@es ""Casio G-Shock hombre GA-800-4AER nur 129 00 €""@es"
316,"""G-Shock Herrenuhr""@de ""Casio G-Shock Herrenuhr GA-100MB-1AER nur 99 90 €""@de"
317,"""Cartier Panthère De Cartier Watch WGPN0009"" ""Shop WJPN0009 Watches | Northeastern Fine Jewelry"""
318,"""Classic Black Bristol Silver 40mm""@en ""Daniel Wellington Classic 40mm nur € 151.20""@en"
319,"""Omega Speedmaster 311.92.44.51.01.004"""
320,"""Carl F Bucherer ChronoDate Watch 00.10624.08.33.01"" ""Shop Carl 00.10624.08.33.01 | Moyer Fine Jewelers"""
321,"""Omega Seamaster 21230445003001"" "" Discover the Omega watch collection at Albemarle Bond"
322,""" Women's Metallic The Heart Has Its Reasons Pendant ""@en"
323,"""Unisex Spartan Wrist HR Barometer Bluetooth Chronograph Watch ""@de ""Herren Gadget Uhren""@de"
324,"""Maurice Lacroix Les Classiques Watch LC6098-SS001-130-2"" ""Shop Maurice LC6027-SS001-320 Watches | Costello Jewelry Company"""
325,"""Reloj para hombre Signatur""@es 00 €""@es ""Skagen Reloj Signatur SKW6390 nur 169"
326,""" Mens Sekonda Watch 1350 ""Latest Watches"""
327,""" Ladies Skagen Freja Watch 358SSSD ""Ladies Sale Watches"""
328,"""Chopard Superfast Watch 161291-5001"" 168523-3001 | Dejaun Jewelers"""
329,"""Raymond Weil Toccata Watch 5988-ST-00300"" ""Shop Raymond 5488-ST-00300 Watches | Costello Jewelry Company"""
330,"""Bvlgari B.Zero1 Watch BZ23WSGDL 12"" BZ23BSCL | Dejaun Jewelers"""
331,"""Bvlgari Solotempo Watch BGOP38WGLD"" BGO41BSSD | Dejaun Jewelers"""
332,"""Max Bill Quarz Herrenuhr""@de 00 €""@de ""Junghans Max Herrenuhr 041/4462.00 nur 495"
333,"""Chopard Happy Sport Mini Watch 278509-6003"" 278509-6006 | Dejaun Jewelers"""
334,"""Bvlgari Solotempo Watch BGOP38WGLD"" BGO38C3SLD | Dejaun Jewelers"""
335,"""Kinetic Reloj para hombre""@es ""Seiko Kinetic hombre SKA531P1 nur 329 00 €""@es"
336,"""Reloj South Horizons cristal""@es ""Versus Versace Reloj cristal para Mujer | Tienda Online EU""@es"
337,"""Basketball shoes Air Jordan XIII Retro ""@en 4815 | Shoes \ - Basketball shop Basketmania""@en"
338,""" Titanium Comfort Fit Band (8mm) ""@en ""Titanium | Shane Co.""@en"
339,"""Montre Hamilton - Jazzmaster Viewmatic Skeleton Gent Auto""@fr"
340,"""Michele Serein Mid Watch MWW21B000030"" ""Shop Michele MW21B01D2963_MS16DH315750 Watches | Costello Jewelry Company"""
341,"""Herren Casio G-Shock Wecker Chronograf Uhr GA-400-1BER""@de"
342,"""Michele Deco Watch MWW06P000099"" ""Shop Michele MW06T01A1105_MS18AU235009 Watches | Northeastern Fine Jewelry"""
343,"""Reloj Tissot para Hombre de la colección Couturier""@es Couturier - Tomas Colomer""@es"
344,"""Omega Seamaster Diver ""@en"
345,"""G Shock Men´s Watch Master of G Oversized""@en ""Casio Oversized nur € 99.90""@en"
346,"""Dapper Durham Rose Gold 38mm""@en ""Daniel Wellington Dapper 38mm nur € 179.00""@en"
347,"""Cartier Santos 100 Watch W20126X8"" ""Shop Cartier W20126X8 Watches | Northeastern Fine Jewelry"""
348,"""Michele Deco Watch MWW06P000100"" ""Shop Michele MWW06P000014 Watches | Northeastern Fine Jewelry"""
349,"""Alpina Automatic 4 Watch AL-525BS5AQ6"" ""Shop Alpina AL-525BS5AQ6 | Moyer Fine Jewelers"""
350,"""Polar V800 HRM GPS Sportklocka""@sv ""Köp Polar Sportklocka med fri frakt på nätet - Skistart.com""@sv"
351,"""Omega Planet Ocean 232.30.44.22.03.001"" 232.30.44.22.03.001 Watch | Watchfinder & Co."""
352,"""Cartier Santos 100 Watch W20106X8"" ""Shop Cartier WSSA0006 Watches | Northeastern Fine Jewelry"""
353,"""Mens Junghans Max Bill Chronoscope Automatic Chronograph Watch 027/7800.00"""
354,"""Tissot Quartz Chronograph T0354391105100 Gents Watch""@en-GB Watch - EanFind""@en-GB"
355,"""The C45 SS Gunmetal / Aqua Sunray Herrenuhr""@de ""Nixon The Herrenuhr nur 199 00 €""@de"
356,"""Raymond Weil Tango Watch 5391-STP-00308"" ""Shop Raymond 5960-ST-00300 Watches | Costello Jewelry Company"""
357,"""Cartier Santos 100 W20090X8"" W20090X8 Watch | Watchfinder & Co."""
358,"""Ladies Classic Watch ""@de ""Calvin Klein Uhren und Schmuck | Official CALVIN KLEIN Stockist""@de"
359,"""Aikon Men´s Chronograph""@en ""Maurice Lacroix Aikon Chronograph nur € 872.00""@en"
360,"""TissotTissot Swiss Made Wrist Watch T36.1.316.72 43mm"", ""Tissot"""
361,"""Maurice Lacroix Les Classiques Watch LC6098-SS001-120-1"" ""Shop Maurice LC6027-SS001-121 Watches | Costello Jewelry Company"""
362,"""Rolex"" ""RolexRolex Watches GMTMaster II Steel and Gold 116713LN"""
363,"""Radiomir Composite Black Seal 3 Days Automatic - 45mm ""@en Panerai watch""@en"
364,"""Men's Runway Watch""@en ""Michael Kors Men's Watch | SHOPBOP SAVE UP TO 30% Use Code: MORE17""@en"
365,"""Bvlgari LVCEA Watch LU33C6SSPGD"" LUP33BGGD | Dejaun Jewelers"""
366,"""Raymond Weil Toccata Watch 5988-STP-97081"" ""Shop Raymond 5988-STP-97081 Watches | Costello Jewelry Company"""
367,"""Mens PRS200 Chronograph Watch ""@de ""Luxusuhren vieler Qualitätsmarken online | DE Shop™""@de"
368,"""G-Shock Men´s Watch""@en ""Casio G-Shock Watch GA-100MB-1AER nur € 99.90""@en"
369,"""Daniel Wellington Classic Lady Black Bristol rose gold""@en-GB gold 10:35 Watch boutique""@en-GB"
370,""" Hamilton Men's Jazzmaster Automatic Chronograph Watch""@en ""Men's Watch (H32596751) - WATCH SHOP.com™""@en"
371,"""Mens Edifice Time Traveller Bluetooth Hybrid Smartwatch Alarm Chronograph Watch ""@de ""Casio Uhren""@de"
372,"""Classic Black York Silver 40mm""@de 20 €""@de ""Daniel Wellington Classic 40mm nur 151"
373,"""Khaki Field automatic watch""@en ""Hamilton Khaki watch H70555533 nur € 495.00""@en"
374,"""Hamilton"" ""HamiltonHamilton Swiss Movement Watch H37512131 44mm"""
375,"""York oro rosa Reloj para hombre 40mm""@es ""Daniel Wellington York 40mm nur 139 00 €""@es"
376,"""Zegarek męski na słoneczną energie""@pl 00 €""@pl ""Seiko Zegarek energie SNE039P1 nur 159"
377,"""Chopard Moonphases Watch 161934-5001"" 171927-1001 | Dejaun Jewelers"""
378,""" Unisex DKNY Minetta Watch NY2502 ""Mens Sale Watches"""
379,"""Cartier Pasha W31079M7"" W31079M7 Watch | Watchfinder & Co."""
380,"""Cartier Santos W20012C4"" W20012C4 Watch | Watchfinder & Co."""
381,"""Daniel Wellington Classic Man York rose gold""@en-GB gold 10:35 Watch boutique""@en-GB"
382,"""Montre Manifesto Power noire""@fr noire - Versace Femme | Boutique en Ligne EU""@fr"
383,""" TAG HEUER AQUARACER（競潛系列） Calibre 5 自動上鏈腕錶 300米 - ∅41毫米陶瓷錶圈 WAY211B.FC6363 ""@zh-hant ""TAG Heuer（泰格豪雅） Aquaracer（競潛系列） Automatic Watch 41毫米 | watch price""@zh-hant"
384,"""Raymond Weil Maestro Watch 2227-STC-00659"" ""Shop Raymond 2227-ST-00659 Watches | Costello Jewelry Company"""
385,""" Unisex Gucci G-Timeless Watch YA1264040 ""Luxury Mens Watches"""
386,""" Raymond Weil Ladies' Nabucco BRIT Awards 2014 Limited Edition Titanium Automatic Chronograph Diamond Watch""@en ""Ladies' Watch (7700-TIR-BRIT14) - WATCH SHOP.com™""@en"
387,""" Diamond Hoop Earrings ""@en ""Diamond | Shane Co.""@en"
388,"""IWC Ingenieur Watch IW380802"" ""Shop IWC IW380701 Watches | Northeastern Fine Jewelry"""
389,"""Mens Couturier Watch ""@de ""Tissot T-klassisch Uhren | Official TISSOT Stockist""@de"
390,""" Unisex Polar M200 Bluetooth GPS Activity Tracker Heart Rate Monitor Alarm Chronograph Watch 90067741 ""Ladies Watches | Designer For Women The Hut"""
391,"""Dapper York Rose Gold 34 mm""@en ""Daniel Wellington Dapper mm nur € 159.00""@en"
392,"""Carl F Bucherer ChronoDate Watch 00.10624.08.53.01"" ""Shop Carl 00.10624.08.33.01 | Moyer Fine Jewelers"""
393,"""Herren Daniel Wellington Sheffield 40mm Uhr DW00100007""@de"
394,"""Palazzo Empire Uhr Rot""@de ""Versace Palazzo Rot für Damen | Online Store EU""@de"
395,"""Daniel Wellington Classic Lady Black Sheffield silver""@nl-NL silver 10:35 Horloge boektiek""@nl-NL"
396,"""Quartz T055.417.11.057.00 Tissot PRC 200 Chrono Gent""@en ""Watch T-Sport Quartz Laguardajoiers official dealer of in Barcelona""@en catalog"
397,"""Mens Watch ""@de ""Ben Sherman London | Official Ben Stockist""@de"
398,"""Casio G-Shock AW-590-1AER""@en AW-590-1AER - Casio Watches""@en"
399,"""Cartier Santos-Dumont Watch W2009251"" ""Shop Cartier WH100351 Watches | Northeastern Fine Jewelry"""
400,"""Casio EF-121D-1AVEF""@bg EF-121D-1AVEF | Edifice Stotak.com""@bg"
401,"""Chopard Grand Prix De Monaco Watch 168570-9001"" 161275-5003 | Dejaun Jewelers"""
402,"""Reading Oro Rosé Reloj para mujer 36mm""@es ""Daniel Wellington Reading 36mm nur 169 00 €""@es"
403,"""Seiko Herrenuhr Solar SNE039P1""@de"
404,""" ZIIIRO MERCURY CHROME OCEAN ""@fr-fr, TOKYOFLASH KISAI SPIDER... CELESTE COLORED SATURN MR JONES CYCLOPS SUMMER NIGHT BLADE DARK... ECLIPSE ROSE GOLD SUN AND MOON COUNT DOWN CLOCK BLACK NIGHT... ROSEGOLD PURPLE GUNMETAL MINT MONO ""G-SHOCK GA-100MB-1AER""@fr-fr, MARU... DAWN WEST DUSK LEMON THE LAST LAUGH /... SPACE... SATELLITE ADJUST... TIME TRAVELLER LAUGH... ALL GOLD... AVERAGE DAYS GUNMETAL... ""@fr-fr GA-100MB-1AER - Chez maman""@fr-fr"
405,"""Carl F Bucherer T-Graph Watch 00.10615.03.33.21"" ""Shop Carl 00.10615.08.33.21 | Moyer Fine Jewelers"""
406,"""Max Bill Damenuhr""@de ""Junghans Max Damenuhr 047/4541.00 nur 495 00 €""@de"
407,"""Glassgow Rose Gold Men´s Watch 40mm""@en ""Daniel Wellington Glassgow 40mm nur € 119.00""@en"
408,"""Tissot T091.420.47.057.00 T-Touch Expert Solar""@en Solar official catalog Laguardajoiers dealer of Tissot in Barcelona""@en"
409,"""Cartier Drive De Cartier Watch W4100013"" ""Shop WGNM0005 Watches | Northeastern Fine Jewelry"""
410,"""G-Shock Herrenuhr""@de ""Casio G-Shock Herrenuhr GA-800-4AER nur 129 00 €""@de"
411,"""Cartier Tank Américaine Watch WB710009"" ""Shop Cartier WB710013 Watches | Northeastern Fine Jewelry"""
412,"""Unisex Classic Collection Alarm Chronograph Watch ""@de G-Shock | DE Shop™""@de ""Casio Uhr online finden Edifice"
413,"""Seiko Flightmaster Solar Chronograph 100m Leather Pilots Watch SSC009P3 ""@en | Dutyfreeislandshop.com""@en"
414,"""Classic Black Sheffield Silver 36mm""@en ""Daniel Wellington Classic 36mm nur € 135.20""@en"
415,"""Bvlgari Bvlgari Watch BBL37C11SPG 12"" BBLP26WGL 12 | Dejaun Jewelers"""
416,"""Manifesto Gent Courage Uhr Schwarz""@de ""Versace Manifesto Schwarz für Herren | DE Online Store""@de"
417,""" Bruno Sohnle Ladies' Rondograph Lady Watch""@en ""Ladies' Watch (17-13172-290) - WATCH SHOP.com™""@en"
418,"""Cartier Santos W20055D6"" W20055D6 Watch | Watchfinder & Co."""
419,"""Jazzmaster Seaview Day Date Automatikuhr""@de ""Hamilton Jazzmaster Automatikuhr nur 830 00 €""@de"
420,"""Cartier"" ""CartierCartier Classic Santos Series Men's Watch W20099C4"""
421,"""Michele Deco Watch MWW06P000099"" ""Shop Michele MWW06P000014 Watches | Costello Jewelry Company"""
422,"""Herren Hamilton Jazzmaster Seaview Chronograf Uhr H37512731""@de"
423,""" Mens Sekonda Watch 1350 ""New arrivals | Shop New The Hut"""
424,""" Daniel Wellington Ladies' York Silver 36mm Watch""@en ""Ladies' Watch (DW00100055) - WATCH SHOP.com™""@en"
425,"""Zegarek damski Le Locle""@pl 00 €""@pl ""Tissot Zegarek Locle T41.1.183.33 nur 475"
426,"""Cartier Tank Solo Watch W5200025"" ""Shop Cartier W5200025 Watches | Northeastern Fine Jewelry"""
427,"""Michele Deco Mid Watch MWW06V000004"" ""Shop Michele MWW06V000002 Watches | Northeastern Fine Jewelry"""
428,"""Damen Hamilton Jazzmaster Dame 34mm Uhr H32351115""@de"
429,"""Dior Chiffre Rouge Watch CD084510A001"" CD084B10M001 | Dejaun Jewelers"""
430,"""Michael Kors MK8157 Runway watch"""
431,""" Tissot Men's Desire Watch""@en ""Men's Watch (T52142112) - WATCH SHOP.com™""@en"
432,"""Olivia Burton Midi Dial Black & Rosegold""@nl-NL Rosegold | 10:35 Horloge boetiek""@nl-NL"
433,"""Cartier Tortue Watch W1556363"" ""Shop Cartier WA501013 Watches | Northeastern Fine Jewelry"""
434,"""Jazzmaster Maestro Automatic chronograph""@en ""Hamilton Jazzmaster chronograph nur € 1 180.00""@en"
435,"""Bvlgari Bvlgari Watch BBL26WSSD"" BBL37WSSD | Dejaun Jewelers"""
436,"""Cartier Ronde Louis Cartier Watch WR000651"" ""Shop WR000351 Watches | Northeastern Fine Jewelry"""
437,"""Daniel Wellington Classic Lady Bristol silver""@en-GB silver 10:35 Watch boutique""@en-GB"
438,"""Dior Chiffre Rouge Watch CD084841R001"" CD084C10A001 | Dejaun Jewelers"""
439,"""Mens G-SHOCK wereldtijd witte hars Strap Watch"""
440,""" Unisex Casio Classic Collection Alarm Chronograph Watch LA670WEGB-1BEF ""Mens Sale Watches"""
441,"""Herren Casio Edifice Zeit Traveller Bluetooth hybrid Smartwatch Wecker Chronograf solarbetrieben Uhren EQB-600D-1A2ER""@de"
442,"""Parade Hemera Wedding Band R2712-R1-BD"" ""Shop Parade R3150-R1-BD bands | Mitchum Jewelers"""
443,"""Tissot T091.420.47.057.00 T-Touch Expert Solar""@es ""Reloj Tissot Solar catálogo oficial Laguardajoiers distribuidor de en Barcelona""@es"
444,"""Chopard Happy Sport Chrono Watch 288499-3001"" 288499-6001 | Dejaun Jewelers"""
445,"""Daniel Wellington Classic Man Black Sheffield silver""@nl-NL silver | 10:35 Horloge boetiek""@nl-NL"
446,"""Daniel Wellington Classic Man Black Durham silver""@en-GB silver 10:35 Watch boutique""@en-GB"
447,"""Reloj automático Max Bill""@es ""Junghans Reloj Bill 027/4701.00 nur 925 00 €""@es"
448,"""Michele Deco Mid Watch MWW06V000004"" ""Shop Michele MWW06V000023 Watches | Costello Jewelry Company"""
449,"""Panerai Radiomir Watch PAM00505"" ""Shop Panerai PAM00424 Watches | Northeastern Fine Jewelry"""
450,"""Raymond Weil Maestro Watch 2237-ST-20001"" ""Shop Raymond 2237-ST-BEAT2 Watches | Costello Jewelry Company"""
451,"""Classic Black Bristol Oro Rosé 36mm""@es ""Daniel Wellington Classic 36mm nur 169 00 €""@es"
452,"""Omega Constellation 12023000"" "" Luxury Omega watches Pre-loved at Albemarle Bond"
453,""" Mens Citizen Eco-Drive Watch BM7193-07B ""Sale | The Hut"""
454,"""Seiko SSA231K1 Neo Classic""@es ""Reloj Seiko Classic cal. 4R39. Relojes en barcelona venta online""@es"
455,"""ArtCarved Classic Engagement Ring 31-V219ERW-E"" ""Shop ArtCarved 31-V221ERW-E rings | Northeastern Fine Jewelry"""
456,"""Bvlgari B.Zero1 Watch BZ23WSGDL 12"" 12 | Dejaun Jewelers"""
457,"""Formula 1 200 M - ∅41 mm Esfera negra acero, cuarzo"""
458,"""Reloj Casio g-shock G-7900-1ER"" G-7900-1ER | KronosPA.com"""
459,"""TIMELESS CLASSIC VALIANT AUTO""@es AUTO - Tomas Colomer""@es"
460,"""Słoneczna energia Chronograf męski""@pl 00 €""@pl ""Seiko Słoneczna męski SSC431P1 nur 329"
461,"""Cartier Santos-Dumont Watch WH100351"" ""Shop Cartier Collection at Northeastern Fine Jewelry"""
462,"""Bvlgari Bvlgari Watch BBL33C11SPG 12"" BBL26C11SPG 12 | Dejaun Jewelers"""
463,"""Panerai Radiomir 1940 Watch PAM00514"" ""Shop Panerai PAM00573 Watches | Northeastern Fine Jewelry"""
464,"""Alpina Startimer Pilot Automatic Watch AL-725GR4S6"" ""Shop Alpina AL-525G4TS6 | Moyer Fine Jewelers"""
465,"""Cartier"", ""CartierCartier Classic Santos Series Men's Watch W20098D6"""
466,"""Cronografo T-Sport PRC200 Quartz Gent""@it ""Tissot Cronografo Gent T055.417.11.057.00 - Colombo Gioielleria""@it"
467,"""Herren Junghans Max Bill Automatik Uhr 027/3400.00""@de"
468,"""Radiomir Composite Black Seal 3 Days Automatic - 45mm ""@de – Panerai-Uhr""@de"
469,"""Herren Tissot Couturier GMT Chronograf Uhr T0354391603100""@de"
470,"""Hamilton Gent Quartz H32451751"" ""Gent Quartz"""
471,"""Cartier"" ""CartierCartier Roadster Series Men's Watch W62041V3"""
472,"""Cartier"", ""CartierCartier Roadster Series Men's Watch W62041V3"""
473,"""Jazzmaster Open Heart Automatikuhr""@de 00 €""@de ""Hamilton Jazzmaster Automatikuhr H32565555 nur 725"
474,"""Herren Hamilton Jazzmaster Thinline 40mm Uhr H38411783""@de"
475,""" Certina Ladies' DS-1 Automatic Watch""@en ""Ladies' Watch (C0062071103100) - WATCH SHOP.com™""@en"
476,"""Daniel Wellington Classic Lady Black Reading rose gold""@nl-NL gold | 10:35 Horloge boetiek""@nl-NL"
477,"""Tradition Damenuhr""@de ""Tissot Tradition Damenuhr T063.210.11.037.00 nur 310 00 €""@de"
478,"""Silver Watch""@en ""Michael Kors Silver Watch | SHOPBOP""@en"
479,""" Citizen Men's Eco-Drive Watch""@en ""Men's Watch (BM7193-07B) - WATCH SHOP.com™""@en"
480,"""Reloj solar para hombre""@es ""Seiko Reloj hombre SNE039P1 nur 159 00 €""@es"
481,"""Zegarek damski The Kensington Leather Rose Gold/White""@pl ""Nixon Zegarek Gold/White nur 129 00 €""@pl"
482,""" DANİEL WELLİNGTON DW00100145 Kol Saati ""@tr ""Daniel Wellington En Ucuz Fiyat""@tr"
483,"""Tissot T Classic Le Locle Automatic ""@en"
484,"""Cartier Tank Française Watch W51008Q3"" ""Shop Cartier WE110007 Watches | Northeastern Fine Jewelry"""
485,"""Raymond Weil Toccata Watch 5988-STP-97081"" ""Shop Raymond 5988-ST-00300 Watches | Costello Jewelry Company"""
486,"""Vintage LA670WEGB-1BEF Or/Noir - Casio""@fr-fr Casio LA670WEGB-1BEF""@fr-fr"
487,""" Seiko Men's Kinetic Watch""@en ""Men's Watch (SKA531P1) - WATCH SHOP.com™""@en"
488,"""IWC Aquatimer IW353804"" IW353804 Watch | Watchfinder & Co."""
489,"""Cartier Pasha W31088U2"" W31088U2 Watch | Watchfinder & Co."""
490,"""Bvlgari Bvlgari Watch BBL262TBSS 12.M"" BBL33WSDS 12 | Dejaun Jewelers"""
491,"""Carl F Bucherer TravelTec II Watch 00.10633.03.33.01"" ""Shop Carl 00.10633.08.33.21 Watches | Costello Jewelry Company"""
492,"""Herren Casio G-Shock Wecker Chronograf Uhr GA-100-1A1ER""@de"
493,"""The Time Teller Chrono Star Wars C-3PO Złoty""@pl 00 €""@pl ""Nixon The Złoty nur 144"
494,""" Junghans Men's max bill Handwinding Mechanical Watch""@en ""Men's Watch (027/5703.00) - WATCH SHOP.com™""@en"
495,"""Cartier Rotonde de Cartier Watch W1556051"" ""Shop W1556051 Watches | Northeastern Fine Jewelry"""
496,"""Skagen 358SRRD Watch"""
497,"""Cartier Ronde Solo Louis Cartier Ladies Watch W6800151""@en-us"
498,"""Klokers KLOK-02 Watch KLOK-02-KLINK-02-380C6"" ""Shop Klokers KLOK-02-KLINK-01-MC7 Watches | Costello Jewelry Company"""
499,"""Cartier Hypnose Watch WJHY0005"" ""Shop Cartier WJHY0003 Watches | Northeastern Fine Jewelry"""
500,"""Sheffield Rose Gold Men´s Watch 40mm""@en ""Daniel Wellington Sheffield 40mm nur € 189.00""@en"
501,"""Raymond Weil Toccata Watch 5488-STC-50001"" ""Shop Raymond 5588-STC-20001 Watches | Costello Jewelry Company"""
502,""" Ladies Karl Lagerfeld Joleigh Watch KL3409 ""New arrivals | Shop New The Hut"""
503,"""Daniel Wellington Classic Man Black Cornwall rose gold""@en-GB gold 10:35 Watch boutique""@en-GB"
504,"""Radiomir 1940 3 Days Acciaio - 47mm ""@fr Montre Panerai""@fr"
505,"""RELOJ DANIEL WELLINGTON CLASSIC DURHAM""@es ""rellotges relojes watches dw daniel wellington tomas colomer durham""@es"
506,"""Unisex Forerunner 235 HR GPS Bluetooth Alarm Chronograph Watch ""@de ""Damen-Sportuhren""@de"
507,"""Hamilton Jazzmaster Seaview Chrono Quartz ""@en"
508,""" Seiko Men's Solar Powered Watch""@en ""Men's Watch (SNE329P9) - WATCH SHOP.com™""@en"
509,"""Bvlgari Bvlgari Watch BBL33C11SPG 12"" BBL33WSPGD | Dejaun Jewelers"""
510,""" Ladies Certina DS-1 Automatic Watch C0062071103100 ""Ladies Watches | Designer For Women The Hut"""
511,"""Michele Deco Watch MWW06P000014"" ""Shop Michele MW06T01C5110_MS18AU285048 Watches | Costello Jewelry Company"""
512,"""Michele Serein Watch MWW21A000058"" ""Shop Michele MWW21A000058 Watches | Costello Jewelry Company"""
513,"""Raymond Weil Toccata Watch 5488-STC-50001"" ""Shop Raymond 5588-ST-60001 Watches | Costello Jewelry Company"""
514,""" Ladies Sekonda Editions Watch 2463 ""Sale | The Hut"""
515,"""Bvlgari B.Zero1 Watch BZ23WSGCL 12"" BZ23WSGDL 12 | Dejaun Jewelers"""
516,"""Raymond Weil Toccata Watch 5488-ST-50001"" ""Shop Raymond 5588-ST-00300 Watches | Costello Jewelry Company"""
517,"""Cartier Santos 100 Watch W20107X7"" ""Shop Cartier W20073X8 Watches | Northeastern Fine Jewelry"""
518,"""Classic Black Durham Rosegold 36mm""@de 20 €""@de ""Daniel Wellington Classic 36mm nur 135"
519,"""Men´s Chronograph PR100""@en ""Tissot Men´s PR100 T101.417.11.031.00 nur € 385.00""@en"
520,"""Daniel Wellington Dapper Reading rose gold""@nl-NL gold | 10:35 Horloge boetiek""@nl-NL"
521,"""Michele Serein Diamond Two-Tone Gold, Bracelet Watch"" ""Dynamic Filter"""
522,"""Mens Engineer Hydrocarbon NEDU Chronometer Titanium Automatic Chronograph Watch ""@de ""Luxusuhren vieler Qualitätsmarken online | DE Shop™""@de"
523,"""Omega Speedmaster Moonwatch Omega Co-Axial Chronograph WATCH 311.63.44.51.06.001"" ""Speedmaster"""
524,"""Damen Daniel Wellington Bristol Rose 36mm Uhr DW00100039""@de"
525,"""Alpina Startimer Pilot Automatic Watch AL-725B4S6B"" ""Shop Alpina AL-525S4S4 | Moyer Fine Jewelers"""
526,"""Cartier Hypnose Watch WJHY0005"" ""Shop Cartier WJHY0005 Watches | Northeastern Fine Jewelry"""
527,""" Tissot Classi-T Watch ""@en ""Tissot - T0290093303701 | Ben Bridge Jeweler""@en"
528,"""Hamilton American Classic Valiant Quartz Watch H39251194"" ""Shop Hamilton Collection at Safa Jewelers"""
529,"""Bvlgari LVCEA Watch LU28C6SSD"" LU28C6SSD | Dejaun Jewelers"""
530,"""Tag Heuer Aquaracer WAY211A.BA0928"" WAY211A.BA0928 Watch | Watchfinder & Co."""
531,"""Collection Zegarek cyfrowy""@pl ""Casio Collection cyfrowy LA670WEA-7EF nur 34 90 €""@pl"
532,"""Cartier Rotonde De Cartier Watch W1556051"" ""Shop WSRO0002 Watches | Northeastern Fine Jewelry"""
533,"""Alpina Pilot Quartz Chronograph Watch AL-372LBBG4FBV6"" ""Shop Alpina AL-372B4FBS6 | Moyer Fine Jewelers"""
534,"""Herrenchronograph 1972 Chronoscope Solar""@de ""Junghans Herrenchronograph Solar nur 749 00 €""@de"
535,"""Herren Daniel Wellington klassisch 36mm Durham Uhr DW00100112""@de"
536,"""Zegarek na mechanizm ręczny Max Bill""@pl 00 €""@pl ""Junghans Zegarek Bill nur 675"
537,"""Bvlgari Tubogas Watch SP35BDSDS.1T"" SP35C6SPG.2T | Dejaun Jewelers"""
538,"""York Silver Reloj para mujer 36mm""@es ""Daniel Wellington York 36mm nur 169 00 €""@es"
539,"""Classic Black York Silver 40mm""@pl 00 €""@pl ""Daniel Wellington Classic 40mm nur 189"
540,"""Alpina Automatic 4 Watch AL-525SS5AQ6"" ""Shop Alpina AL-525NS5AQ6B | Moyer Fine Jewelers"""
541,"""Diesel 'mr. Daddy 2.0' Chronograph Watch ""@en "" Men's Brown Diesel 'mega Chief' Leather Strap"
542,"""Michele Signature Deco MWW06P000099"" ""MWW06P000099 New Michele Day Ladies Quartz Watch"""
543,""" TAG HEUER FORMULA 1（F1系列） 200米 - ∅32毫米陶瓷和鑲鑽 WAH1315.BA0868 ""@zh-hant ""TAG Heuer（泰格豪雅） Formula 1 32毫米 | watch price""@zh-hant"
544,"""Cartier Santos-Dumont Watch W2009251"" ""Shop Cartier W2009251 Watches | Northeastern Fine Jewelry"""
545,"""Raymond Weil Maestro Watch 2238-ST-00659"" ""Shop Raymond 2238-PC5-00209 Watches | Costello Jewelry Company"""
546,"""Daniel Wellington Classic Lady Southampton rose gold""@nl-NL gold | 10:35 Horloge boetiek""@nl-NL"
547,"""Hand-winding Max Bill""@en ""Junghans Hand-winding Bill 027/5703.00 nur € 675.00""@en"
548,"""Daniel Wellington Classic Lady Southampton rose gold""@nl-NL gold 10:35 Horloge boektiek""@nl-NL"
549,"""Mens Watch ""@de ""Marea Uhren online bestellen | DE Shop™""@de"
550,"""Hamilton Jazzmaster Gent Quartz Watch H32451751"" ""Shop Hamilton Collection at Safa Jewelers"""
551,"""Alpina Pilot Quartz Chronograph Watch AL-372LBO4V6"" ""Shop Alpina AL-372B4FBS6 | Moyer Fine Jewelers"""
552,"""Carl F Bucherer T-Graph Watch 00.10615.03.33.21"" ""Shop Carl 00.10615.08.13.21 | Moyer Fine Jewelers"""
553,"""Cartier Santos 100 Watch W20072X7"" ""Shop Cartier W20072X7 Watches | Northeastern Fine Jewelry"""
554,"""Unisex Daniel Wellington klassisch Schwarz Reading Uhr 36mm DW00100141""@de"
555,"""Dapper Sheffield Rose Gold 38mm""@en ""Daniel Wellington Dapper 38mm nur € 179.00""@en"
556,""" Raymond Weil Ladies' Toccata Watch""@en ""Ladies' Watch (5388-PC5-65001) - WATCH SHOP.com™""@en"
557,"""Polar USA Unisex FT4 Green/Green Watch""@en-US ""Fitness Technology | Fitness Gear Express""@en-US"
558,"""Hamilton Seaview Chrono Quartz H37512131"" ""Seaview Quartz"""
559,"""Raymond Weil Tango Watch 5591-ST-00607"" ""Shop Raymond 8160-ST-00608 Watches | Costello Jewelry Company"""
560,"""Cartier Ronde Louis Cartier Watch WR000551"" ""Shop WR000251 Watches | Northeastern Fine Jewelry"""
561,"""PT6388-SS001-430-1 - Maurice Lacroix Pontos Chronograph""@en Watch Chrono. Watches in barcelona catalog with prices.""@en"
562,"""Unisex Classic Alarm Chronograph Watch ""@de G-Shock | DE Shop™""@de ""Casio Uhr online finden Edifice"
563,"""Polar M200 GPS Running Watch - Black""@en Black | Start Fitness""@en"
564,"""Chopard Happy Sport Medium Automatic Watch 278559-6004"" 278559-3001 | Dejaun Jewelers"""
565,"""Cartier Tank Francaise W50002N2"" W50002N2 Watch | Watchfinder & Co."""
566,"""Raymond Weil Toccata Watch 5388-ST-50081"" ""Shop Raymond 5988-ST-97081 Watches | Costello Jewelry Company"""
567,""" Unisex Gucci Dive Watch YA136215 ""Men's Watches | Designer For Men The Hut"""
568,"""G-Shock Gents Black & Red Analogue Digital Display Watch"""
569,"""TissotTissot Swiss Made Wrist Watch T035.210.11.051.00 35mm"", ""Tissot"""
570,"""Cartier Rotonde De Cartier Watch W1556214"" ""Shop W1556218 Watches | Northeastern Fine Jewelry"""
571,"""Jazzmaster Lady Automatic Ladies´ Watch""@en ""Hamilton Jazzmaster Watch nur € 895.00""@en"
572,"""Bvlgari Bvlgari Watch BBL26WSSD"" BBLP33WGDL 12 | Dejaun Jewelers"""
573,"""Carl F Bucherer ScubaTec Watch 00.10632.23.53.01"" ""Shop Carl 00.10632.23.33.22 | Moyer Fine Jewelers"""
574,"""Alpina ALPINER AUTOMATIC 4 AL-525NS5AQ6""@en "" Alpina"
575,"""Chopard Happy Sport Chrono Watch 288499-6002"" 288499-6001 | Dejaun Jewelers"""
576,"""Michele Deco Madison Watch MW06T00A0101_MS18AA030402"" ""Shop Michele MW06T01B0018_MS18AU246710 Watches | Costello Jewelry Company"""
577,"""Daniel Wellington Classic Lady silver""@nl-NL silver | 10:35 Horloge boetiek""@nl-NL"
578,"""Kinetic GMT Diver´s Herrenuhr""@de 00 €""@de ""Seiko Kinetic Herrenuhr SUN021P1 nur 599"
579,""" ZIIIRO MERCURY CHROME OCEAN ""@fr-fr, TOKYOFLASH KISAI SPIDER... CELESTE COLORED SATURN MR JONES CYCLOPS SUMMER NIGHT BLADE DARK... ECLIPSE ROSE GOLD SUN AND MOON COUNT DOWN CLOCK BLACK NIGHT... ROSEGOLD PURPLE GUNMETAL MINT MONO MARU... DAWN WEST DUSK LEMON THE LAST LAUGH /... SPACE... SATELLITE ADJUST... ""CASIO A168WEGC-5EF CAMO GOLD""@fr-fr, TIME TRAVELLER LAUGH... ALL GOLD... AVERAGE DAYS GUNMETAL... ""@fr-fr - Chez maman""@fr-fr"
580,"""Cartier Tank Solo Watch W5200025"" ""Shop Cartier W5200028 Watches | Northeastern Fine Jewelry"""
581,"""Daniel Wellington Classic Lady Black Reading silver""@nl-NL silver | 10:35 Horloge boetiek""@nl-NL"
582,"""Reloj para hombre Hagen""@es ""Skagen Reloj Hagen SKW6216 nur 151 20 €""@es"
583,"""Wave Ceptor men´s radio controlled watch""@en ""Casio Wave watch nur € 299.00""@en"
584,"""Classic Black Bristol Silver 36mm""@en ""Daniel Wellington Classic 36mm nur € 169.00""@en"
585,"""Suunto M5 Heart Quartz Multi-Sport Watch SS015859000""@en"
586,"""Michele Deco Mid MWW06V000004"" ""MWW06V000004 | Michele AuthenticWatches.com"""
587,"""Classic Black St Mawes Rose Gold 36mm""@en ""Daniel Wellington Classic 36mm nur € 169.00""@en"
588,"""Tissot Le Locle Automatic Lady T41.1.183.33""@es catálogo oficial Laguardajoiers distribuidor de Tissot en Barcelona""@es ""Reloj Ladies T41.1.183.33"
589,""" GC Ladies Lady Chic Chronograph Watch ""@en ""GC Y05010M1 £219.00 - TheWatchSuperstore.com™""@en"
590,"""Carl F Bucherer ChronoDate Watch 00.10624.08.33.01"" ""Shop Carl 00.10624.08.13.01 Watches | Costello Jewelry Company"""
591,"""Classic Black Sheffield Silver 36mm""@de ""Daniel Wellington Classic 36mm nur 169 00 €""@de"
592,"""Mens Couturier Chronograph Watch ""@de ""Tissot T-klassisch Uhren | Official TISSOT Stockist""@de"
593,"""Panerai 2013 Watch PAM00446"" ""Shop Panerai PAM00538 Watches | Northeastern Fine Jewelry"""
594,""" TAG HEUER FORMULA 1 200 M - ∅32 mmCeramica e diamanti WAH1313.BA0868 ""@it ""TAG Heuer Formula 32 mm | watch price""@it"
595,"""Hamilton American Classic JazzMaster Traveler GMT 2 Mens Watch""@en Watch - H32625555""@en"
596,""" Daniel Wellington Ladies' Dapper 34mm Reading Watch""@en ""Ladies' Watch (DW00100118) - WATCH SHOP.com™""@en"
597,"""Hamilton Khaki Field Officer Mechanical H69419363""@en ""HAMILTON KHAKI FIELD OFFICER MECHANICAL"
598,"""Dior Montaigne Watch CD153512M001"" CD152110M002 | Dejaun Jewelers"""
599,"""Startimer Pilot Herrenchronograph Big Date""@de ""Alpina Startimer Date nur 895 00 €""@de"
600,""" TAG HEUER CARRERA Calibre 8 GMT Reloj automático 100 M - ∅41 mm WAR5010.BA0723 ""@es ""TAG Heuer Carrera Automatic Watch 41 | watch price""@es"
601,"""Maurice Lacroix Eliros Watch EL1094-SS002-110-1"" ""Shop Maurice EL1094-PVP06-150-1 Watches | Costello Jewelry Company"""
602,"""Cartier Tank Française Watch W51028Q3"" ""Shop Cartier WE110004 Watches | Northeastern Fine Jewelry"""
603,"""Tissot PRS200 PRS 200 Stainless Steel Chronograph Men's Watch T0674171103101"" "" Tissot T0674171103101 | watchtag.com"""
604,"""Southampton oro rosa Reloj para mujer 36mm""@es ""Daniel Wellington Southampton 36mm nur 139 00 €""@es"
605,"""Cartier Calibre De Cartier Diver Watch W2CA0009"" ""Shop W7100054 Watches | Northeastern Fine Jewelry"""
606,"""Cartier Tank Solo Watch W5200025"" ""Shop Cartier W5200004 Watches | Northeastern Fine Jewelry"""
607,"""Cartier Tank Américaine Watch WB710013"" ""Shop Cartier WB710015 Watches | Northeastern Fine Jewelry"""
608,"""Charles Krypell Sterling Silver Necklace 4-6880-SGCIRCLE"" ""Shop Charles 4-6977-SWHTP Necklaces | Northeastern Fine Jewelry"""
609,"""Cartier Ronde Louis Cartier Watch WR000251"" ""Shop WR000551 Watches | Northeastern Fine Jewelry"""
610,"""Hamilton Traveler GMT H32695731"" ""Traveler GMT"""
611,"""Blair Watch""@en ""Michael Kors Blair Watch | SHOPBOP SAVE UP TO 30% Use Code: MORE17""@en"
612,"""21in x 30ft White Mesh Ribbon w/ Metallic Gold Bands""@en-us ""SPRING/ EASTER COLORS""@en-us"
613,"""Daniel Wellington Classic Man Black Cornwall silver""@nl-NL silver 10:35 Horloge boektiek""@nl-NL"
614,"""G-Shock Mudmaster Men´s Watch""@en ""Casio G-Shock Watch GWG-1000GB-1AER nur € 749.00""@en"
615,"""Kinetic Men´s Watch""@en ""Seiko Kinetic Watch SKA531P1 nur € 329.00""@en"
616,"""Cartier Santos 100 Watch W20107X7"" ""Shop Cartier WSSA0006 Watches | Northeastern Fine Jewelry"""
617,"""Panerai 2013 Watch PAM00364"" ""Shop Panerai PAM00503 Watches | Northeastern Fine Jewelry"""
618,"""Cartier Tank MC Watch W5330007"" ""Shop Cartier WGTA0014 Watches | Northeastern Fine Jewelry"""
619,""" Unisex Gucci G-Timeless Watch YA1264018 ""Men's Watches | Designer For Men The Hut"""
620,"""Apple Watch Nike+, 38mm Gris espacial Aluminio Funda Negro/Volt Nike Sport Correa""@es 42mm Camellia Band - Black Friday 2017 ""@es"
621,"""Baby G Reloj para mujer""@es 90 €""@es ""Casio Baby mujer BLX-100-7ER nur 79"
622,"""Jazzmaster Maestro Small Second Automatic Watch""@en 145.00""@en ""Hamilton Jazzmaster Watch nur € 1"
623,"""Omega Seamaster 22545000"" "" Discover the Omega watch collection at Albemarle Bond"
624,"""POLAR M200"" M200 | Electrónica Forum Sport"""
625,""" Unisex Junghans Max Bill Watch 047/4657.00 ""Luxury Mens Watches"""
626,""" Mens Sekonda Watch 1350 ""Men's Watches | Designer For Men The Hut"""
627,"""Mens Pontos Automatic Chronograph Watch ""@de ""Maurice Lacroix Schweizer hergestellt luxuriös Uhren - including Miros Fiaba und Les Classique ranges""@de"
628,""" Pulsar Men's Chronograph Solar Powered Watch""@en ""Men's Watch (PX5019X1) - WATCH SHOP.com™""@en"
629,""" Raymond Weil Ladies' Toccata Diamond Watch""@en ""Ladies' Watch (5988-STP-97081) - WATCH SHOP.com™""@en"
630,"""G-Shock Rangeman Herrenuhr""@de ""Casio G-Shock Herrenuhr GW-9400-1ER nur 299 00 €""@de"
631,"""Cartier Hypnose Watch WJHY0006"" ""Shop Cartier WJHY0007 Watches | Northeastern Fine Jewelry"""
632,"""Hamilton American Classic Valiant Auto Watch H39415654"" H39515734"""
633,"""G-Shock Reloj para hombre""@es ""Casio G-Shock hombre GA-110MB-1AER nur 129 00 €""@es"
634,"""Michele Serein Watch MW21A01B0966_MS18EV246710"" ""Shop Michele MWW21A000008 Watches | Costello Jewelry Company"""
635,"""Cronógrafo para hombre 1972 Chronoscope Solar""@es ""Junghans Cronógrafo Solar nur 749 00 €""@es"
636,"""Silver Watch""@en ""Michael Kors Silver Watch | SHOPBOP SAVE UP TO 30% Use Code: MORE17""@en"
637,"""Michele Deco Mid Watch MWW06V000002"" ""Shop Michele MWW06V000042 Watches | Northeastern Fine Jewelry"""
638,"""Zegarek automatyczny Jazzmaster Traveler 2 GMT""@pl 00 €""@pl ""Hamilton Zegarek GMT nur 895"
639,"""Cartier Ronde Solo De Cartier Watch W6701009"" ""Shop W6701011 Watches | Northeastern Fine Jewelry"""
640,"""Jazzmaster Day Date Herren-Automatikuhr""@de ""Hamilton Jazzmaster Herren-Automatikuhr nur 675 00 €""@de"
641,"""Alpina Pilot Quartz Chronograph Watch AL-372LBBG4FBV6"" ""Shop Alpina AL-372LBBG4FBV6 | Moyer Fine Jewelers"""
642,"""St. Mawes Różowe złoto Zegarek męski 40mm""@pl 00 €""@pl ""Daniel Wellington St. 40mm nur 189"
643,"""Carl F Bucherer TravelTec Watch 00.10620.08.53.01"" ""Shop Carl 00.10620.08.53.21 | Moyer Fine Jewelers"""
644,"""Cartier Santos 100 Watch W20106X8"" ""Shop Cartier W20072X7 Watches | Northeastern Fine Jewelry"""
645,"""Hamilton American Classic JazzMaster Black Dial Day-Date Mens Watch""@en Watch - H32505731""@en"
646,"""Cartier"" ""CartierCartier Tank Series Unisex Watch W2603556"""
647,"""Carl F Bucherer Flyback Watch 00.10919.03.13.01"" ""Shop Carl 00.10919.03.13.01 | Moyer Fine Jewelers"""
648,"""Herren Pulsar Chronograf solar betrieben Uhr PX5019X1""@de"
649,"""Zegarek automatyczny Jazzmaster Viewmatic Skeleton""@pl 00 €""@pl ""Hamilton Zegarek Skeleton nur 1.095"
650,"""Raymond Weil Maestro Watch 2238-ST-00659"" ""Shop Raymond 2227-ST-00659 Watches | Costello Jewelry Company"""
651,"""Bvlgari LVCEA Watch LU36C6SSPGD"" LUP33BGGD | Dejaun Jewelers"""
652,"""Mens PR100 Powermatic 80 Automatic Watch ""@de ""Tissot T-klassisch Uhren | Official TISSOT Stockist""@de"
653,""" Tissot Men's PRS200 Chronograph Watch""@en ""Men's Watch (T0674171103101) - WATCH SHOP.com™""@en"
654,""" Automatic small second Steel on leather strap ""@en-US ""Maestro - Silver Leather Black Watch Raymond Weil""@en-US"
655,"""Raymond Weil Maestro Watch 2237-ST-BEAT1"" ""Shop Raymond 2238-ST-00659 Watches | Costello Jewelry Company"""
656,"""G-Shock Gulfmaster Men´s Watch""@en ""Casio G-Shock Watch GWN-1000B-1BER nur € 499.00""@en"
657,"""Winchester Rosegold Damenuhr 36mm""@de ""Daniel Wellington Winchester 36mm nur 139 00 €""@de"
658,"""Michele Serein MWW21A000058"""
659,"""Reading Różowe złoto Zegarek damski 36mm""@pl 00 €""@pl ""Daniel Wellington Reading 36mm nur 169"
660,""" Casio Men's Pro-Trek Alarm Chronograph Watch""@en ""Men's Watch (PRG-300-1A2ER) - WATCH SHOP.com™""@en"
661,""" Tissot Men's PRC200 Automatic Watch""@en ""Men's Watch (T0554301105700) - WATCH SHOP.com™""@en"
662,"""Bvlgari B.Zero1 Watch BZ23WSGCL 12"" BZ23WSCC.M | Dejaun Jewelers"""
663,"""Radiomir 1940 3 Days Acciaio - 47mm ""@en Panerai watch""@en"
664,""" Casio Ladies' Classic Alarm Chronograph Watch""@en ""Ladies' Watch (B640WC-5AEF) - WATCH SHOP.com™""@en"
665,"""Ladies Baby-G Alarm Chronograph Watch ""@de G-Shock | DE Shop™""@de ""Casio Uhr online finden Edifice"
666,""" Mens Dreyfuss Co 1953 Chronograph Watch DGS00032/04 ""Sale | The Hut"""
667,"""Eco-Drive Zegarek męski Sterowane radiem""@pl 00 €""@pl ""Citizen Eco-Drive radiem nur 399"
668,"""Cartier Santos W20011C4"" W20011C4 Watch | Watchfinder & Co."""
669,"""Omega Speedmaster Moonwatch Omega Co-Axial Chronograph WATCH 311.63.44.51.06.001"" Watch 311.93.44.51.99.002"""
670,"""Alpina Pilot Quartz Chronograph Watch AL-372N4FBS6"" ""Shop Alpina AL-372LBBG4FBV6 | Moyer Fine Jewelers"""
671,""" Ladies Raymond Weil Jasmine Watch 5229-STS-01659 ""Ladies Watches | Designer For Women The Hut"""
672,"""York Silver Damenuhr 36mm""@de ""Daniel Wellington York 36mm DW00100055 nur 169 00 €""@de"
673,"""Suunto Traverse Alpha Watch""@en Watch | Sportsman's Warehouse""@en"
674,"""Omega Speedmaster Co-Axial Chronograph Dark Side of the Moon Pitch Black Ceramic"" Ceramic 311.92.44.51.01.004 on Watch Agora"""
675,"""Grenen Men´s Watch""@en ""Skagen Grenen Watch 233XXLSLB nur € 139.00""@en"
676,"""Dior Chiffre Rouge Watch CD084B10M001"" CD084B10M001 | Dejaun Jewelers"""
677,"""ArtCarved Contemporary Wedding Band 11-WV7365W-G"" ""Shop ArtCarved 11-WV7357W-G bands | Northeastern Fine Jewelry"""
678,"""Cartier Tank Louis Cartier Watch W1529756"" ""Shop WGTA0011 Watches | Northeastern Fine Jewelry"""
679,""" TAG HEUER FORMULA 1 200 M - ∅41 mm WAZ1110.BA0875 ""@pt ""TAG Heuer Formula 41 | watch price""@pt"
680,"""Alpina Automatic 4 Watch AL-525NS5AQ6"" ""Shop Alpina AL-525NS5AQ6B | Moyer Fine Jewelers"""
681,"""Alpina Startimer Pilot Automatic Watch AL-525G4TS6"" ""Shop Alpina AL-525S4S6 | Moyer Fine Jewelers"""
682,"""Omega Speedmaster Moonwatch 311.92.44.51.01.004"" 311.92.44.51.01.004 Watch | Watchfinder & Co."""
683,""" Montre Plate Round en Acier avec bracelet Cuir noir ""@fr ""Plate Round""@fr"
684,"""Kinetic GMT Reloj para hombre""@es 00 €""@es ""Seiko Kinetic hombre SUN015P1 nur 479"
685,""" Suunto Men's Ambit 3 Peak HR Bluetooth GPS Chronograph Watch""@en ""Men's Watch (SS020674000) - WATCH SHOP.com™""@en"
686,"""Carl F Bucherer TravelTec II Watch 00.10633.03.33.01"" ""Shop Carl 00.10633.03.33.01 Watches | Costello Jewelry Company"""
687,"""Mens 1953 Chronograph Watch ""@de ""Luxusuhren vieler Qualitätsmarken online | DE Shop™""@de"
688,"""Cartier Panthère De Cartier Watch WGPN0009"" ""Shop WGPN0008 Watches | Northeastern Fine Jewelry"""
689,"""Zegarek męski Automatyczny""@pl 00 €""@pl ""Seiko Zegarek Automatyczny SSA231K1 nur 349"
690,"""Cartier Santos-Dumont Watch W2009251"" ""Shop Cartier Collection at Northeastern Fine Jewelry"""
691,"""Omega Co-Axial Chronograph 44.25 mm""@en-GB"
692,"""Carl F Bucherer ChronoDate Watch 00.10624.08.53.01"" ""Shop Carl 00.10624.08.33.21 | Moyer Fine Jewelers"""
693,"""Tissot T Sport PRC 200 ""@en"
694,"""G-Shock Reloj para hombre""@es 90 €""@es ""Casio G-Shock hombre GA-100MB-1AER nur 99"
695,"""Hamilton AC Jazzmaster Lady Auto""@es Auto - Tomas Colomer""@es"
696,"""G-Shock Rangeman Reloj para hombre""@es ""Casio G-Shock hombre GW-9400-1ER nur 299 00 €""@es"
697,"""Montre Femme Daniel Wellington Classic Durham/ Doré""@fr femme Durham /"
698,"""Cartier Tank Américaine Watch WB710013"" ""Shop Cartier WSTA0018 Watches | Northeastern Fine Jewelry"""
699,"""Bvlgari Solotempo Watch BGOP38WGLD"" BGO38WSPGD | Dejaun Jewelers"""
700,"""Reading Silver Reloj para hombre 40mm""@es ""Daniel Wellington Reading 40mm nur 189 00 €""@es"
701,"""Maurice Lacroix Les Classiques Watch LC6098-SS001-120-1"" ""Shop Maurice LC6158-SS001-130-1 Watches | Costello Jewelry Company"""
702,""" Daniel Wellington Men's Classic 40mm Reading Watch""@en ""Men's Watch (DW00100028) - WATCH SHOP.com™""@en"
703,""" DANİEL WELLİNGTON DW00100137 Kol Saati ""@tr ""Daniel Wellington En Ucuz Fiyat""@tr"
704,"""Prospex Diver´s Revival Automatikuhr""@de 00 €""@de ""Seiko Prospex Automatikuhr SRP777K1 nur 399"
705,"""Cartier Ronde Solo W6801005"" W6801005 Watch | Watchfinder & Co."""
706,"""Daniel Wellington Classic Lady Black Sheffield rose gold""@en-GB gold 10:35 Watch boutique""@en-GB"
707,"""Mens Casio G-Shock Premium Mudmaster Compass Alarm Chronograph Radio Controlled Watch GWG-1000-1A3ER"""
708,"""Daniel Wellington Classic Lady Black Sheffield silver""@en-GB silver 10:35 Watch boutique""@en-GB"
709,"""Chopard Happy Sport Medium Automatic Watch 278559-6003"" 278559-3004 | Dejaun Jewelers"""
710,""" Mens Marea Watch 54088/3 ""Brands"""
711,"""Bvlgari Solotempo Watch BGOP38WGLD"" BGO41BSLD | Dejaun Jewelers"""
712,"""Tag Heuer Carrera WAR5010.BA0723"" WAR5010.BA0723 Watch | Watchfinder & Co."""
713,""" Ladies Raymond Weil Noemia 24mm Diamond Watch 5124-ST-00985 ""Raymond Watches"""
714,"""Raymond Weil Maestro Watch 2237-STC-20001"" ""Shop Raymond 2238-ST-00659 Watches | Costello Jewelry Company"""
715,"""Omega Seamaster Planet Ocean ""@en"
716,"""Raymond Weil Toccata Watch 5488-STC-50001"" ""Shop Raymond 5488-SL5-65001 Watches | Costello Jewelry Company"""
717,"""Max Bill Reloj para mujer""@es ""Junghans Max mujer 047/4657.00 nur 495 00 €""@es"
718,"""Raymond Weil Freelancer Watch 2740-ST-50021"" ""Shop Raymond 2754-SR-05500 Watches | Costello Jewelry Company"""
719,"""PYLE - Sports Watch Silver""@en-US"
720,"""Apple Watch Nike+, 38mm Gris espacial Aluminio Funda Negro/Volt Nike Sport Correa""@es Nik... ""@es Nike+"
721,"""ArtCarved Classic Engagement Ring 31-V219ERW-E"" ""Shop ArtCarved 31-V736ERW-E rings | Northeastern Fine Jewelry"""
722,"""Georgia Damenuhr""@de ""Fossil Georgia Damenuhr ES3745 nur 129 00 €""@de"
723,"""Cartier Tank Américaine Watch WB710009"" ""Shop Cartier WB710014 Watches | Northeastern Fine Jewelry"""
724,"""JAZZMASTER AUTO CHRONO""@es ""reloj hamilton""@es"
725,"""Chopard Happy Sport Chrono Watch 288499-6002"" 288499-3016 | Dejaun Jewelers"""
726,"""SUUNTO AMBIT 3 SPORT BLACK HR""@en HR - RUNNING GPS-WATCH Suunto colour Black SS020678000 Athletic footwear apparel and sports equipment""@en"
727,"""Daniel Wellington Classic Lady Black Bristol rose gold""@nl-NL gold 10:35 Horloge boektiek""@nl-NL"
728,"""Cartier"", ""CartierCartier New Santos Series Men's Watch W20090 x 8"""
729,"""T-Touch Expert Solar Herrenuhr""@de ""Tissot T-Touch Herrenuhr nur 940 00 €""@de"
730,"""Collection Men´s Watch""@en ""Casio Collection Watch A168WEGC-5EF nur € 64.90""@en"
731,"""Tag Heuer Carrera CAR2A10.BA0799"" CAR2A10.BA0799 Watch | Watchfinder & Co."""
732,"""Carl F Bucherer Power Reserve Watch 00.10912.08.33.21"" ""Shop Carl 00.10912.08.13.21 | Moyer Fine Jewelers"""
733,"""Mens Engineer Hydrocarbon Airborne Chronometer Watch ""@de ""Chronometer COSC Rated mechanisch Uhren""@de"
734,"""Cartier Tortue Watch WA501012"" ""Shop Cartier WA501009 Watches | Northeastern Fine Jewelry"""
735,"""Classic Black Durham Oro Rosé 36mm""@es ""Daniel Wellington Classic 36mm nur 169 00 €""@es"
736,""" Mens Marea Watch 54088/3 ""All Watches"""
737,"""Cartier Drive De Cartier Watch W4100013"" ""Shop WSNM0009 Watches | Northeastern Fine Jewelry"""
738,"""TomTom Runner 2 Cardio GPS & Heart Rate + Music Watch Black - Small Strap""@en Strap · TomTom Run ah""@en"
739,"""Hamilton Jazzmaster Lady Quartz Watch H42211155"" H32341975"""
740,"""Hamilton Jazzmaster Lady Quartz Watch H32351115"""
741,""" Mens Sekonda Watch 1350 ""Sale | The Hut"""
742,""" Ladies Karl Lagerfeld Joleigh Watch KL3409 ""Ladies Watches | Designer For Women The Hut"""
743,"""Bvlgari Bvlgari Watch BBL26WSSD"" BBL262TBSS.M | Dejaun Jewelers"""
744,"""JUNGHANS MAX BILL CHRONOSCOPE GOLD""@fr-fr GOLD - Chez maman""@fr-fr"
745,"""Omega Seamaster 25998000"" "" Discover the Omega watch collection at Albemarle Bond"
746,""" LTHR SUPPLY T1 - ROSE... ""@fr-fr, CASIO BLACK WHITE MQ24-9BLCK ""JUNGHANS MAX BILL MECANIQUE GOLD""@fr-fr, LIP MACH2000 MINI MOON /... ""@fr-fr GOLD Chez maman""@fr-fr"
747,""" Mens Casio G-Shock Premium Mudmaster Compass Alarm Chronograph Radio Controlled Watch GWG-1000-1A3ER ""All Watches"""
748,"""Reloj Max Bill""@es ""Junghans Reloj Bill 027/4002.44 nur 955 00 €""@es"
749,"""Cartier"" ""CartierCartier Pasha Series Men's Watch W31077U2"""
750,"""Raymond Weil Toccata Watch 5388-PC5-65001"" ""Shop Raymond 5988-ST-97081 Watches | Costello Jewelry Company"""
751,"""Raymond Weil Tango ""@en"
752,"""Omega Master Co-Axial 41 mm""@en-GB"
753,"""Cartier Santos 100 Watch WSSA0006"" ""Shop Cartier W20107X7 Watches | Northeastern Fine Jewelry"""
754,"""Omega Seamaster Chrono Diver 2599.80.00"" 2599.80.00 Watch | Watchfinder & Co."""
755,""" Mens Raymond Weil Maestro Automatic Watch 2237-ST-20001 ""Mens Watches"""
756,"""Daniel Wellington Classic Lady Reading rose gold""@nl-NL gold | 10:35 Horloge boetiek""@nl-NL"
757,"""Shadow Rose Oversize T-Shirt""@de-DE T-Shirt - Phoenix Clothing Online Shop""@de-DE"
758,"""Michele Deco Mid Watch MW06V00A0029_MS16DM235009"" ""Shop Michele MWW06V000003 Watches | Northeastern Fine Jewelry"""
759,"""Bvlgari Bvlgari Watch BBL262TBSS 12.M"" BBL33WSSD | Dejaun Jewelers"""
760,"""Cartier Tank Louis Cartier Watch W1529756"" ""Shop W1529756 Watches | Northeastern Fine Jewelry"""
761,""" Seiko Sportura SUN015P1 Kinetic watch ""Seiko - Kinetic"""
762,""" Pulsar Men's Chronograph Watch""@en ""Men's Watch (PT3195X1) - WATCH SHOP.com™""@en"
763,"""The Time Teller Chrono Black Sunray""@en ""Nixon The Sunray A9722348 nur € 151.20""@en"
764,"""Longines Conquest Watch L3.697.4.76.6"" ""Shop Longines L3.697.4.96.6 Watches | Northeastern Fine Jewelry"""
765,"""Daniel Wellington Classic Lady Sheffield rose gold""@nl-NL gold 10:35 Horloge boektiek""@nl-NL"
766,"""Bvlgari Bvlgari Soltempo Watch BB39WSPGD"" BB41C3SLD | Dejaun Jewelers"""
767,"""Raymond Weil Tango Watch 5391-STP-00995"" ""Shop Raymond 5391-ST-00995 Watches | Costello Jewelry Company"""
768,"""Unisex V800 Bluetooth Heart Rate Monitor GPS Smart Alarm Chronograph Watch ""@de ""Fitness Uhren""@de"
769,"""Herren 88 Rue Du Rhone Chronograf Uhr 87WA164501""@de"
770,"""Reloj para mujer""@es ""Citizen Reloj mujer FE1081-08A nur 99 00 €""@es"
771,""" Ladies Raymond Weil Noemia 32mm Diamond Watch 5132-STS-00985 ""Ladies Watches | Designer For Women The Hut"""
772,"""Bvlgari Tubogas Watch SP35BDSDS.2T"" SPP35BGDG.2T | Dejaun Jewelers"""
773,"""Cartier Tank Française Watch W51008Q3"" ""Shop Cartier W4TA0009 Watches | Northeastern Fine Jewelry"""
774,"""Orologio Manifesto Power nero""@it nero - Versace Donna | Shop Online Italia""@it"
775,"""Edifice Herrenchronograph""@de ""Casio Edifice Herrenchronograph EF-539D-1A2VEF nur 125 00 €""@de"
776,"""Mens g-schok zwarte chronograaf horloge"""
777,"""Bvlgari Bvlgari Watch BBL33WSPGD"" BBL33WSL 12 | Dejaun Jewelers"""
778,"""TomTom Runner 2 Music BLK/ANT (Large) Horloge - Zwart/Anthracite""@nl "" TomTom Hardloop Accessoires Zwart-Anthracite ""@nl"
779,"""Damenchronograph PRC200""@de ""Tissot Damenchronograph PRC200 T055.217.16.032.02 nur 430 00 €""@de"
780,"""Michele Deco Mid, Teal Diamond Dial Watch MW06V00A0029 MS16DM235009"" ""Deco Mid"""
781,"""Chopard Chronograph Watch 388549-3002"" 388549-3002 | Dejaun Jewelers"""
782,"""Carl F Bucherer AutoDate Watch 00.10915.08.13.21"" ""Shop Carl 00.10915.03.13.01 Watches | Costello Jewelry Company"""
783,"""G-Shock Herrenuhr""@de ""Casio G-Shock Herrenuhr GA-400-1BER nur 129 00 €""@de"
784,"""Cartier Tank Series Mens Watch W1529756""@en-us"
785,"""Tissot T048.417.27.057.06 T-Race""@es ""Reloj Tissot T-Sport T-Race Laguardajoiers agente oficial de en Barcelona""@es catálogo"
786,"""Diver Automatyczny Zegarek do nurkowania""@pl 00 €""@pl ""Seiko Diver nurkowania SKX007K2 nur 299"
787,"""Omega Seamaster 300m 2531.80.00"" 2531.80.00 Watch | Watchfinder & Co."""
788,"""Michele Deco Madison Watch MW06T00A0101_MS18AA030402"" ""Shop Michele MW06T01A1113_MS18AU235009 Watches | Costello Jewelry Company"""
789,"""Sheffield Rosegold Herrenuhr 40mm""@de ""Daniel Wellington Sheffield 40mm nur 189 00 €""@de"
790,"""Mens PRC200 Chronograph Watch ""@de ""Luxusuhren vieler Qualitätsmarken online | DE Shop™""@de"
791,"""Parade Lyria Leaves Necklace P2771-R2-WRFS2"" ""Shop Parade P3281 R1 Necklaces | Mitchum Jewelers"""
792,"""Hamilton Jazzmaster Viewmatic Skeleton Gent Auto Watch H42545551"""
793,"""Cartier Tortue Watch WA501012"" ""Shop Cartier WGTO0003 Watches | Northeastern Fine Jewelry"""
794,"""Jazzmaster Seaview Day Date Herrenuhr""@de ""Hamilton Jazzmaster Herrenuhr nur 590 00 €""@de"
795,"""Meister Driver Chronoscope Reloj automático""@es ""Junghans Meister automático nur 1.990 00 €""@es"
796,"""Raymond Weil Noemia Watch 5132-STP-00985"" ""Shop Raymond 5132-STS-65081 Watches | Costello Jewelry Company"""
797,"""Cartier Tank Solo Watch W5200025"" ""Shop Cartier W5200026 Watches | Northeastern Fine Jewelry"""
798,"""Seiko SKX007K1 watch"""
799,""" DANİEL WELLİNGTON DW00100143 Kol Saati ""@tr ""Daniel Wellington En Ucuz Fiyat""@tr"
800,"""Carl F Bucherer AutoDate Watch 00.10915.08.13.21"" ""Shop Carl 00.10915.08.13.21 | Moyer Fine Jewelers"""
801,"""Raymond Weil Toccata Watch 5388-PC5-65001"" ""Shop Raymond 5388-ST-50081 Watches | Costello Jewelry Company"""
802,"""York Różowe złoto Zegarek męski 40mm""@pl 00 €""@pl ""Daniel Wellington York 40mm nur 139"
803,"""Bvlgari B.Zero1 Watch BZ23WSGDL 12"" BZ23BSGCC 12.M | Dejaun Jewelers"""
804,""" Mens Marea Watch 54088/3 ""Men's Watches | Designer For Men The Hut"""
805,"""IWC Ingenieur Watch IW380802"" ""Shop IWC IW381701 Watches | Northeastern Fine Jewelry"""
806,"""Michele Serein Mid Watch MWW21B000015"" ""Shop Michele MWW21B000017 Watches | Costello Jewelry Company"""
807,"""Raymond Weil Maestro Watch 2238-ST-00659"" ""Shop Raymond 2237-ST-65001 Watches | Costello Jewelry Company"""
808,"""Herren Seiko solar betrieben Uhr SNE329P9""@de"
809,"""Jazzmaster Slim men´s watch""@en ""Hamilton Jazzmaster watch H38615735 nur € 695.00""@en"
810,"""Herren Tissot PRS200 Chronograf Uhr T0674172203101""@de"
811,"""Raymond Weil Toccata Watch 5988-P-97081"" ""Shop Raymond 5988-ST-97081 Watches | Costello Jewelry Company"""
812,"""Daniel Wellington Classic Man Black Sheffield silver""@nl-NL silver 10:35 Horloge boektiek""@nl-NL"
813,""" Raymond Weil Ladies' Toccata Diamond Watch""@en ""Ladies' Watch (5388-ST-50081) - WATCH SHOP.com™""@en"
814,""" Junghans Men's Max Bill Chronoscope Automatic Chronograph Watch""@en ""Men's Watch (027/4600.00) - WATCH SHOP.com™""@en"
815,""" Ladies Sekonda Editions Watch 2463 ""Ladies Watches | Designer For Women The Hut"""
816,"""Michele Deco Mid Diamond Gold Watch"" ""Deco Mid"""
817,"""Cartier Santos 100 Watch WSSA0006"" ""Shop Cartier WSSA0006 Watches | Northeastern Fine Jewelry"""
818,"""Maurice Lacroix Fiaba Watch FA2164-SS002-113"" ""Shop Maurice FA1004-PVP23-170 Watches | Costello Jewelry Company"""
819,"""G-Shock Reloj para hombre""@es ""Casio G-Shock hombre GA-800-1AER nur 129 00 €""@es"
820,"""Raymond Weil Tango Watch 5391-STP-00995"" ""Shop Raymond 5960-STS-00995 Watches | Costello Jewelry Company"""
821,"""OMEGA SPEEDMASTER DARK SIDE OF THE MOON""@es MOON - Tomas Colomer""@es"
822,""" Hamilton Men's Jazzmaster Automatic Chronograph Watch""@en ""Men's Watch (H32616533) - WATCH SHOP.com™""@en"
823,"""Pontos S Herrenchronograph Automatik""@de ""Maurice Lacroix Pontos Automatik nur 3.990 00 €""@de"
824,"""Max Bill Automatic Date Noir - Junghans""@fr-fr Junghans 027/4701.00""@fr-fr"
825,""" Monitor Polar A360 - S Blanco ""@es ""Monitor Alkosto Tienda Online""@es"
826,"""Bvlgari Solotempo Watch BGOP38WGLD"" BGOP41BGLD | Dejaun Jewelers"""
827,"""Cartier Santos 100 Watch WSSA0006"" ""Shop Cartier W20073X8 Watches | Northeastern Fine Jewelry"""
828,"""Mens g-schok mat zwart kunststof band horloge"""
829,"""Unisex Loop 2 Smoky Black Bluetooth Activity Tracker Alarm Watch ""@de ""Fitness Uhren""@de"
830,""" Mens Casio G-Shock Alarm Chronograph Watch GA-800-4AER ""Sale | The Hut"""
831,""" Mens Nixon The Brigade Watch A1176-001 ""New arrivals | Shop New Hut"""
832,"""Promaster Marine Męskie-Zegarek do nurkowania""@pl 00 €""@pl ""Citizen Promaster nurkowania nur 199"
833,"""Raymond Weil Toccata Watch 5488-ST-50001"" ""Shop Raymond 5588-STC-00300 Watches | Costello Jewelry Company"""
834,"""Raymond Weil Freelancer Watch 7740-SC1-65221"" ""Shop Raymond 2760-SR1-20001 Watches | Costello Jewelry Company"""
835,""" Suunto Men's Core regular black Alarm Chronograph Watch""@en ""Men's Watch (SS014809000) - WATCH SHOP.com™""@en"
836,"""Panerai Radiomir Manual PAM00514"" PAM00514 Watch | Watchfinder & Co."""
837,"""Cartier Panthère De Cartier Watch WGPN0009"" ""Shop WJPN0007 Watches | Northeastern Fine Jewelry"""
838,"""EQB-500 Bluetooth Argent/Bleu - Casio Edifice ""@fr-fr EQB-500DB-2AER""@fr-fr"
839,"""Bvlgari Bvlgari Watch BBL262TBSS 12.M"" BBLP26WGL 12 | Dejaun Jewelers"""
840,"""Cartier Santos Dumont Womens Watch WH100351""@en-us"
841,"""Zegarek automatyczny Max Bill""@pl 00 €""@pl ""Junghans Zegarek Bill 027/4701.00 nur 925"
842,"""Carl F Bucherer Power Reserve Watch 00.10912.08.13.01"" ""Shop Carl 00.10912.08.33.21 Watches | Costello Jewelry Company"""
843,"""SKINGALA""@ru "" Swatch® Россия - Regular (Ø 36.8 MM) SKINGALA SVOB103G ""@ru"
844,"""Carl F Bucherer ChronoDate Watch 00.10624.08.53.01"" ""Shop Carl 00.10624.08.53.21 Watches | Costello Jewelry Company"""
845,"""SUUNTO CORE REGULAR BLACK""@en BLACK - WATCH Suunto colour Black SS014809000 Athletic footwear apparel and sports equipment""@en"
846,"""Daniel Wellington Classic Man Cambridge silver""@nl-NL silver | 10:35 Horloge boetiek""@nl-NL"
847,""" TAG HEUER FORMULA 1 Calibre 7 Automatic Watch 200 M - ∅41 mm WAZ211A.BA0875 ""@en-us ""TAG Heuer Formula 41 | watch price""@en-us"
848,"""Raymond Weil Noemia Watch 5132-STS-00985"" ""Shop Raymond 5132-ST-80081 Watches | Costello Jewelry Company"""
849,"""Cartier"", ""CartierCartier Pasha Series Men's Watch W31088U2"""
850,"""Reloj automático Max Bill""@es ""Junghans Reloj Bill 027/7700.00 nur 955 00 €""@es"
851,"""Casio Unisex Digital Bracelet Watch A500WEA-1EF"""
852,"""Bristol Rose Gold Men´s Watch 40mm""@en ""Daniel Wellington Bristol 40mm nur € 189.00""@en"
853,"""14K White Gold, Diamond Solitaire Earrings, 1.00 ctw.""@en Earrings Gold ctw. | Samuels Jewelers""@en"
854,"""G-Shock Mudmaster Herrenuhr""@de 00 €""@de ""Casio G-Shock Herrenuhr GWG-1000GB-1AER nur 749"
855,""" Tissot T-Touch Expert Titanium Watch ""@en ""Tissot - T0134204420200 | Ben Bridge Jeweler""@en"
856,"""The C45 SS Gunmetal / Aqua Sunray Men´s Watch""@en ""Nixon The Watch nur € 199.00""@en"
857,"""Omega Speedmaster Watch 311.92.44.51.01.005"" ""Speedmaster"""
858,"""Raymond Weil Toccata Watch 5388-ST-50081"" ""Shop Raymond 5488-ST-00300 Watches | Costello Jewelry Company"""
859,"""Omega Speedmaster Watch 311.30.42.30.01.005"" ""Speedmaster"""
860,"""Tissot"", ""TissotTissot Swiss Made Wrist Watch T019.430.36.031.01 40mm"""
861,"""Hamilton Slim Auto H38615555"" ""Slim Auto"""
862,"""G-Shock Gulfmaster Zegarek męski""@pl 00 €""@pl ""Casio G-Shock męski GWN-1000B-1BER nur 499"
863,"""Longines Master Collection Watch L2.628.4.51.7"" ""Shop Longines L2.518.5.12.7 Watches | Northeastern Fine Jewelry"""
864,"""Panerai 2013 Watch PAM00364"" ""Shop Panerai PAM00538 Watches | Northeastern Fine Jewelry"""
865,"""Casio GA-100B-4AER G-Shock watch"""
866,"""Montre Tissot PR100 Quartz Gent Chronograph""@fr"
867,"""Bvlgari Bvlgari Soltempo Watch BB39WSPGD"" BB41C3SSD | Dejaun Jewelers"""
868,"""Cartier Santos 100 W20107X7"" W20107X7 Watch | Watchfinder & Co."""
869,"""Michele Deco Watch MWW06P000099"" ""Shop Michele MWW06P000108 Watches | Northeastern Fine Jewelry"""
870,"""Suunto M5 Womens - Black/Lime""@en "" Suunto Accessories Black/Lime ""@en"
871,"""Daniel Wellington Classic Lady Black Bristol silver""@nl-NL silver 10:35 Horloge boektiek""@nl-NL"
872,"""Cartier Tank Française Watch W51008Q3"" ""Shop Cartier WE110006 Watches | Northeastern Fine Jewelry"""
873,"""Daniel Wellington Classic Lady Black Reading silver""@en-GB silver 10:35 Watch boutique""@en-GB"
874,"""Daniel Wellington Classic Man Glasgow rose gold""@nl-NL gold 10:35 Horloge boektiek""@nl-NL"
875,"""Raymond Weil Maestro Watch 2237-ST-20001"" ""Shop Raymond 2237-PC-00659 Watches | Costello Jewelry Company"""
876,""" Unisex Suunto Spartan Wrist HR Barometer Bluetooth Chronograph Watch SS050000000 ""Men's Watches | Designer For Men The Hut"""
877,""" Daniel Wellington Men's Classic 36mm Reading Watch""@en ""Men's Watch (DW00100041) - WATCH SHOP.com™""@en"
878,"""Seiko Sportura GPS Solar SSF003 / SSF003J1 Herrenuhr""@de"
879,""" Unisex Junghans Max Bill Watch 047/4659.00 ""Luxury Mens Watches"""
880,"""Daniel Wellington Classic Man Cambridge silver""@nl-NL silver 10:35 Horloge boektiek""@nl-NL"
881,""" M200 Bluetooth GPS Activity Tracker Heart Rate Monitor Watch ""@de ""GPS Uhren | Official Stockist for Uhren""@de"
882,""" Mens Skagen Signatur Regulator Watch SKW6390 ""New arrivals | Shop New The Hut"""
883,"""Tissot T Classic Dream ""@en"
884,"""Cartier Drive De Cartier Watch W4100013"" ""Shop WSNM0004 Watches | Northeastern Fine Jewelry"""
885,"""Seiko Prospex Turtle Automatic 24 Jewels 200m Divers Blue Dial Men's Watch SRP773K1 ""@en SRP773K | Dutyfreeislandshop.com""@en"
886,"""The Crew Leather Gold / Cream Black""@de 20 €""@de ""Nixon The Black A1188-2769 nur 127"
887,"""Michele Deco Mid Watch MW06V00A0029_MS16DM235009"" ""Shop Michele MWW06V000001 Watches | Costello Jewelry Company"""
888,"""Chopard Happy Sport Chrono Watch 288499-6002"" 288506-6002 | Dejaun Jewelers"""
889,""" ZIIIRO MERCURY CHROME OCEAN ""@fr-fr, TOKYOFLASH KISAI SPIDER... CELESTE COLORED SATURN ""NIXON THE TIME TELLER GOLD / GREEN SUNRAY""@fr-fr, MR JONES CYCLOPS SUMMER NIGHT BLADE DARK... ECLIPSE ROSE SUN AND MOON COUNT DOWN CLOCK BLACK NIGHT... ROSEGOLD PURPLE GUNMETAL MINT MONO MARU... DAWN WEST DUSK LEMON LAST LAUGH /... SPACE... SATELLITE ADJUST... TRAVELLER LAUGH... ALL GOLD... AVERAGE DAYS GUNMETAL... ""@fr-fr SUNRAY - Chez maman""@fr-fr"
890,"""Maurice Lacroix Les Classiques Watch LC6098-SS001-130-2"" ""Shop Maurice LC6098-SS002-121-1 Watches | Costello Jewelry Company"""
891,"""Bvlgari Tubogas Watch SP35BDSDS.1T"" SP35BDSDS.2T | Dejaun Jewelers"""
892,"""Bvlgari Bvlgari Watch BBL33WSPGD"" BBL37WSS 12 | Dejaun Jewelers"""
893,"""Michele Deco Watch MWW06P000014"" ""Shop Michele MW06T01A1105_MS18AU235009 Watches | Costello Jewelry Company"""
894,"""Collection Reloj digital""@es 90 €""@es ""Casio Collection digital LA670WEA-7EF nur 34"
895,"""Seiko Astron SSE101J1 Chronograph GPS Solar""@en Chronographe Solar prices and Seiko watches official catalog""@en"
896,"""Bvlgari Tubogas Watch SP35BDSDS.1T"" SP35C6SS.1T | Dejaun Jewelers"""
897,"""Michele Deco Watch MWW06P000099"" ""Shop Michele MW06T01A1112_MS18AU235009 Watches | Costello Jewelry Company"""
898,"""Cartier"" ""CartierCartier Roadster Series Men's Watch W62020 x 6"""
899,"""Raymond Weil Maestro Watch 2237-STC-20001"" ""Shop Raymond 2238-STC-00659 Watches | Costello Jewelry Company"""
900,"""Cartier Santos 100 W20106X8"" W20106X8 Watch | Watchfinder & Co."""
901,"""Raymond Weil Maestro Watch 2238-ST-00659"" ""Shop Raymond 2237-PC-00659 Watches | Costello Jewelry Company"""
902,"""G-Shock Herrenuhr""@de ""Casio G-Shock Herrenuhr GA-110GB-1AER nur 149 00 €""@de"
903,"""G-Shock Men´s Watch""@en ""Casio G-Shock Watch GA-100CF-1A9ER nur € 129.00""@en"
904,""" OMEGA 212.30.44.50.03.001 Erkek Kol Saati ""@tr ""Omega En Ucuz Fiyat""@tr"
905,"""Omega De Ville 424.13.40.20.02.001"""
906,""" Junghans Men's max bill Automatic Watch""@en ""Men's Watch (027/4701.00) - WATCH SHOP.com™""@en"
907,""" Hamilton Men's Jazzmaster Gents 40mm Watch""@en ""Men's Watch (H32451751) - WATCH SHOP.com™""@en"
908,"""14K White Gold, Diamond Solitaire Earrings, 1.00 ctw.""@en ctw. - Fall Bridal Catalog 2017 Wedding""@en Earrings Gold"
909,"""Michele Deco Madison Watch MW06T00A0101_MS18AA030402"" ""Shop Michele MW06T00C9018_MS18AU285048 Watches | Northeastern Fine Jewelry"""
910,"""Meister Pilot Reloj automático""@es ""Junghans Meister automático 027/3591.00 nur 2.240 00 €""@es"
911,""" Valentino RED Blue Knit Fabric Bow Sleeveless Dress Size S ""@en ""RED - Yoogi's Closet""@en"
912,"""Damen Michael Kors Parker Chronograf Uhr MK5626""@de"
913,"""Cartier Tank Française Watch W51028Q3"" ""Shop Cartier WSTA0005 Watches | Northeastern Fine Jewelry"""
914,"""Double Down Zegarek męski""@pl 00 €""@pl ""Diesel Double męski DZ1440 nur 99"
915,"""Cartier Tank MC W5330007"" W5330007 Watch | Watchfinder & Co."""
916,"""Radiomir 8 Days Titanio - 45mm ""@en Panerai watch""@en"
917,"""Cartier Rotonde De Cartier Watch W1556051"" ""Shop W1556240 Watches | Northeastern Fine Jewelry"""
918,"""Raymond Weil Maestro Watch 2237-ST-20001"" ""Shop Raymond 2238-STC-00659 Watches | Costello Jewelry Company"""
919,"""Herrenchronograph PRC200""@de ""Tissot Herrenchronograph PRC200 T055.417.11.037.00 nur 475 00 €""@de"
920,"""Bvlgari Bvlgari Watch BBL37C11SPG 12"" BBL26C11SPG 12 | Dejaun Jewelers"""
921,"""Michele Deco Watch MWW06P000100"" ""Shop Michele MW06T01C5110_MS18AU285048 Watches | Costello Jewelry Company"""
922,"""Reading Rosegold Damenuhr 36mm""@de 20 €""@de ""Daniel Wellington Reading 36mm nur 135"
923,"""Bvlgari Solotempo Watch BGOP38WGLD"" BGO38BSSD | Dejaun Jewelers"""
924,""" 88 Rue Du Rhone Men's Chronograph Watch""@en ""Men's Watch (87WA164501) - WATCH SHOP.com™""@en"
925,"""Dior Chiffre Rouge Watch CD084B40R001"" CD084B40R001 | Dejaun Jewelers"""
926,"""Cartier Ronde Louis Cartier Watch W6800151"" ""Shop W6800151 Watches | Northeastern Fine Jewelry"""
927,"""Raymond Weil Tango Watch 5391-STP-00995"" ""Shop Raymond 5960-STP-00995 Watches | Costello Jewelry Company"""
928,"""Panerai Radiomir Watch PAM00323"" ""Shop Panerai PAM00505 Watches | Northeastern Fine Jewelry"""
929,"""Maurice Lacroix Les Classiques Watch LC6098-SS001-130-2"" ""Shop Maurice LC6027-SS001-130 Watches | Costello Jewelry Company"""
930,"""Carl F Bucherer Flyback Watch 00.10919.03.13.01"" ""Shop Carl 00.10919.03.43.01 | Moyer Fine Jewelers"""
931,"""Tissot"" ""TissotTissot Swiss Made Wrist Watch T047.420.47.207.01 44mm"""
932,"""Cartier Tank Solo Watch W5200025"" ""Shop Cartier W5200014 Watches | Northeastern Fine Jewelry"""
933,""" Junghans Men's Max Bill Automatic Watch""@en ""Men's Watch (027/7700.00) - WATCH SHOP.com™""@en"
934,"""Raymond Weil Toccata Ladies 5988-P-97081"" ""Watch Finder"""
935,"""Chopard Grand Prix De Monaco Watch 168570-9001"" 158568-3001 | Dejaun Jewelers"""
936,"""Ladies Parker Chronograph Watch ""@de ""Michael Kors Alle Products""@de"
937,"""Carl F Bucherer ChronoDate Watch 00.10624.08.53.01"" ""Shop Carl 00.10624.08.13.21 Watches | Costello Jewelry Company"""
938,"""Ladies Lady Chic Chronograph Watch ""@de ""Gc Uhren einfach und sicher online bestellen | DE Shop™""@de"
939,"""Raymond Weil Maestro Watch 2237-ST-BEAT1"" ""Shop Raymond 2237-ST-20001 Watches | Costello Jewelry Company"""
940,"""Dior Chiffre Rouge Watch CD084850M001"" CD084B10M001 | Dejaun Jewelers"""
941,"""Unisex Daniel Wellington klassisch Schwarz Durham Uhr 36mm DW00100138""@de"
942,"""Ridriogow Oro Rosé Reloj para hombre 40mm""@es ""Daniel Wellington Ridriogow 40mm nur 119 00 €""@es"
943,"""Daniel Wellington Classic Man Durham rose gold""@en-GB gold 10:35 Watch boutique""@en-GB"
944,"""Carl F Bucherer Power Reserve Watch 00.10912.08.33.21"" ""Shop Carl 00.10912.08.33.21 Watches | Costello Jewelry Company"""
945,"""Sheffield Silver Zegarek męski 40mm""@pl 00 €""@pl ""Daniel Wellington Sheffield 40mm nur 149"
946,""" Casio Men's G-Shock Alarm Chronograph Watch""@en ""Men's Watch (AW-590-1AER) - WATCH SHOP.com™""@en"
947,"""Panerai Luminor 1950 PAM00352"" PAM00352 Watch | Watchfinder & Co."""
948,"""Herren Tissot PRC200 Automatik Uhr T0554301105700""@de"
949,"""Michele Deco Mid Watch MWW06V000001"" ""Shop Michele MWW06V000002 Watches | Costello Jewelry Company"""
950,"""Cartier Pasha De Cartier Miss ""@en"
951,"""Reading Silver Men´s Watch 40mm""@en ""Daniel Wellington Reading 40mm nur € 189.00""@en"
952,""" Unisex Suunto Spartan Wrist HR Barometer Bluetooth Chronograph Watch SS050000000 ""Latest Mens Watches"""
953,"""Seiko SUN021P1 Prospex Kinetic GMT Diver's 200m""@es ""Reloj Seiko GMT""@es"
954,"""Orchard Watch""@en ""RumbaTime Orchard Watch | SHOPBOP SAVE UP TO 30% Use Code: MORE17""@en"
955,"""Ladies Eliros Watch ""@de ""Maurice Lacroix Schweizer hergestellt luxuriös Uhren - including Pontos Miros Fiaba und Les Classique ranges""@de"
956,"""Ladies Classic Collection Alarm Chronograph Watch ""@de G-Shock | DE Shop™""@de ""Casio Uhr online finden Edifice"
957,"""The Kensington Leather Rose Gold/White""@es ""Nixon The Gold/White A1081045 nur 129 00 €""@es"
958,"""Classic Black St Mawes Rosegold 36mm""@de 20 €""@de ""Daniel Wellington Classic 36mm nur 135"
959,"""Maurice Lacroix Les Classiques Watch LC6027-SS001-121"" ""Shop Maurice LC6027-SS001-130 Watches | Costello Jewelry Company"""
960,"""Cartier Drive De Cartier Watch WGNM0006"" ""Shop WGNM0005 Watches | Northeastern Fine Jewelry"""
961,"""Alpina Automatic 4 Watch AL-525SS5AQ6"" ""Shop Alpina AL-525BS5AQ6 | Moyer Fine Jewelers"""
962,"""Panerai 2013 Watch PAM00446"" ""Shop Panerai PAM00364 Watches | Northeastern Fine Jewelry"""
963,"""Hamilton Jazzmaster Auto Chrono Watch H32616533"""
964,"""Air Max Zero"" ""Nike Air Zero - 857661-400 | everysize.com"""
965,"""Fitbit Surge Fitness Superwatch, Black, Small""@en-US ""Blood Pressure Monitors | Medical Outlet Direct""@en-US"
966,"""Raymond Weil Tango Watch 5591-ST-00607"" ""Shop Raymond 8160-STP-00308 Watches | Costello Jewelry Company"""
967,"""G-Shock Herrenuhr""@de ""Casio G-Shock Herrenuhr GA-110MB-1AER nur 129 00 €""@de"
968,"""Daniel Wellington Classic Lady Black Durham rose gold""@en-GB gold 10:35 Watch boutique""@en-GB"
969,"""Alpina Startimer Pilot Automatic Watch AL-725GR4S6"" ""Shop Alpina AL-725B4S6B | Moyer Fine Jewelers"""
970,"""Parade Lyria Leaves Necklace P2771-R2-WRFS2"" ""Shop Parade N2145A-WY Necklaces | Mitchum Jewelers"""
971,"""Nixon Shutter Ladies Quartz Watch - A2861062""@en A2861062 Watches""@en"
972,"""Michele Deco Madison Watch MW06T00A0101_MS18AA030402"" ""Shop Michele MW06T00A0018_MS18AU235009 Watches | Costello Jewelry Company"""
973,"""Alpina Startimer Pilot Automatic Watch AL-725B4S6B"" ""Shop Alpina AL-725GR4S6 | Moyer Fine Jewelers"""
974,"""Quickster Chronograf męski""@pl 00 €""@pl ""Tissot Quickster męski T095.417.17.037.01 nur 375"
975,"""Herrenuhr Automatik""@de ""Seiko Herrenuhr Automatik SSA231K1 nur 349 00 €""@de"
976,"""Bvlgari LVCEA Watch LU33C6SSPGD"" LU28C6SSD | Dejaun Jewelers"""
977,"""Damen Raymond Weil Toccata Diamant Uhr 5388-ST-50081""@de"
978,"""Michele Deco Watch MWW06P000014"" ""Shop Michele MWW06P000234 Watches | Northeastern Fine Jewelry"""
979,"""Hamilton Seaview Day Date Auto H37565131"" ""Seaview Auto"""
980,"""Bvlgari LVCEA Watch LU28C6SSD"" LU28C6SSPGD | Dejaun Jewelers"""
981,"""Carl F Bucherer Flyback Watch 00.10919.08.13.01"" ""Shop Carl 00.10919.08.13.01 Watches | Costello Jewelry Company"""
982,"""Longines Conquest Watch L3.700.4.96.6"" ""Shop Longines L3.687.4.76.6 Watches | Northeastern Fine Jewelry"""
983,"""Orologio T-Classic Le Locle Automatic Gent""@it ""Tissot Orologio Gent T41.1.483.53 - Colombo Gioielleria""@it"
984,"""Garmin Forerunner 235 - Black Frost Blue""@en "" Garmin Running Accessories & Blue ""@en"
985,"""Michele Deco Mid Watch MWW06V000004"" ""Shop Michele MWW06V000003 Watches | Northeastern Fine Jewelry"""
986,"""Max Bill Ladies´ Watch""@en ""Junghans Max Watch 047/4541.00 nur € 495.00""@en"
987,"""NEC Slot-In PC 100013751 2.2GHz 2000E 900g Negro cliente liviano""@es ""HP ProDisplay P203 20"" HD+ TN pantalla para - Black Friday... ""@es"
988,"""Chopard Superfast Watch 161291-5001"" 168542-3001 | Dejaun Jewelers"""
989,"""Daniel Wellington Classic Lady Black Sheffield rose gold""@nl-NL gold | 10:35 Horloge boetiek""@nl-NL"
990,"""Jockey Women's Tops No Panty Line Promise Tactel Lace Chemise, light, XL""@en-US ""Women's Clothing - Page 241 | Mas Fashion""@en-US"
991,"""Carl F Bucherer ChronoDate Watch 00.10624.08.53.01"" ""Shop Carl 00.10624.08.13.01 Watches | Costello Jewelry Company"""
992,""" DANIEL WELLINGTON Men's Sheffield 40mm Watch ""@en ""DANIEL DW00100007 £89.00 - TheWatchSuperstore.com™""@en"
993,"""Orchard Gem Watch""@en ""RumbaTime Orchard Watch | SHOPBOP SAVE UP TO 30% Use Code: MORE17""@en"
994,"""Panerai 2013 Watch PAM00446"" ""Shop Panerai PAM00532 Watches | Northeastern Fine Jewelry"""
995,"""Michele Deco Mid Watch MWW06V000001"" ""Shop Michele MWW06V000003 Watches | Northeastern Fine Jewelry"""
996,"""Damen Nixon The Kensington Leder Uhr A108-1045""@de"
997,"""Mens Chronograph Watch ""@de ""Fathers Tag - Uhren und gift ideas""@de"
998,"""Michele Deco Mid Watch MW06V00A0029_MS16DM235009"" ""Shop Michele MWW06V000023 Watches | Costello Jewelry Company"""
999,"""Longines Conquest Watch L3.277.4.76.6"" ""Shop Longines L3.277.4.76.6 Watches | Northeastern Fine Jewelry"""
1000,"""Cartier"" ""CartierCartier Must 21 Series Men's Watch W10125U2"""
1001,""" Mens Skagen Holst Watch SKW6285 ""Sale | The Hut"""
1002,"""Cartier W20098D6 Santos Galbee Extra Large Watch""@en Watches From SwissLuxury""@en"
1003,""" Ladies Accurist Watch LB1791 ""Ladies Sale Watches"""
1004,"""G-Shock Men´s Watch""@en ""Casio G-Shock Watch GA-800-1AER nur € 129.00""@en"
1005,"""Raymond Weil Toccata Watch 5388-PC5-65001"" ""Shop Raymond 5388-PC5-65001 Watches | Costello Jewelry Company"""
1006,"""Cartier Roadster W62004V3"" W62004V3 Watch | Watchfinder & Co."""
1007,"""JAZZMASTER SLIM AUTO""@es AUTO - Tomas Colomer""@es"
1008,""" GUCCİ YA1264018 Bayan Kol Saati ""@tr ""Gucci En Ucuz Fiyat""@tr"
1009,"""Maurice Lacroix Les Classiques Watch LC1087-SS002-121-1"" ""Shop Maurice LC1087-SS001-120-1 Watches | Costello Jewelry Company"""
1010,"""Mr. Daddy 2.0 Zegarek męski""@pl 00 €""@pl ""Diesel Mr. męski DZ7350 nur 349"
1011,"""Carl F Bucherer TravelTec Watch 00.10620.08.53.01"" ""Shop Carl 00.10620.03.33.01 | Moyer Fine Jewelers"""
1012,"""Cartier Tank Française Watch W4TA0009"" ""Shop Cartier WE110004 Watches | Northeastern Fine Jewelry"""
1013,"""Freja Zegarek damski""@pl 00 €""@pl ""Skagen Freja damski 358SSSD nur 119"
1014,"""Cartier Roadster W62025V3"" W62025V3 Watch | Watchfinder & Co."""
1015,"""Bvlgari Bvlgari Soltempo Watch BB39WSPGD"" BB41BSLD | Dejaun Jewelers"""
1016,"""Raymond Weil Tango Watch 5391-ST-00995"" ""Shop Raymond 5391-ST-00995 Watches | Costello Jewelry Company"""
1017,"""Hamilton AC Jazzmaster Regulator Auto""@es Auto - Tomas Colomer""@es"
1018,"""Automático Diver´s Reloj para hombre""@es ""Seiko Automático hombre SRP639K1 nur 395 00 €""@es"
1019,"""Tissot Couturier Quartz T035.439.11.051.00 GMT Gent""@es catálogo oficial Laguardajoiers distribuidor de Tissot en Barcelona""@es ""Reloj Gent"
1020,"""Tissot Classic Dream""@en T Dream T033.210.22.111.00 Women's Watch - The Prime Watches.""@en"
1021,"""Cartier Ronde Louis Cartier Watch W6800151"" ""Shop WR000551 Watches | Northeastern Fine Jewelry"""
1022,"""Solar Men´s Chronograph""@en ""Seiko Solar Chronograph SSC431P1 nur € 329.00""@en"
1023,"""Unisex Daniel Wellington klassisch Schwarz Bristol Uhr 36mm DW00100137""@de"
1024,"""Raymond Weil Tango Watch 5591-ST-00607"" ""Shop Raymond 5591-ST-20001 Watches | Costello Jewelry Company"""
1025,"""Air Jordan 5 Retro White/Black-Fire Red""@en-US Red | Cheap Jordans 2018""@en-US"
1026,"""Alpina Automatic 4 Watch AL-525BS5AQ6"" ""Shop Alpina AL-525NS5AQ6B | Moyer Fine Jewelers"""
1027,"""Herren Daniel Wellington Glasgow Silber 36mm Uhr DW00100047""@de"
1028,"""Cartier"" ""CartierCartier Classic Santos Series Men's Watch W20011C4"""
1029,""" Raymond Weil Ladies' Shine Watch""@en ""Ladies' Watch (1600-STP-00995) - WATCH SHOP.com™""@en"
1030,"""Raymond Weil Maestro Watch 2238-ST-00659"" ""Shop Raymond 2227-STC-00659 Watches | Costello Jewelry Company"""
1031,"""TissotTissot Swiss Made Wrist Watch T047.420.47.207.01 44mm"", ""Tissot"""
1032,"""Raymond Weil Maestro Watch 2237-ST-20001"" ""Shop Raymond 2237-ST-20001 Watches | Costello Jewelry Company"""
1033,"""Raymond Weil Toccata Watch 5988-P-97081"" ""Shop Raymond 5388-PC5-65001 Watches | Costello Jewelry Company"""
1034,""" Montre argentée LA670WEA-7EF - Casio ""@fr ""TIC TAC""@fr"
1035,"""Herren Casio G-Shock Wecker Chronograf Uhr GA-100-1A4ER""@de"
1036,"""Canterbury oro rosa Reloj para mujer 36mm""@es ""Daniel Wellington Canterbury 36mm nur 139 00 €""@es"
1037,"""Morellato Gents Watch Analogue Quartz, Steel and Pink Steel, Rose Bezel, Bracelet""@en Bracelet - Morellato Watches Jewelry""@en Bezel Quartz"
1038,"""Cartier Drive De Cartier Watch W4100013"" ""Shop WGNM0008 Watches | Northeastern Fine Jewelry"""
1039,"""Casio GA201-1A G-Shock Alarm"" ""Check Web Prices"" ""Clothing Clothing Accessories Watches"""
1040,"""Alpina Automatic 4 Watch AL-525BS5AQ6"" ""Shop Alpina AL-525BS5AQ6B | Moyer Fine Jewelers"""
1041,""" Tissot Men's T-One Automatic Watch""@en ""Men's Watch (T0384301103700) - WATCH SHOP.com™""@en"
1042,"""Reloj para mujer Triest Small""@es ""Bruno Söhnle Reloj Small nur 470 00 €""@es"
1043,""" Nixon Ladies' The Facet 38 Watch""@en ""Ladies' Watch (A409-1920) - WATCH SHOP.com™""@en"
1044,"""Nicoline Zegarek damski""@pl 00 €""@pl ""Skagen Nicoline damski SKW2075 nur 139"
1045,""" Mens Coach Bleecker Slim Watch 14602343 ""New arrivals | Shop New The Hut"""
1046,"""Orologio Aviator 98/218 EcoDrive""@it ""Citizen Orologio EcoDrive AW1360-04E - Colombo Gioielleria""@it"
1047,""" Unisex Casio Databank Alarm Chronograph Watch DB-360GN-9AEF ""Mens Sale Watches"""
1048,"""Raymond Weil Toccata Watch 5388-PC5-65001"" ""Shop Raymond 5988-SP5-97081 Watches | Costello Jewelry Company"""
1049,"""Dior Chiffre Rouge Watch CD084510A001"" CD084860M001 | Dejaun Jewelers"""
1050,"""Omega Seamaster 300m 2254.50.00"" 2254.50.00 Watch | Watchfinder & Co."""
1051,"""Raymond Weil Toccata Watch 5988-ST-00300"" ""Shop Raymond 5988-ST-00300 Watches | Costello Jewelry Company"""
1052,"""Skagen 358SGGD watch"""
1053,"""Herren Casio Pro Trek Wecker Chronograf Uhr PRW-2500-1ER""@de"
1054,"""Longines Conquest Watch L3.277.4.76.6"" ""Shop Longines L3.687.4.56.6 Watches | Northeastern Fine Jewelry"""
1055,"""Cartier Ronde Louis Cartier Watch WR000551"" ""Shop WR000351 Watches | Northeastern Fine Jewelry"""
1056,"""IWC Aquatimer Watch IW329002"" ""Shop IWC IW376804 Watches | Northeastern Fine Jewelry"""
1057,"""Carl F Bucherer TravelTec Watch 00.10620.08.53.01"" ""Shop Carl 00.10620.03.33.01 Watches | Costello Jewelry Company"""
1058,"""Michele Deco Watch MWW06P000100"" ""Shop Michele MWW06P000016 Watches | Costello Jewelry Company"""
1059,"""Slim Runway Damenuhr""@de 20 €""@de ""Michael Kors Slim Damenuhr MK3493 nur 159"
1060,"""Panerai Radiomir Watch PAM00388"" ""Shop Panerai PAM00505 Watches | Northeastern Fine Jewelry"""
1061,"""Daniel Wellington Classic Lady Black Reading silver""@nl-NL silver 10:35 Horloge boektiek""@nl-NL"
1062,"""Carl F Bucherer ChronoDate Watch 00.10624.08.33.01"" ""Shop Carl 00.10624.08.13.21 | Moyer Fine Jewelers"""
1063,"""Signature Deco Gold Diamond, Diamond Dial Watch"" ""Deco"""
1064,"""Cartier Calibre De Cartier Diver Watch WSCA0006"" ""Shop W7100056 Watches | Northeastern Fine Jewelry"""
1065,"""Alpina Startimer Pilot Automatic Watch AL-725GR4S6"" ""Shop Alpina AL-725GR4S6 | Moyer Fine Jewelers"""
1066,"""Cartier Ronde Croisière De Cartier Watch WSRN0002"" ""Shop W2RN0007 Watches | Northeastern Fine Jewelry"""
1067,"""Daniel Wellington Classic Man Sheffield silver""@en-GB silver 10:35 Watch boutique""@en-GB"
1068,"""Zegarek męski na słoneczną energie""@pl 00 €""@pl ""Seiko Zegarek energie SNE031P1 nur 159"
1069,"""Elementum Terra P/ Black Leather"" ""Suunto Elementum Leather - Mountain Wristwatches Electronic & Orienteering Devices at Barrabes.com"""
1070,"""Bubble Levels - 34mm Bubble Level""@en"
1071,"""Communion 01 Size 4 SS""@en-US ""Rosary Centers : Sterling Silver -- The Rosary Shop""@en-US"
1072,"""Bvlgari Bvlgari Watch BBL33C11SPG 12"" BBL37WSS 12 | Dejaun Jewelers"""
1073,""" Mens 88 Rue Du Rhone Chronograph Watch 87WA164501 ""Sale | The Hut"""
1074,"""Cartier Roadster W62002V3"" W62002V3 Watch | Watchfinder & Co."""
1075,"""САМЫЕ ПРОДАВАЕМЫЕ TAG HEUER AQUARACER Calibre 5 Автоматические часы 300 M - ∅41 ммКерамический безель WAY211A.BA0928 ""@ru ""TAG Heuer Aquaracer Automatic Watch 41 мм | watch price""@ru"
1076,"""Cartier Ronde Louis Cartier Watch WR000251"" ""Shop W6800151 Watches | Northeastern Fine Jewelry"""
1077,"""Daniel Wellington Classic Man Sheffield rose gold""@nl-NL gold 10:35 Horloge boektiek""@nl-NL"
1078,"""4 Piece Stainless Steel Copper Bowls with Silicone Base and Lids""@en"
1079,"""Bvlgari Bvlgari Soltempo Watch BB39WSPGD"" BBP39BGLD | Dejaun Jewelers"""
1080,"""Bvlgari Bvlgari Watch BBL37C11SPG 12"" BBL26BSSD | Dejaun Jewelers"""
1081,"""Automatikuhr Max Bill""@de 00 €""@de ""Junghans Automatikuhr Bill 027/3400.00 nur 895"
1082,"""Solar Cronógrafo de Piloto para Hombre""@es ""Seiko Solar Hombre SSC009P3 nur 299 00 €""@es"
1083,"""Cartier Stainless Steel Tank Francaise Medium Model""@en-US - Midsize Watch at London Jewelers""@en-US"
1084,"""CHOPARD G.P.M.H. Power Control Titanium and stainless steel""@en-GB"
1085,"""Daniel Wellington Classic Lady Bristol rose gold""@nl-NL gold | 10:35 Horloge boetiek""@nl-NL"
1086,"""Automatik Diver´s Herrenuhr""@de ""Seiko Automatik Herrenuhr SRP581K1 nur 399 00 €""@de"
1087,"""Meister Chronoscope Cronógrafo para hombre""@es ""Junghans Meister hombre nur 1.840 00 €""@es"
1088,"""Meister Chronoscope Herrenchronograph""@de ""Junghans Meister Herrenchronograph nur 1.840 00 €""@de"
1089,"""Raymond Weil Toccata Watch 5488-ST-50001"" ""Shop Raymond 5488-PC-00300 Watches | Costello Jewelry Company"""
1090,"""Polar M400 - Black HR""@en "" Polar HR Accessories 90051341 ""@en"
1091,"""Cartier Tortue Watch WA501012"" ""Shop Cartier WGTO0002 Watches | Northeastern Fine Jewelry"""
1092,""" Hamilton Men's Khaki Field 42mm Automatic Watch""@en ""Men's Watch (H70555533) - WATCH SHOP.com™""@en"
1093,"""Chopard Grand Prix De Monaco Watch 168570-9001"" 168568-3001 | Dejaun Jewelers"""
1094,"""Cartier Ronde Louis Cartier Watch WR000251"" ""Shop WR000651 Watches | Northeastern Fine Jewelry"""
1095,"""Canterbury Rosegold Damenuhr 36mm""@de ""Daniel Wellington Canterbury 36mm nur 139 00 €""@de"
1096,""" Nixon Men's The Time Teller Watch""@en ""Men's Watch (A045-1919) - WATCH SHOP.com™""@en"
1097,"""Maurice Lacroix AI1018-SS001-330-1 Aikon Chrono""@en AI1018-SS001-130-1 Chrono Watch. Maurice Watches in barcelona catalog with prices.""@en"
1098,""" Daniel Wellington Ladies' Bristol Rose 36mm Watch""@en ""Ladies' Watch (DW00100039) - WATCH SHOP.com™""@en"
1099,"""Michele Deco Mid Watch MWW06V000004"" ""Shop Michele MW06V00A0029_MS16DM235009 Watches | Northeastern Fine Jewelry"""
1100,"""Dapper Durham Silver 38mm""@de 00 €""@de ""Daniel Wellington Dapper 38mm DW00100116 nur 179"
1101,"""Tissot Gents PRC200 Chronograph Black Dial Watch"""
1102,"""Hamilton Jazzmaster Maestro Auto Chrono Watch H32716839"" ""Shop Hamilton Collection at Safa Jewelers"""
1103,"""Zegarek Garmin Forerunner 15 Large HRM 1 - Czarny/Niebieski""@pl "" Zegarek Akcesoria sportowe Czarny-Niebieski ""@pl"
1104,"""Cartier Must 21 W10125U2"" W10125U2 Watch | Watchfinder & Co."""
1105,""" TAG HEUER CARRERA Calibre 5 Day-Date Relógio Automático 100 M - ∅41 mm WAR201E.FC6292 ""@pt ""TAG Heuer Carrera Automatic Watch 41 | watch price""@pt"
1106,"""Sportsura GPS Men´s Watch Solar""@en ""Seiko Sportsura Solar SSF003J1 nur € 1 035.00""@en"
1107,"""Hamilton Jazzmaster Maestro Small Second Auto Watch H42575513"""
1108,"""Michele Deco Watch MWW06P000099"" ""Shop Michele MWW06P000014 Watches | Northeastern Fine Jewelry"""
1109,"""Tradition Ladies´ Watch""@en ""Tissot Tradition Watch T063.210.11.037.00 nur € 310.00""@en"
1110,"""Carl F Bucherer T-Graph Watch 00.10615.03.33.21"" ""Shop Carl 00.10615.03.13.02 | Moyer Fine Jewelers"""
1111,"""DARKONY""@sv "" Swatch® Sverige - XLITE (Ø 41 45 MM) DARKONY YYS4006AG ""@sv"
1112,""" Daniel Wellington Men's Glasgow 40mm Watch""@en ""Men's Watch (DW00100004) - WATCH SHOP.com™""@en"
1113,"""DREAMNIGHT""@es "" Swatch® México - Chrono (Ø 40 47 MM) DREAMNIGHT YCS485GC ""@es"
1114,"""Daniel Wellington Classic Lady Winchester rose gold""@nl-NL gold 10:35 Horloge boektiek""@nl-NL"
1115,"""Signature Deco Non-Diamond, Diamond Dial Watch"" ""Deco"""
1116,"""Cartier Drive De Cartier Watch W4100013"" ""Shop WGNM0007 Watches | Northeastern Fine Jewelry"""
1117,"""Michele Deco Watch MWW06P000014"" ""Shop Michele MWW06P000100 Watches | Costello Jewelry Company"""
1118,"""Carl F Bucherer TravelTec II Watch 00.10633.03.33.01"" ""Shop Carl 00.10633.08.33.21 | Moyer Fine Jewelers"""
1119,"""Seiko Prospex Diver’s Turtle Edition Automatic SRP777K1""@en-US SRP777K1 | reseller jam""@en-US"
1120,"""Seiko Automatic Divers Rubber Band SKX007K1 SKX007K Mens Watch""@en-US Watch - CityWatches.co.uk""@en-US"
1121,"""Carl F Bucherer AutoDate Watch 00.10915.08.13.21"" ""Shop Carl 00.10915.08.13.21 Watches | Costello Jewelry Company"""
1122,"""Cartier Ronde Croisière Steel"" Steel WSRN0002 on Watch Agora"""
1123,"""Raymond Weil Maestro Watch 2237-STC-20001"" ""Shop Raymond 2237-ST-20001 Watches | Costello Jewelry Company"""
1124,"""Michele Deco Watch MWW06P000171"" ""Shop Michele MWW06P000100 Watches | Costello Jewelry Company"""
1125,""" null Hampton Diverter and Personal Shower Rough Valve Only""@en-US"
1126,"""Cartier Calibre de Cartier Diver Watch W2CA0009"" ""Shop W2CA0009 Watches | Northeastern Fine Jewelry"""
1127,"""Mens Ambit 3 Peak Bluetooth GPS Chronograph Watch ""@de ""Herren Gadget Uhren""@de"
1128,""" Unisex Junghans Max Bill Watch 047/4659.00 ""Ladies Watches | Designer For Women The Hut"""
1129,"""T055.217.16.032.02 Tissot PRC 200 Chrono Lady""@en Laguardajoiers official agent of in Barcelona""@en catalog ""Watch T055.217.16.032.02 T-Sport Quartz Lady"
1130,"""Max Bill Reloj para mujer""@es ""Junghans Max mujer 047/4541.00 nur 495 00 €""@es"
1131,"""Cronoscope Max Bill""@en ""Junghans Cronoscope Bill 027/7800.00 nur € 1 695.00""@en"
1132,"""Seiko Prospex Sea SRPA21K1 watch"""
1133,"""Radiomir 1940 3 Days Acciaio - 47mm ""@de – Panerai-Uhr""@de"
1134,"""Diesel 'mr. Daddy 2.0' Chronograph Watch ""@en "" Men's Metallic Diesel 'little Daddy' Bracelet"
1135,"""Alpina Startimer Pilot Automatic Watch AL-525G4TS6"" ""Shop Alpina AL-725GR4S6 | Moyer Fine Jewelers"""
1136,"""Cartier Hypnose Watch WJHY0005"" ""Shop Cartier WJHY0010 Watches | Northeastern Fine Jewelry"""
1137,"""Hamilton Jazzmaster Seaview Day Date H37565131"" ""H37565131 Hamilton American Classics Mens Auto Watch - AuthenticWatches.com"""
1138,"""Raymond Weil Freelancer Watch 7754-TIC-05209"" ""Shop Raymond 2754-BKR-05200 Watches | Costello Jewelry Company"""
1139,"""Dior Montaigne Watch CD153512M001"" CD1521I0M001 | Dejaun Jewelers"""
1140,"""Bvlgari Bvlgari Watch BBL33WSPGD"" BBL33WSSD | Dejaun Jewelers"""
1141,""" CELESTE BLACK MONO ""@en-us, GUNMETAL COLOR CYCLOPS ALL GOLD DAWN WEST DUSK TOKYOFLASH KISAI SPACE... SPIDER... ""MAX BILL AUTOMATIQUE""@en-us, SATELLITE SATURN CHROME MR JONES RUSH HOUR SUN AND MOON THE TIME TRAVELLER BLADE DARK... ADJUST... SUMMER NIGHT LAST LAUGH MARU... TATOO EDITION COUNT DOWN CLOCK MERCURY OCEAN NIGHT... ""@en-us AUTOMATIQUE - Chez maman""@en-us"
1142,"""Michele Deco Madison Watch MW06T00A0101_MS18AA030402"" ""Shop Michele MW06T01C5018_MS18AU285048 Watches | Costello Jewelry Company"""
1143,""" Mens Casio G-Shock Mudman Alarm Chronograph Watch G-9300-1ER ""Brands"""
1144,""" Unisex Suunto Spartan Wrist HR Barometer Bluetooth Chronograph Watch SS050000000 ""Ladies Watches | Designer For Women The Hut"""
1145,"""Floral Paddle Wire - 26 gauge Bare / Silver 95 yards"" "" Floral Wholesale | Darice"
1146,"""Montre Tissot T-TOUCH EXPERT SOLAR / Acier Rouge""@fr"
1147,"""Alpina Startimer Pilot Automatic Watch AL-725GR4S6"" ""Shop Alpina AL-525S4S6 | Moyer Fine Jewelers"""
1148,"""Raymond Weil Toccata Watch 5988-ST-00300"" ""Shop Raymond 5988-ST-97081 Watches | Costello Jewelry Company"""
1149,"""Men´s Chronograph 1972 Chronoscope Solar""@en ""Junghans Men´s Solar nur € 749.00""@en"
1150,"""Alpina Pilot Quartz Chronograph Watch AL-372BGR4S6"" ""Shop Alpina AL-372LBN4V6 | Moyer Fine Jewelers"""
1151,"""Hamilton Jazzmaster Auto Chrono Watch H32596751"""
1152,"""Cartier Tank Américaine Watch WB710013"" ""Shop Cartier W2620030 Watches | Northeastern Fine Jewelry"""
1153,"""Cartier Ronde Croisière De Cartier Watch WSRN0002"" ""Shop W2RN0005 Watches | Northeastern Fine Jewelry"""
1154,"""Maurice Lacroix LC1087-SS002-120-1 Les Classiques Moonphase Chrono Ladies""@es ""LC1087-SS002-120-1 | Reloj Maurice Lady Phases de Lune LC1087-SS002-120-1. Relojes en barcelona catalogo con precios.""@es"
1155,"""Men´s Watch""@en ""Casio Men´s Watch GA-100B-4AER nur € 99.90""@en"
1156,"""Seiko Automatik SKX007 / SKX007K1 Scuba Diver's""@de"
1157,"""Classic Black Durham Różowe złoto 36mm""@pl 00 €""@pl ""Daniel Wellington Classic 36mm nur 169"
1158,"""NAVY BELOWZERO 1000M AUTO""@es AUTO - Tomas Colomer""@es"
1159,"""Edifice Cronógrafo para hombre""@es ""Casio Edifice hombre EF-539D-1A2VEF nur 125 00 €""@es"
1160,"""Carl F Bucherer TravelTec II Watch 00.10633.03.33.01"" ""Shop Carl 00.10633.08.33.01 Watches | Costello Jewelry Company"""
1161,"""Raymond Weil Maestro Watch 2237-STC-20001"" ""Shop Raymond 2238-PC5-00209 Watches | Costello Jewelry Company"""
1162,"""Herren Tissot Visodate Automatik Uhr T0194303603101""@de"
1163,"""Cartier"" ""CartierCartier Roadster Series Men's Watch W62025V3"""
1164,"""Cartier Drive De Cartier Watch W4100013"" ""Shop WSNM0008 Watches | Northeastern Fine Jewelry"""
1165,""" Unisex Gucci G-Timeless Watch YA1264018 ""Ladies Watches | Designer For Women The Hut"""
1166,"""Bristol Silver Reloj para mujer 36mm""@es ""Daniel Wellington Bristol 36mm nur 169 00 €""@es"
1167,"""Alpina SEASTRONG DIVER 300 BIG DATE CHRONOGRAPH AL-372LBBG4FBV6""@en"
1168,"""Michele Deco Mid Watch MWW06V000004"" ""Shop Michele MW06V00A0029_MS16DM235009 Watches | Costello Jewelry Company"""
1169,""" Tissot Men's PR100 Chronograph Watch""@en ""Men's Watch (T1014171103100) - WATCH SHOP.com™""@en"
1170,"""Carl F Bucherer T-Graph Watch 00.10615.08.33.21"" ""Shop Carl 00.10615.08.53.01 Watches | Costello Jewelry Company"""
1171,"""Carl F Bucherer TravelTec Watch 00.10620.08.53.01"" ""Shop Carl 00.10620.08.63.21 | Moyer Fine Jewelers"""
1172,""" Relógio Plate Round em Aço com correia de Pele preta ""@pt ""Plate Round""@pt"
1173,"""Chopard Grand Prix De Monaco Watch 168570-9001"" 168570-3001 | Dejaun Jewelers"""
1174,"""Herren Casio G-Shock Militär Schwarz Wecker Chronograf Uhr GA-100MB-1AER""@de"
1175,"""Strawberries Bead""@en ""Trollbeads | Strawberries Bead - Trollbeads.com""@en"
1176,"""Maurice Lacroix Eliros Watch EL1094-SS002-110-1"" ""Shop Maurice EL1094-SS001-311-1 Watches | Costello Jewelry Company"""
1177,"""Raymond Weil Maestro Watch 2237-ST-BEAT1"" ""Shop Raymond 2227-ST-00659 Watches | Costello Jewelry Company"""
1178,"""G-Shock Mudmaster Reloj para hombre""@es ""Casio G-Shock hombre nur 699 00 €""@es"
1179,"""Tissot T Touch Classic ""@en"
1180,""" Boucles d’oreilles New Color en argent avec quartzite ""@fr ""Boucles - Tous""@fr"
1181,"""SUUNTO CORE REGULAR NEGRO"" NEGRO - Suunto Mexico"""
1182,"""Carl F Bucherer Peripheral Watch 00.10917.08.73.11"" ""Shop Carl 00.10917.03.23.01 | Moyer Fine Jewelers"""
1183,"""Tag Heuer Aquaracer WAY211B.FC6363"" WAY211B.FC6363 Watch | Watchfinder & Co."""
1184,"""Mens Couturier GMT Chronograph Watch ""@de ""Tissot T-klassisch Uhren | Official TISSOT Stockist""@de"
1185,"""Cartier Ronde Louis Cartier Watch W6801005"" ""Shop W6801005 Watches | Northeastern Fine Jewelry"""
1186,"""Casio GA-100-1A2ER G-Shock watch"""
1187,"""Edifice Herrenuhr Solar Bluetooth""@de ""Casio Edifice Bluetooth EQB-500DB-2AER nur 329 00 €""@de"
1188,"""Daniel Wellington Classic Man Cambridge rose gold""@nl-NL gold 10:35 Horloge boektiek""@nl-NL"
1189,"""Mens Runway Chronograph Watch ""@de ""Michael Kors Alle Products""@de"
1190,"""Cambridge Silver Reloj para hombre 40mm""@es 20 €""@es ""Daniel Wellington Cambridge 40mm nur 127"
1191,"""Garmin Vivoactive HR XL Zwart (Zwart) - Prijzen ""@NL Tweakers""@NL"
1192,"""Cartier Santos 100 Watch W20106X8"" ""Shop Cartier W20073X8 Watches | Northeastern Fine Jewelry"""
1193,""" Interchangeable bracelet Two-tone 8 diamonds ""@en-US ""Shine - Gold Steel Diamond White Pearl Satin Watch Raymond Weil""@en-US"
1194,""" Seiko Astron Men's GPS Titanium Chronograph Watch""@en ""Men's Watch (SSE047J1) - WATCH SHOP.com™""@en"
1195,"""Carl F Bucherer Power Reserve Watch 00.10912.08.33.21"" ""Shop Carl 00.10912.08.13.21 Watches | Costello Jewelry Company"""
1196,"""Seiko SRP775K1 Prospex Mar Diver's""@en ""Prospex Sea Seiko Automatic Diver's SRP775K1""@en"
1197,"""G-Shock Zegarek męski""@pl 00 €""@pl ""Casio G-Shock męski GA-110GB-1AER nur 149"
1198,"""Chopard Grand Prix De Monaco Watch 158569-3001"" 161275-5004 | Dejaun Jewelers"""
1199,"""Dior Montaigne Watch CD151111M001"" CD153512M001 | Dejaun Jewelers"""
1200,"""Hamilton Jazzmaster Slim Auto Watch H38615735"""
1201,"""Tissot Quickster T095.417.17.037.01 Chrono""@es ""Reloj Tissot T-Sport catálogo oficial Laguardajoiers distribuidor de en Barcelona""@es"
1202,"""G-Shock Gulfmaster Reloj para hombre""@es 00 €""@es ""Casio G-Shock hombre nur 499"
1203,""" Casio Ladies' Junior Collection Watch""@en ""Ladies' Watch (LQ-139LB-2B2ER) - WATCH SHOP.com™""@en"
1204,"""Cartier Tank MC Watch W5330007"" ""Shop Cartier W5330003 Watches | Northeastern Fine Jewelry"""
1205,""" TAG HEUER FORMULA 1（F1系列） 200米 - ∅41毫米 WAZ1110.BA0875 ""@zh-hant ""TAG Heuer（泰格豪雅） Formula 1 41毫米 | watch price""@zh-hant"
1206,"""Seiko Prospex 24 jewels Automatic 200m Diver Black & Blue Men's Watch SRP581K1 ""@en | Dutyfreeislandshop.com""@en"
1207,"""Joma Champion III LS Jersey - White/Royal""@en "" Joma Mens Football Teamwear White/Royal ""@en"
1208,"""Maurice Lacroix Les Classiques Watch LC1087-SD501-160"" ""Shop Maurice LC1087-SD501-160 Watches | Costello Jewelry Company"""
1209,"""Bvlgari Solotempo Watch BGOP38WGLD"" BGO38BSLD | Dejaun Jewelers"""
1210,""" Unisex Swatch Flexiblack Watch LB183B ""Men's Watches | Designer For Men The Hut"""
1211,"""Michele Deco Mid Watch MWW06V000001"" ""Shop Michele MWW06V000023 Watches | Costello Jewelry Company"""
1212,"""Solar Herrenuhr""@de ""Seiko Solar Herrenuhr SNE039P1 nur 159 00 €""@de"
1213,"""Herrenchronograph T-Race""@de ""Tissot Herrenchronograph T-Race T048.417.27.057.01 nur 520 00 €""@de"
1214,"""Astron GPS Dual Time Solaruhr""@de 00 €""@de ""Seiko Astron Solaruhr SSE101J1 nur 2.195"
1215,"""Seiko Prospex Baby Tuna Men's Automatic 200m Divers Watch SRP639K1 ""@en SRP639K | Dutyfreeislandshop.com""@en"
1216,"""Raymond Weil Tango Watch 5391-STP-00995"" ""Shop Raymond 5960-SPS-00995 Watches | Costello Jewelry Company"""
1217,"""Cartier Hypnose Watch WJHY0005"" ""Shop Cartier WJHY0007 Watches | Northeastern Fine Jewelry"""
1218,"""SUUNTO AMBIT3 SPORT BLACK"" BLACK - Suunto Mexico"""
1219,"""G-Shock Premium Mudmaster GWG-1000 Noir/Kaki - Casio""@fr-fr Casio GWG-1000-1A3ER""@fr-fr"
1220,"""Cartier Ronde Louis Gold Diamond Mens Watch WR000551""@en-us"
1221,"""Men´s Watch Hagen""@en ""Skagen Men´s Hagen SKW6216 nur € 189.00""@en"
1222,""" Ladies Raymond Weil Jasmine Watch 5229-STS-01659 ""Raymond Watches"""
1223,"""Collection Herrenuhr""@de 90 €""@de ""Casio Collection Herrenuhr A168WEGC-5EF nur 64"
1224,"""V8 Herrenchronograph""@de ""Tissot V8 Herrenchronograph T106.417.11.042.00 nur 440 00 €""@de"
1225,"""Bvlgari Bvlgari Watch BBL262TBSS 12.M"" BBLP33WGDL 12 | Dejaun Jewelers"""
1226,""" Unisex Gucci G-Timeless Watch YA1264040 ""Ladies Watches | Designer For Women The Hut"""
1227,"""Hamilton American Classic JazzMaster Maestro Mens Watch""@en Watch - H32716839""@en"
1228,"""Cartier Calibre De Cartier Diver Watch W2CA0009"" ""Shop W7100055 Watches | Northeastern Fine Jewelry"""
1229,"""Classic Black Cornwall Rose Gold 40mm""@en ""Daniel Wellington Classic 40mm nur € 159.00""@en"
1230,"""Tissot PRC 200 Quartz T055.417.11.057.00 Chrono Gent""@es catálogo oficial Laguardajoiers distribuidor de Tissot en Barcelona""@es ""Reloj T-Sport"
1231,"""Michele Deco Watch MWW06P000014"" ""Shop Michele MWW06P000108 Watches | Costello Jewelry Company"""
1232,"""The Monopoly Light Dorado / Silver Reloj para hombre""@es 00 €""@es ""Nixon The hombre nur 129"
1233,"""Cartier Drive De Cartier Watch WGNM0006"" ""Shop WSNM0005 Watches | Northeastern Fine Jewelry"""
1234,"""Panerai Radiomir 1940 Watch PAM00514"" ""Shop Panerai PAM00513 Watches | Northeastern Fine Jewelry"""
1235,""" Mens Michel Herbelin Inspiration 1947 70th Anniversary Limited Edition Mechanical Watch 1947/P11MA ""New arrivals | Shop New The Hut"""
1236,"""Carl F Bucherer T-Graph Watch 00.10615.08.33.21"" ""Shop Carl 00.10615.08.33.21 | Moyer Fine Jewelers"""
1237,"""Aquaracer Calibre 5 automático 300 M - ∅41 mm Bisel de cerámica esfera negra"""
1238,""" Unisex Gucci Le Marche Des Merveilles Watch YA1264007 ""Luxury Mens Watches"""
1239,"""Meister Driver Chronoscope Automatikuhr""@de ""Junghans Meister Automatikuhr nur 1.990 00 €""@de"
1240,"""Cartier Tortue Watch W1556363"" ""Shop Cartier WA501010 Watches | Northeastern Fine Jewelry"""
1241,"""Panerai Radiomir Manual PAM00643"" PAM00643 Watch | Watchfinder & Co."""
1242,"""Michele Deco Mid Watch MW06V00A0029_MS16DM235009"" ""Shop Michele MWW06V000002 Watches | Costello Jewelry Company"""
1243,"""Relógio Daniel Wellington Classic St Mawes""@pt-PT Mawes | Góis Time&Secrets""@pt-PT"
1244,"""Unisex Nixon The Zeit Teller Chrono Chronograf Uhr A972-2348""@de"
1245,"""TomTom Touch Activity Tracker (Large) - Zwart""@nl "" TomTom Accessoires Zwart ""@nl"
1246,"""Air Jordans 9 Retro Black/Matte Silver-University Blue For Sale""@en-US Sale | Cheap KD 9""@en-US"
1247,"""Maurice Lacroix Les Classiques Watch LC1087-SS002-120-1"" ""Shop Maurice LC1087-SS002-120-1 Watches | Costello Jewelry Company"""
1248,"""Nike Air Max 90 Essential""@en Essential Wolf Grey Binary Blue 537384-064 - Purchaze""@en"
1249,"""Montre SUUNTO CORE All Black"" Suunto Core Black - Le-Chasseur"""
1250,"""Mens G-shock radio gecontroleerde zonne-kompas zwart horloge"""
1251,"""Maurice Lacroix Les Classiques Watch LC6027-SS001-121"" ""Shop Maurice LC6158-SS001-130-1 Watches | Costello Jewelry Company"""
1252,"""Cartier Santos 100 Automatic Large Steel and Yellow Gold"" Gold W20072X7 on Watch Agora"""
1253,"""Cartier Roadster W62025V3"" ""W62025V3 | Cartier AuthenticWatches.com"""
1254,"""Bvlgari Tubogas Watch SP35BDSDS.1T"" SP35C6GDG.1T | Dejaun Jewelers"""
1255,"""SUUNTO CORE ALL BLACK""@en BLACK - WATCH Suunto colour SS014279010 Athletic footwear apparel and sports equipment""@en"
1256,"""Herren Casio Pro-Trek Wecker Chronograf Uhr PRG-300-1A2ER""@de"
1257,""" Ladies Michael Kors Darci Watch MK3192 ""Brands"""
1258,"""Damen Daniel Wellington Southampton Rose 36mm Uhr DW00100034""@de"
1259,"""Bvlgari Bvlgari Watch BBL37C11SPG 12"" BBL37WSS 12 | Dejaun Jewelers"""
1260,""" Ladies Bruno Sohnle Rondograph Lady Watch 17-13172-290 ""Ladies Watches | Designer For Women The Hut"""
1261,""" Charge 2 Fitness Wristband (Large, Black) ""Fitbit (Large FB407SBKL B&H"""
1262,"""Benchmark Standard Comfort-Fit LCF13010KY"" LCF13010KY | Diamonds On Wabash"""
1263,"""Daniel Wellington Classic Man Black Bristol silver""@nl-NL silver | 10:35 Horloge boetiek""@nl-NL"
1264,"""Luminor Marina 1950 3 Days Automatic Titanio - 44mm ""@en Panerai watch""@en"
1265,"""Dapper York Rosegold 34 mm""@de 20 €""@de ""Daniel Wellington Dapper mm DW00100093 nur 127"
1266,"""Promaster Marine Hombre-Reloj de buceo""@es ""Citizen Promaster buceo nur 199 00 €""@es"
1267,"""Chopard Chronograph Watch 388549-3002"" 384211-5004 | Dejaun Jewelers"""
1268,"""Michele Deco Watch MWW06P000099"" ""Shop Michele MWW06P000234 Watches | Northeastern Fine Jewelry"""
1269,"""IWC Aquatimer Watch IW329002"" ""Shop IWC IW379506 Watches | Northeastern Fine Jewelry"""
1270,"""Bvlgari Bvlgari Watch BBL26WSSD"" BBL37WSS 12 | Dejaun Jewelers"""
1271,"""Eco-Drive Zegarek męski""@pl 00 €""@pl ""Citizen Eco-Drive męski AW1360-04E nur 139"
1272,"""Maurice Lacroix Eliros Watch EL1094-SS002-110-1"" ""Shop Maurice EL1094-SS001-110-1 Watches | Costello Jewelry Company"""
1273,"""Swatch YCS485GC Womens Black Dial Analog Quartz Watch with Stainless Steel Strap""@en ""Buy Swatch Strap Online at Best Prices in India | Dealmaar""@en"
1274,"""Raymond Weil Maestro Watch 2237-ST-BEAT1"" ""Shop Raymond 2227-STC-00659 Watches | Costello Jewelry Company"""
1275,""" Casio Men's Edifice Time Traveller Bluetooth Hybrid Smartwatch Alarm Chronograph Watch""@en ""Men's Watch (EQB-500DB-2AER) - WATCH SHOP.com™""@en"
1276,"""Radiomir 8 Days Titanio - 45mm ""@ru часы Panerai""@ru"
1277,""" Daniel Wellington Ladies' Bristol Silver 36mm Watch""@en ""Ladies' Watch (DW00100056) - WATCH SHOP.com™""@en"
1278,"""Fitbit Surge Fitness Superwatch, Black, Small""@en-US ""Health Monitors - Page 5 | Medical Outlet Direct""@en-US"
1279,"""Classy Sheffield Roségold Ladies´ Watch 26mm""@en ""Daniel Wellington Classy 26mm nur € 99.00""@en"
1280,"""Tissot PRC 200 Quartz T055.217.16.032.02 Chrono Lady""@es ""Reloj Tissot T-Sport Lady Laguardajoiers agente oficial de en Barcelona""@es catálogo"
1281,"""Michele Deco Watch MWW06P000014"" ""Shop Michele MWW06P000099 Watches | Northeastern Fine Jewelry"""
1282,"""Solar Herrenchronograph""@de ""Seiko Solar Herrenchronograph SSC437P1 nur 239 00 €""@de"
1283,"""Hamilton Khaki Navy Belowzero Auto Mens Watch H78585333""@en-us"
1284,"""Herren Certina DS Action Taucher Automatik Uhr C0134071105100""@de"
1285,"""Chopard Chronograph Watch 388549-3002"" 388549-3001 | Dejaun Jewelers"""
1286,"""Panerai 2013 Watch PAM00532"" ""Shop Panerai PAM00503 Watches | Northeastern Fine Jewelry"""
1287,""" Polar Unisex A300 Bluetooth Activity Tracker Pink Chronograph Watch""@en ""Unisex Watch (90054239) - WATCH SHOP.com™""@en"
1288,"""Bvlgari Bvlgari Watch BBLP33WGG 12"" BBL26WSS 12 | Dejaun Jewelers"""
1289,"""IWC Aquatimer Watch IW329002"" ""Shop IWC IW376803 Watches | Northeastern Fine Jewelry"""
1290,"""Cartier Tank Française Watch W4TA0009"" ""Shop Cartier WE110007 Watches | Northeastern Fine Jewelry"""
1291,"""Alpina Diver 300 Automatic Watch AL-525LBG4V6B"" ""Shop Alpina AL-525LBG4V6B | Moyer Fine Jewelers"""
1292,""" Hamilton Men's Jazzmaster Maestro Automatic Chronograph Watch""@en ""Men's Watch (H32766513) - WATCH SHOP.com™""@en"
1293,"""Cartier Tank Française Watch W4TA0009"" ""Shop Cartier W51028Q3 Watches | Northeastern Fine Jewelry"""
1294,"""Herren Casio G-Shock Wecker Chronograf Uhr AW-590-1AER""@de"
1295,"""Chopard Mille Miglia Watch 158992-3001"" 158997-3001 | Dejaun Jewelers"""
1296,"""Raymond Weil Toccata Watch 5988-STP-97081"" ""Shop Raymond 5388-PC5-65001 Watches | Costello Jewelry Company"""
1297,"""Bvlgari Bvlgari Watch BBL33WSPGD"" BBL37WSSD | Dejaun Jewelers"""
1298,"""Grenen Herrenuhr""@de 00 €""@de ""Skagen Grenen Herrenuhr 233XXLSLB nur 139"
1299,"""Maurice Lacroix Les Classiques Watch LC6098-SS001-120-1"" ""Shop Maurice LC6027-SS001-320 Watches | Costello Jewelry Company"""
1300,"""Prospex Diver´s Revival Reloj automático""@es ""Seiko Prospex automático nur 439 00 €""@es"
1301,"""Michele Deco Watch MWW06P000014"" ""Shop Michele MWW06P000108 Watches | Northeastern Fine Jewelry"""
1302,"""Sportura GPS Herrenuhr Solar""@de ""Seiko Sportura Solar SSF003J1 nur 1.035 00 €""@de"
1303,"""Unisex M200 Bluetooth GPS Activity Tracker Heart Rate Monitor Alarm Chronograph Watch ""@de ""Fitness Uhren""@de"
1304,"""G-Shock Men´s Watch""@en ""Casio G-Shock Watch GA-110MB-1AER nur € 129.00""@en"
1305,"""Michele Deco Madison Watch MW06T00A0101_MS18AA030402"" ""Shop Michele MW06T00A0101_MS18AU235009 Watches | Costello Jewelry Company"""
1306,"""Michele Serein Watch MWW21A000001"" ""Shop Michele MWW21A000058 Watches | Costello Jewelry Company"""
1307,"""Chopard Superfast Watch 161291-5001"" 168535-3001 | Dejaun Jewelers"""
1308,"""Cartier"", ""CartierCartier Tank Francaise Series Men's Watch W51002Q3"""
1309,"""Omega Seamaster 232.30.44.22.03.001"""
1310,"""Vintage Oversized Watch""@en ""La Mer Collections Vintage Watch | SHOPBOP""@en"
1311,"""Cartier Santos 100 Watch WSSA0006"" ""Shop Cartier W20072X7 Watches | Northeastern Fine Jewelry"""
1312,"""Classy Sheffield Silver Zegarek damski 26mm""@pl 00 €""@pl ""Daniel Wellington Classy 26mm nur 129"
1313,"""Mens Emporio Armani Stainless Steel Necklace ""@de ""Designer Brand Necklaces | Official Stockist""@de"
1314,"""Cartier Tank Louis Cartier W1529756"" W1529756 Watch | Watchfinder & Co."""
1315,"""Carl F Bucherer Peripheral Watch 00.10917.08.73.11"" ""Shop Carl 00.10917.08.23.01 Watches | Costello Jewelry Company"""
1316,"""Hamilton Jazzmaster Regulator Auto Watch H42615553"" H42615153"""
1317,"""Chopard Grand Prix De Monaco Watch 168570-9001"" 161275-5004 | Dejaun Jewelers"""
1318,"""Cartier Tortue Watch WA501012"" ""Shop Cartier WA501008 Watches | Northeastern Fine Jewelry"""
1319,"""Cartier Santos 100 Watch W20073X8"" ""Shop Cartier WSSA0006 Watches | Northeastern Fine Jewelry"""
1320,"""SUUNTO M2 MEN BLACK""@it BLACK - CARDIOFREQUENZIMETRO Suunto SS015854000 Articoli sportivi e abbigliamento sportivo""@it"
1321,""" Mens Tissot PRS516 Chronograph Watch T1004171604100 ""New arrivals | Shop New The Hut"""
1322,"""Alpina Pilot Quartz Chronograph Watch AL-372LBBG4FBV6"" ""Shop Alpina AL-372LBN4V6 | Moyer Fine Jewelers"""
1323,"""Daniel Wellington Classic Man Cambridge rose gold""@nl-NL gold | 10:35 Horloge boetiek""@nl-NL"
1324,"""Michele Deco Watch MWW06P000014"" ""Shop Michele MWW06P000232 Watches | Northeastern Fine Jewelry"""
1325,"""Meister Kalender Automatikuhr""@de ""Junghans Meister Automatikuhr 027/4200.00 nur 1.990 00 €""@de"
1326,"""NIKE AIR MAX 90 ESSENTIAL ""@pl | SZARY 589.99 PLN Sneakersy 537384064""@pl"
1327,"""Rolex Milgauss 116400 – Black Dial Green Crystal""@en Crystal | Austin's Watches""@en"
1328,"""Michele Serein Diamond Gold Watch"" ""Dynamic Filter"""
1329,""" Mens Raymond Weil Toccata Watch 5488-STC-50001 ""Raymond Watches"""
1330,"""Tissot Quickster T095.417.17.037.01 Chrono""@en ""Watch Tissot T-Sport Laguardajoiers official dealer of in Barcelona""@en catalog"
1331,"""Cartier Hypnose Watch WJHY0005"" ""Shop Cartier WJHY0009 Watches | Northeastern Fine Jewelry"""
1332,"""Michele Deco Watch MWW06P000171"" ""Shop Michele MW06T01B0096_MS18AU246710 Watches | Northeastern Fine Jewelry"""
1333,"""Raymond Weil Tango Watch 8160-ST-00608"" ""Shop Raymond 8160-ST-00508 Watches | Costello Jewelry Company"""
1334,"""Carl F Bucherer TravelTec Watch 00.10620.08.53.01"" ""Shop Carl 00.10620.03.93.01 Watches | Costello Jewelry Company"""
1335,"""Michele Serein Mid Watch MW21B01D2963_MS16DH315750"" ""Shop Michele MWW21B000017 Watches | Costello Jewelry Company"""
1336,"""Montre Garmin Forerunner 15 Large HRM 1- Noir/ Bleu""@fr "" montre accessoires - noir bleu ""@fr"
1337,""" Casio Men's G-Shock Military Black Alarm Chronograph Watch""@en ""Men's Watch (GA-100MB-1AER) - WATCH SHOP.com™""@en"
1338,"""Bvlgari Bvlgari Watch BBL33WSPGD"" BBL262TWSPG 12.M | Dejaun Jewelers"""
1339,"""Zegarek męski z chronografem Meister Chronoscope""@pl 00 €""@pl ""Junghans Zegarek Chronoscope nur 1.840"
1340,"""Raymond Weil Toccata Watch 5388-ST-50081"" ""Shop Raymond 5388-PC5-65001 Watches | Costello Jewelry Company"""
1341,"""Daniel Wellington Dapper Sheffield rose gold""@nl-NL gold | 10:35 Horloge boetiek""@nl-NL"
1342,"""Seiko SSE025J1 Astron watch"""
1343,"""Chopard Imperiale 388532-3002"" 388532-3002 Watch | Watchfinder & Co."""
1344,"""Bvlgari Bvlgari Watch BBL33C11SPG 12"" BBL33C6SS 12 | Dejaun Jewelers"""
1345,"""Bvlgari B.Zero1 Watch BZ23WSGDL 12"" BZ23WSGCC 12.M | Dejaun Jewelers"""
1346,"""Classic Black Bristol Silver 36mm""@de 20 €""@de ""Daniel Wellington Classic 36mm nur 135"
1347,"""Cartier Ronde Croisière de Cartier Watch WSRN0002"" ""Shop WSRN0002 Watches | Northeastern Fine Jewelry"""
1348,"""Eyelet Crib Shoe""@en ""Vintage Heirloom Outfit by JanieandJack""@en"
1349,"""Cartier Tortue Watch WA501012"" ""Shop Cartier W1556362 Watches | Northeastern Fine Jewelry"""
1350,"""Omega Speedmaster Moonwatch Professional Hand Wound Mechanical Chronograph "" Omega Watches - Buy Discounted New From Swiss Direct"
1351,""" Montre argentée AQ-230A-1DMQYES - Casio ""@fr ""TIC TAC""@fr"
1352,"""Mikimoto Necklaces Necklace PPS1102NDW"" ""Shop Mikimoto UD751071W | Northeastern Fine Jewelry"""
1353,"""Daniel Wellington Classic Man Black Sheffield rose gold""@nl-NL gold | 10:35 Horloge boetiek""@nl-NL"
1354,"""Mens Casio G-Shock Premium Mudmaster Compass Black x Gold Alarm Chronograph Radio Controlled Watch GWG-1000GB-1AER"""
1355,"""Mens Promaster Navihawk GPS Alarm Chronograph Radio Controlled Eco-Drive Watch ""@de ""GPS Uhren | Official Stockist for Uhren""@de"
1356,"""Carl F Bucherer Power Reserve Watch 00.10912.08.33.21"" ""Shop Carl 00.10912.08.33.21 | Moyer Fine Jewelers"""
1357,"""Carl F Bucherer T-Graph Watch 00.10615.03.33.21"" ""Shop Carl 00.10615.08.53.01 Watches | Costello Jewelry Company"""
1358,"""Dapper York Oro Rosé 34 mm""@es ""Daniel Wellington Dapper mm nur 159 00 €""@es"
1359,""" Citizen Men's Promaster Navihawk GPS Alarm Chronograph Radio Controlled Eco-Drive Watch""@en ""Men's Watch (CC9030-51E) - WATCH SHOP.com™""@en"
1360,"""Chopard Grand Prix De Monaco Watch 158569-3001"" 168569-9001 | Dejaun Jewelers"""
1361,"""Daniel Wellington Classic Lady Sheffield silver""@en-GB silver 10:35 Watch boutique""@en-GB"
1362,"""BEST SELLER TAG HEUER CARRERA Calibre 5 Day-Date Relógio Automático 100 M - ∅41 mm WAR201A.BA0723 ""@pt ""TAG Heuer Carrera Automatic Watch 41 | watch price""@pt"
1363,""" Nixon Ladies' The Facet 38 Watch""@en ""Ladies' Watch (A409-2157) - WATCH SHOP.com™""@en"
1364,"""Unisex Forerunner 235 HR GPS Bluetooth Alarm Chronograph Watch ""@de ""Fitness Uhren""@de"
1365,""" ZIIIRO MERCURY CHROME OCEAN ""@fr-fr, TOKYOFLASH KISAI SPIDER... CELESTE COLORED SATURN MR JONES CYCLOPS SUMMER NIGHT BLADE DARK... ECLIPSE ROSE GOLD SUN AND MOON COUNT DOWN CLOCK BLACK NIGHT... ROSEGOLD PURPLE GUNMETAL MINT MONO MARU... DAWN WEST DUSK LEMON THE LAST LAUGH /... SPACE... SATELLITE ADJUST... TIME TRAVELLER ""CASIO CALCULATRICE CA-506 GOLD""@fr-fr, LAUGH... ALL GOLD... AVERAGE DAYS GUNMETAL... ""@fr-fr - Chez maman""@fr-fr"
1366,"""Gear Fit2 (Large) Black""@en"
1367,"""The Crew Leather Dorado / Cream Black""@es ""Nixon The Black nur 159 00 €""@es"
1368,"""Dior Chiffre Rouge Watch CD084841R001"" CD084510A004 | Dejaun Jewelers"""
1369,"""Raymond Weil Noemia Watch 5132-STS-00985"" ""Shop Raymond 5132-STS-50081 Watches | Costello Jewelry Company"""
1370,"""Automatic T055.430.11.057.00 Tissot PRC 200 Powermatic 80""@en official catalog Laguardajoiers dealer of in Barcelona""@en ""Watch T-Sport Automatic 80"
1371,"""Freja Zegarek damski""@pl 00 €""@pl ""Skagen Freja damski 358SRRD nur 139"
1372,"""Bvlgari Tubogas Watch SP35BDSDS.1T"" SP35C6SDS.1T L | Dejaun Jewelers"""
1373,"""Polar A360 - Small Zilver (Wit) Prijzen ""@NL Tweakers""@NL"
1374,"""Garmin Forerunner 235 Zwart (Blauw, Zwart) - Prijzen ""@NL (Blauw Tweakers""@NL"
1375,"""Orologio Manifesto LOVE blu""@it blu - Versace Donna | Shop Online Italia""@it"
1376,"""Raymond Weil Freelancer Watch 2740-ST-20021"" ""Shop Raymond 2754-SR-05200 Watches | Costello Jewelry Company"""
1377,"""Raymond Weil Tango Watch 8160-ST-00608"" ""Shop Raymond 5591-ST-20001 Watches | Costello Jewelry Company"""
1378,"""Orchard Gem Watch""@en ""RumbaTime Orchard Watch | SHOPBOP""@en"
1379,"""Cartier Santos W20099C4"" W20099C4 Watch | Watchfinder & Co."""
1380,"""Zegarek męski BelowZero 100 bar""@pl 00 €""@pl ""Hamilton Zegarek bar H78585333 nur 1.395"
1381,"""JAZZMASTER OPEN HEART""@es ""reloj-hamilton""@es"
1382,"""Hamilton American Classic Valiant Auto Watch H39515134"" ""Shop Hamilton Collection at Safa Jewelers"""
1383,"""Rolex Submariner 116610LN"" "" Find the Rolex collection online at Albemarle Bond"
1384,""" Skagen Men's Grenen Watch""@en ""Men's Watch (233XXLSLB) - WATCH SHOP.com™""@en"
1385,"""Cartier Calibre De Cartier Diver Watch W2CA0009"" ""Shop W7100052 Watches | Northeastern Fine Jewelry"""
1386,"""TomTom Runner 2 Cardio GPS Watch Large Strap - Black""@en Black | Start Fitness""@en"
1387,"""G-Shock Herrenuhr""@de ""Casio G-Shock Herrenuhr GA-100CF-1A9ER nur 129 00 €""@de"
1388,"""Chopard Mille Miglia 168997-3001"" 168997-3001 Watch | Watchfinder & Co."""
1389,""" Mens Michel Herbelin Inspiration 1947 70th Anniversary Limited Edition Mechanical Watch 1947/P11MA ""Men's Watches | Designer For Men The Hut"""
1390,""" Raymond Weil Ladies' Jasmine Watch""@en ""Ladies' Watch (5229-STS-01659) - WATCH SHOP.com™""@en"
1391,""" Mens Nixon The Brigade Watch A1176-001 ""Men's Watches | Designer For Men Hut"""
1392,"""Seiko Solar Chronograph Alarm 100m Men's Watch SSC431P1 ""@en | Dutyfreeislandshop.com""@en"
1393,""" TAG HEUER CARRERA Calibre 8 GMT Automatic Watch 100 M - ∅41 mm WAR5010.BA0723 ""@en-us ""TAG Heuer Carrera 41 | watch price""@en-us"
1394,"""Mens Emporio Armani Stainless Steel Necklace ""@de ""Schmuck online bestellen | DE Watch Shop™""@de"
1395,""" Daniel Wellington Men's Glasgow Silver 40mm Watch""@en ""Men's Watch (DW00100018) - WATCH SHOP.com™""@en"
1396,"""Hamilton American Classic Valiant Quartz Watch H39251194"""
1397,"""Blair Watch""@en ""Michael Kors Blair Watch | SHOPBOP""@en"
1398,""" Daniel Wellington Men's Dapper 38mm Durham Watch""@en ""Men's Watch (DW00100115) - WATCH SHOP.com™""@en"
1399,"""Diesel 'mr. Daddy 2.0' Chronograph Watch ""@en "" Men's Black Diesel 'rollcage' Exposed"
1400,"""Glasgow Rosegold Damenuhr 36mm""@de 20 €""@de ""Daniel Wellington Glasgow 36mm nur 111"
1401,"""Fossil ES3487 watch"""
1402,"""T048.417.27.057.01 Tissot T-Race""@en ""Tissot T-Sport T-Race T048.417.27.057.01 Laguardajoiers official dealer of in Barcelona""@en catalog"
1403,"""Automatic watch Max Bill""@en ""Junghans Automatic Bill 027/4700.00 nur € 925.00""@en"
1404,"""Morellato Gents Watch Analogue Quartz, Steel and Pink Steel, Rose Bezel, Bracelet""@en Bracelet | Samuels Jewelers""@en Bezel Quartz"
1405,""" Tissot Men's Classic Dream Watch""@en ""Men's Watch (T0334102205301) - WATCH SHOP.com™""@en"
1406,"""Michele Serein Watch MWW21A000058"" ""Shop Michele MWW21A000001 Watches | Northeastern Fine Jewelry"""
1407,"""Longines Master Collection L2.628.4.51.7"" ""Shop Longines at Merry Richards"""
1408,"""Hamilton Chrono Quartz H32612555"" ""Chrono Quartz"""
1409,"""Chronoscope Max Bill""@en 645.00""@en ""Junghans Chronoscope Bill 027/4600.00 nur € 1"
1410,"""Raymond Weil Toccata Watch 5488-ST-50001"" ""Shop Raymond 5588-STC-20001 Watches | Costello Jewelry Company"""
1411,"""Crystal South Horizons Blue Watch""@en ""Versus Versace Crystal Watch for Women | US Online Store""@en"
1412,""" Tissot Ladies' PRC200 Chronograph Watch""@en ""Ladies' Watch (T0552171603202) - WATCH SHOP.com™""@en"
1413,"""Polar V800 Watch - Black/Silver""@en-GB "" Accessories Polar Black/Silver 92052229 ""@en-GB"
1414,"""Michele Serein Mid Watch MWW21B000009"" ""Shop Michele MWW21B000017 Watches | Northeastern Fine Jewelry"""
1415,"""Hamilton Jazzmaster Slim Auto Watch H38615735"" H38615555 """
1416,"""Casio GA-110GB-1AER G-Shock watch"""
1417,"""TomTom Touch Activity Tracker (Large) - Black""@en-GB "" TomTom Black Accessories 1AT0.001.00 ""@en-GB"
1418,""" Daniel Wellington Ladies' Sheffield Silver 36mm Watch""@en ""Ladies' Watch (DW00100053) - WATCH SHOP.com™""@en"
1419,"""Automatic watch Max Bill""@en ""Junghans Automatic Bill 027/7700.00 nur € 955.00""@en"
1420,"""Seiko SRP773K1 Prospex Mar Diver's""@en ""Prospex Sea Seiko Automatic Diver's SRP773K1""@en"
1421,"""Suunto Ambit 3 Sports with HR - Black""@en "" Suunto Heart Rate Accessories Black ""@en"
1422,"""Seiko 5 Automatic 24 Jewels Men's 100m Rubber Sports Watch SRP601K1 ""@en | Dutyfreeislandshop.com""@en"
1423,"""Bvlgari Bvlgari Watch BBL33WSPGD"" BBL26WSS 12 | Dejaun Jewelers"""
1424,""" Casio Men's G-Shock Rangeman Alarm Chronograph Radio Controlled Watch""@en ""Men's Watch (GW-9400-1ER) - WATCH SHOP.com™""@en"
1425,"""Bvlgari Bvlgari Soltempo Watch BB39WSPGD"" BB39WSPGD | Dejaun Jewelers"""
1426,"""Michele Deco Watch MWW06P000100"" ""Shop Michele MWW06P000232 Watches | Northeastern Fine Jewelry"""
1427,"""Crosswalk Stainless Steel Women's Watch ""@en "" Gray 'stanhope' Ceramic Bracelet"
1428,"""Omega Seamaster 212.30.44.50.03.001"""
1429,""" Nixon Ladies' The Kensington Leather Watch""@en ""Ladies' Watch (A108-1045) - WATCH SHOP.com™""@en"
1430,"""Mens Casio Edifice Waveceptor Alarm Chronograph Radio Controlled Solar Powered Watch ECW-M300EDB-1AER"""
1431,"""Michele Serein Mid Watch MWW21B000009"" ""Shop Michele MWW21B000030 Watches | Northeastern Fine Jewelry"""
1432,"""Rolex GMT Master II 116713 LN"" LN Watch | Watchfinder & Co."""
1433,"""Longines Conquest Watch L3.697.4.76.6"" ""Shop Longines L3.676.4.99.6 Watches | Northeastern Fine Jewelry"""
1434,"""SUUNTO M2 MEN LIME""@en apparel and sports equipment""@en LIME - HEART RATE MONITOR Suunto colour SS020647000 Athletic footwear"
1435,"""Michele Serein Mid Watch MW21B01D2963_MS16DH315750"" ""Shop Michele MW21B01B4993_MS16DH267715 Watches | Northeastern Fine Jewelry"""
1436,"""Chopard LUC 161934-5001"" 161934-5001 Watch | Watchfinder & Co."""
1437,""" Raymond Weil Men's Freelancer Automatic Watch""@en ""Men's Watch (2740-ST-50021) - WATCH SHOP.com™""@en"
1438,"""Cartier Pasha W31029M7"" W31029M7 Watch | Watchfinder & Co."""
1439,"""Carl F Bucherer Peripheral Watch 00.10917.08.73.11"" ""Shop Carl 00.10917.08.83.11 | Moyer Fine Jewelers"""
1440,"""Raymond Weil Tango Watch 5391-STP-00308"" ""Shop Raymond 5960-STS-00995 Watches | Costello Jewelry Company"""
1441,"""Daniel Wellington Classic Man Reading silver""@nl-NL silver 10:35 Horloge boektiek""@nl-NL"
1442,"""Raymond Weil Tango Watch 5391-ST-00995"" ""Shop Raymond 5960-STS-00995 Watches | Costello Jewelry Company"""
1443,"""ArtCarved Classic Engagement Ring 31-V734ERW-E"" ""Shop ArtCarved 31-V226ERW-E rings | Northeastern Fine Jewelry"""
1444,"""Bvlgari Bvlgari Watch BBL33C11SPG 12"" BBLP33WGDL 12 | Dejaun Jewelers"""
1445,"""Suunto M2 Black Watch SS015854000 ""@en | Dutyfreeislandshop.com""@en"
1446,"""Daniel Wellington Classic Man Black Cornwall silver""@en-GB silver 10:35 Watch boutique""@en-GB"
1447,"""Herren Skagen Holst Uhr SKW6237""@de"
1448,""" Casio Men's Classic Alarm Chronograph Watch""@en ""Men's Watch (AQ-230A-1DMQYES) - WATCH SHOP.com™""@en"
1449,"""DKNY NY2502 Minetta watch"""
1450,"""Cartier"", ""CartierCartier Santos Dumont 18kt Rose Gold Ladies Watch W2009251"""
1451,""" Silver New Color Earrings with Quartzite ""@en ""Silver - Tous""@en"
1452,"""Skagen SKW2075 Watch"""
1453,"""Cartier Santos De Cartier 100 ""@en"
1454,"""Ladies Daniel Wellington Sheffield Silver 36mm Watch DW00100053"""
1455,"""Casio Edifice EF-121D-1AVEF""@en EF-121D-1AVEF - Casio Watches""@en"
1456,"""Cartier"" ""CartierCartier Classic Santos Series Men's Watch W20055D6"""
1457,""" Tissot Men's T-Touch Classic Alarm Chronograph Watch""@en ""Men's Watch (T0834201105700) - WATCH SHOP.com™""@en"
1458,"""Hamilton Jazzmaster Lady Quartz Watch H42211155"""
1459,"""Polar Loop 2 - Smokey Black""@en "" Polar Running Accessories Black ""@en"
1460,"""Cartier Santos 100 Automatic Medium Steel"" Steel W20126X8 on Watch Agora"""
1461,"""Cartier"", ""CartierCartier Pasha Series Men's Watch W31077U2"""
1462,"""ArtCarved Classic Engagement Ring 31-V219ERW-E"" ""Shop ArtCarved 31-V331ERW-E rings | Northeastern Fine Jewelry"""
1463,""" Junghans Men's Max Bill Automatic Watch""@en ""Men's Watch (027/4002.44) - WATCH SHOP.com™""@en"
1464,""" Tissot Men's Le Locle Automatic Watch""@en ""Men's Watch (T41148353) - WATCH SHOP.com™""@en"
1465,""" Ladies Raymond Weil Toccata Watch 5988-ST-00300 ""Raymond Watches"""
1466,"""Carl F Bucherer Power Reserve Watch 00.10912.08.13.01"" ""Shop Carl 00.10912.08.13.21 Watches | Costello Jewelry Company"""
1467,""" Casio Edifice ECW-M300EDB-1AER Solar Wave Ceptor Watch ""Casio Racing -"
1468,"""Casio Wave Ceptor WV-58DE-1A""@en WV-58DE-1A - Casio WaveCeptor Watches""@en"
1469,"""Parade Hemera Wedding Band R2712-R1-BD"" ""Shop Parade R3152-R1-BD bands | Mitchum Jewelers"""
1470,""" TAG HEUER AQUARACER Calibre 5 Orologio automatico 300 M - ∅41 mmLunetta in ceramica WAY211B.FC6363 ""@it ""TAG Heuer Aquaracer Automatic Watch 41 mm | watch price""@it"
1471,"""Bvlgari Solotempo Watch BGOP38WGLD"" BGO41BBSVD | Dejaun Jewelers"""
1472,"""Hamilton American Classic Valiant Auto Watch H39415654"""
1473,"""Panerai Radiomir Watch PAM00388"" ""Shop Panerai PAM00424 Watches | Northeastern Fine Jewelry"""
1474,"""Michele Serein Watch MWW21A000008"" ""Shop Michele MWW21A000001 Watches | Northeastern Fine Jewelry"""
1475,"""Seiko SRP775K1 Prospex watch"""
1476,""" Polar USA Unisex FT4 Green/Green Watch ""@en-US ""Polar | Fitness Gear Express""@en-US"
1477,"""Cartier Santos 100 Watch W20073X8"" ""Shop Cartier W20106X8 Watches | Northeastern Fine Jewelry"""
1478,""" Junghans Men's Meister Pilot Automatic Chronograph Watch""@en ""Men's Watch (027/3591.00) - WATCH SHOP.com™""@en"
1479,""" Seiko Men's Prospex Diver Automatic Watch""@en ""Men's Watch (SRP775K1) - WATCH SHOP.com™""@en"
1480,"""Herren Tissot klassisch Dream Uhr T0334102205301""@de"
1481,""" Mens Nixon The Crew Watch A1186-2761 ""Men's Watches | Designer For Men Hut"""
1482,""" Seiko Men's Prospex Diver Padi Special Edition Automatic Watch""@en ""Men's Watch (SRPA21K1) - WATCH SHOP.com™""@en"
1483,""" Junghans Men's Meister Kalendar Automatic Watch""@en ""Men's Watch (027/4200.00) - WATCH SHOP.com™""@en"
1484,"""Cartier"", ""CartierCartier Roadster Series Men's Watch W62025V3"""
1485,"""Daniel Wellington Classic Man Black Bristol silver""@en-GB silver 10:35 Watch boutique""@en-GB"
1486,"""TomTom Runner 2 Cardio+Music+HP DBL/LBL (Large) - Sky Captain Blue/Scuba Blue""@en "" TomTom Running Accessories Blue ""@en"
1487,"""Seiko SRP777K1 Prospex Mar Diver's""@en ""Prospex Sea Seiko Automatic Diver's SRP777K1""@en"
1488,""" Maurice Lacroix Men's Pontos Automatic Chronograph Watch""@en ""Men's Watch (PT6388-SS001-430-1) - WATCH SHOP.com™""@en"
1489,"""Suunto Elementum Terra Sports Watch Black Leather"" ""Sport Watches - Page 81 | All Fitness Gadgets"""
1490,"""Freja Damenuhr""@de ""Skagen Freja Damenuhr 358SRRD nur 139 00 €""@de"
1491,"""The Brigade All Black""@es ""Nixon The Black A1176-001 nur 199 00 €""@es"
1492,""" Olivia Burton Ladies' Midi Dial Watch""@en ""Ladies' Watch (OB15MD42) - WATCH SHOP.com™""@en"
1493,""" GUCCİ YA1264007 Bayan Kol Saati ""@tr ""Gucci En Ucuz Fiyat""@tr"
1494,"""Charles Krypell Sterling Silver Necklace 4-6880-SGCIRCLE"" ""Shop Charles 4-6670-SG Necklaces | Northeastern Fine Jewelry"""
1495,""" Raymond Weil Ladies' Tango Watch""@en ""Ladies' Watch (5391-STP-00308) - WATCH SHOP.com™""@en"
1496,"""Hamilton Jazzmaster Seaview Quartz Watch H37451141"" ""Shop Hamilton Collection at Safa Jewelers"""
1497,"""Omega Seamaster 233.32.41.21.01.002"""
1498,"""Hamilton Jazzmaster Lady Auto Watch H42215111"" ""Shop Hamilton American Classic Automatic Collection at Safa Jewelers"""
1499,"""Raymond Weil Freelancer Watch 7754-TIC-05209"" ""Shop Raymond 7740-SC1-65221 Watches | Costello Jewelry Company"""
1500,"""Tissot Men's T0334102205301 Classic Dream Watch""@en "" Tissot Watch – Promenade Watches ""@en"
1501,"""BEST SELLER TAG HEUER CARRERA Calibre 01 Automatic Chronograph 100 M - ∅45 mm CAR2A1Z.FT6044 ""@en-us ""TAG Heuer Carrera 45 | watch price""@en-us"
1502,"""Rolex Milgauss 116400 GV"" GV Watch | Watchfinder & Co."""
1503,"""Engineer Hydrocarbon NEDU""@en ""Ball Watch | Engineer NEDU - Model DC3026A-SC-BK""@en"
1504,"""Cartier Ronde Louis Cartier Watch W6800151"" ""Shop WR000351 Watches | Northeastern Fine Jewelry"""
1505,"""Southampton Rose Gold Ladies´ Watch 36mm""@en ""Daniel Wellington Southampton 36mm nur € 139.00""@en"
1506,"""Hamilton Jazzmaster Slim Auto Watch H38615555 "" H38615255"""
1507,""" Casio Unisex Databank Alarm Chronograph Watch""@en ""Unisex Watch (DB-360GN-9AEF) - WATCH SHOP.com™""@en"
1508,""" Ball Men's Engineer Hydrocarbon Airborne Chronometer Watch""@en ""Men's Watch (DM2076C-S1CAJ-BK) - WATCH SHOP.com™""@en"
1509,""" Casio Men's G-Steel Alarm Chronograph Watch""@en ""Men's Watch (GST-W100G-1BER) - WATCH SHOP.com™""@en"
1510,""" Daniel Wellington Men's Sheffield Silver 40mm Watch""@en ""Men's Watch (DW00100020) - WATCH SHOP.com™""@en"
1511,"""Chopard Happy Sport Medium Automatic Watch 278559-6004"" 274891-5008 | Dejaun Jewelers"""
1512,"""Herren Seiko solar betrieben Uhr SNE031P1""@de"
1513,""" Hamilton Men's Khaki Below Zero 1000m Automatic Watch""@en ""Men's Watch (H78585333) - WATCH SHOP.com™""@en"
1514,""" Tissot Men's Couturier Watch""@en ""Men's Watch (T0354101105100) - WATCH SHOP.com™""@en"
1515,"""Citizen Eco-Drive Ladies Elegant Watch FE1081-08A ""@en | Dutyfreeislandshop.com""@en"
1516,"""Michele Deco Mid MWW06V000001"" ""MWW06V000001 | Michele AuthenticWatches.com"""
1517,"""Cartier Pasha W31077U2"" W31077U2 Watch | Watchfinder & Co."""
1518,""" Tissot Men's Quickster Chronograph Watch""@en ""Men's Watch (T0954171703701) - WATCH SHOP.com™""@en"
1519,"""Michele Serein Watch MW21A01B0966_MS18EV246710"" ""Shop Michele MWW21A000001 Watches | Northeastern Fine Jewelry"""
1520,""" Junghans Men's Meister Driver Chronoscope Automatic Chronograph Watch""@en ""Men's Watch (027/3684.00) - WATCH SHOP.com™""@en"
1521,"""Mens Casio Pro Trek Titanium Alarm Chronograph Radio Controlled Watch PRW-2500T-7ER"""
1522,""" Casio Edifice EF-125D-1AVEF watch ""Casio Classic - EF-125D-1AVEF"""
1523,"""Raymond Weil Maestro Watch 2238-STC-00659"" ""Shop Raymond 2237-ST-BEAT2 Watches | Costello Jewelry Company"""
1524,"""Hamilton Thinline Small Second Quartz H38411783"" ""Thinline Quartz"""
1525,"""Raymond Weil Freelancer Watch 7740-SC1-65221"" ""Shop Raymond 2760-ST1-20001 Watches | Costello Jewelry Company"""
1526,"""Suunto Ambit 3 Peak Black HR Outdoor Multi-Sports GPS Watch SS020674000 ""@en | Dutyfreeislandshop.com""@en"
1527,"""Michele Serein Watch MW21A01B0966_MS18EV246710"" ""Shop Michele MWW21A000001 Watches | Costello Jewelry Company"""
1528,"""Daniel Wellington Classic Man Black Sheffield rose gold""@en-GB gold 10:35 Watch boutique""@en-GB"
1529,""" Daniel Wellington Men's Classic 40mm Durham Watch""@en ""Men's Watch (DW00100109) - WATCH SHOP.com™""@en"
1530,"""Dapper Durham Rosegold 38mm""@de ""Daniel Wellington Dapper 38mm nur 179 00 €""@de"
1531,"""Maurice Lacroix Les Classiques Watch LC1087-SD501-160"" ""Shop Maurice LC1087-SS002-120-1 Watches | Costello Jewelry Company"""
1532,"""Raymond Weil Shine Watch 1600-STP-00995"" ""Shop Raymond Collection at Trice Jewelers"""
1533,"""Maurice Lacroix LC1087-SD501-160 Les Classiques Moonphase Chrono Ladies""@es ""Reloj Maurice Lady Phases de Lune LC1087-SD501-160. Relojes en barcelona catalogo con precios.""@es"
1534,"""Michele Deco Mid Watch MW06V00A0029_MS16DM235009"" ""Shop Michele MWW06V000042 Watches | Northeastern Fine Jewelry"""
1535,"""Chopard Happy Sport Mini Watch 278509-6003"" 278509-3050 | Dejaun Jewelers"""
1536,"""Cartier Ronde Louis Cartier Watch WR000251"" ""Shop WR000251 Watches | Northeastern Fine Jewelry"""
1537,"""Raymond Weil Noemia Watch 5132-STS-00985"" ""Shop Raymond 5132-STS-00985 Watches | Costello Jewelry Company"""
1538,"""Cartier Santos 100 Watch W20072X7"" ""Shop Cartier WSSA0006 Watches | Northeastern Fine Jewelry"""
1539,"""Raymond Weil Toccata Watch 5488-STC-50001"" ""Shop Raymond 5488-STP-00300 Watches | Costello Jewelry Company"""
1540,""" Unisex Welder The Moody 38mm Watch K55/WRC625 ""Ladies Watches | Designer For Women Hut"""
1541,"""Raymond Weil Tango Watch 5391-ST-00995"" ""Shop Raymond 5960-ST-00995 Watches | Costello Jewelry Company"""
1542,""" Mens Tissot PRS516 Chronograph Watch T1004171604100 ""Men's Watches | Designer For Men The Hut"""
1543,"""SUUNTO AMBIT 3 PEAK BLACK""@en BLACK - TREKKING GPS Suunto colour Black SS020677000 Athletic footwear apparel and sports equipment""@en"
1544,"""Daniel Wellington Classic Man Oxford rose gold""@nl-NL gold | 10:35 Horloge boetiek""@nl-NL"
1545,"""Daniel Wellington Classic Man Black Cornwall silver""@nl-NL silver | 10:35 Horloge boetiek""@nl-NL"
1546,""" Junghans Men's Meister Chronoscope Automatic Chronograph Watch""@en ""Men's Watch (027/4324.44) - WATCH SHOP.com™""@en"
1547,"""Freja Ladies´ Watch""@en ""Skagen Freja Watch 358SSSD nur € 119.00""@en"
1548,"""Tissot T-One T038.430.11.037.00"" ""T-One T038.430.11.037.00 Tissot - Silver Dial Bracelet Mens Auto Watch"""
1549,""" Unisex Junghans Max Bill Watch 047/4657.00 ""Men's Watches | Designer For Men The Hut"""
1550,"""Tissot PRC 200 Automatic T055.430.11.057.00 Powermatic 80""@es catálogo oficial Laguardajoiers distribuidor de Tissot en Barcelona""@es ""Reloj T-Sport 80"
1551,"""TomTom Runner 3 Cardio + Music GPS Sports Watch Bluetooth Headphones - Black / Green""@en Green online""@en"
1552,"""Chopard Superfast Watch 161291-5001"" 161291-5001 | Dejaun Jewelers"""
1553,"""Raymond Weil Noemia Watch 5132-STS-00985"" ""Shop Raymond 5132-ST-00985 Watches | Costello Jewelry Company"""
1554,"""Hamilton Jazzmaster Maestro Auto Chrono Watch H32766513"" H32766783"""
1555,""" Tissot Men's T-Touch Expert Titanium Alarm Chronograph Watch""@en ""Men's Watch (T0134204720200) - WATCH SHOP.com™""@en"
1556,"""Hamilton Jazzmaster Day Date Auto Watch H32505731"""
1557,"""Mens Classic Dream Watch ""@de ""Tissot T-klassisch Uhren | Official TISSOT Stockist""@de"
1558,"""Panerai 2013 Watch PAM00532"" ""Shop Panerai PAM00538 Watches | Northeastern Fine Jewelry"""
1559,"""Maurice Lacroix Les Classiques Watch LC1087-SS002-120-1"" ""Shop Maurice LC1087-SD502-160 Watches | Costello Jewelry Company"""
1560,"""Michele Serein Watch MWW21A000008"" ""Shop Michele MW21A01B0966_MS18EV246710 Watches | Costello Jewelry Company"""
1561,"""Daniel Wellington Women's Quartz Watch Classic Canterbury Lady 0502DW with Plastic Strap""@en ""Price comparison: Daniel"
1562,""" Ball Men's Engineer Hydrocarbon Ceramic XV Chronometer Automatic Watch""@en ""Men's Watch (DM2136A-SCJ-BK) - WATCH SHOP.com™""@en"
1563,"""Glasgow Silver Men´s Watch 40mm""@en ""Daniel Wellington Glasgow 40mm nur € 159.00""@en"
1564,"""Casio G-Shock G-7710-1ER""@en G-7710-1ER - Casio Watches""@en"
1565,"""Cartier"" ""CartierCartier Pasha C Steel Black Unisex Watch W31079M7"""
1566,""" Daniel Wellington Ladies' Sheffield Rose 36mm Watch""@en ""Ladies' Watch (DW00100036) - WATCH SHOP.com™""@en"
1567,"""Raymond Weil Maestro Watch 2238-STC-00659"" ""Shop Raymond 2237-PC-00659 Watches | Costello Jewelry Company"""
1568,"""Tag Heuer Formula 1 WAH1313.BA0868"" WAH1313.BA0868 Watch | Watchfinder & Co."""
1569,"""TomTom Spark 3 HR (Large) - Black""@en "" TomTom Cardio Black Accessories 1RK0.002.00 ""@en"
1570,"""Prospex Diver´s Revival Automatic Watch""@en ""Seiko Prospex Watch SRP773K1 nur € 439.00""@en"
1571,""" Casio Unisex Classic Collection Alarm Chronograph Watch""@en ""Unisex Watch (LA670WEGB-1BEF) - WATCH SHOP.com™""@en"
1572,""" Casio Men's G-Shock Alarm Chronograph Watch""@en ""Men's Watch (GA-100-1A1ER) - WATCH SHOP.com™""@en"
1573,"""Chopard Hour And Minutes Watch 388531-3001"" 384221-0004 | Dejaun Jewelers"""
1574,"""Michael Kors MK3493 Slim Runway watch"""
1575,""" Seiko Astron Men's GPS Titanium Chronograph Solar Powered Watch""@en ""Men's Watch (SSE025J1) - WATCH SHOP.com™""@en"
1576,"""Hamilton American Classic JazzMaster Open Heart Mens Watch""@en Watch - H32565555""@en"
1577,"""Maurice Lacroix Les Classiques Watch LC6098-SS001-320-1"" ""Shop Maurice LC6158-SS001-330-1 Watches | Costello Jewelry Company"""
1578,"""暢銷款 TAG HEUER CARRERA（卡萊拉系列） Calibre 5星期-日曆 自動上鏈腕錶 100米 - ∅41毫米 WAR201A.BA0723 ""@zh-hant ""TAG Heuer（泰格豪雅） Carrera Automatic Watch 41毫米 | watch price""@zh-hant"
1579,"""Bvlgari LVCEA Watch LU33C6SSPGD"" LU28C6SSPGD | Dejaun Jewelers"""
1580,"""Alpina Startimer Pilot Automatic Watch AL-525G4TS6"" ""Shop Alpina AL-525S4S4 | Moyer Fine Jewelers"""
1581,"""Herren Citizen Promaster Navihawk GPS Wecker Chronograf funkgesteuert Eco-Drive Uhr CC9030-51E""@de"
1582,"""Cartier Ronde Solo de Cartier Watch W6701009"" ""Shop W6701009 Watches | Northeastern Fine Jewelry"""
1583,"""Hamilton Jazzmaster Lady Auto Watch H42215111"" H42215151"""
1584,"""T048.417.27.057.06 Tissot T-Race""@en official catalog ""Tissot T-Sport T-Race T048.417.27.057.06 Laguardajoiers agent of in Barcelona""@en"
1585,"""Michele Deco Madison Watch MW06T00A0101_MS18AA030402"" ""Shop Michele MW06T00A0101_MS18AA030402 Watches | Northeastern Fine Jewelry"""
1586,"""Hamilton American Classic Valiant Auto Watch H39415654"" ""Shop Hamilton Collection at Safa Jewelers"""
1587,""" Raymond Weil Men's Maestro Beatles Limited Edition Automatic Watch""@en ""Men's Watch (2237-ST-BEAT1) - WATCH SHOP.com™""@en"
1588,"""Hamilton Jazzmaster Slim Auto Watch H38615555 "" ""Shop Hamilton Collection at Safa Jewelers"""
1589,"""Cartier"", ""CartierCartier Classic Santos Series Men's Watch W20099C4"""
1590,"""Chopard L.U.C Lunar Twin 161934-5001"" LUC One 161927-5001"""
1591,"""Garmin Forerunner 230 GPS Running Watch with HRM Bundle (Yellow and Black)"""
1592,"""Alpina STARTIMER PILOT BIG DATE CAMOUFLAGE GREY AL-372BGR4S6""@en"
1593,"""Cartier Calibre De Cartier Diver Watch WSCA0006"" ""Shop WGCA0010 Watches | Northeastern Fine Jewelry"""
1594,"""Hamilton Jazzmaster Traveler GMT Auto Watch H32625555"" ""Shop Hamilton Collection at Safa Jewelers"""
1595,"""Cartier"", ""CartierCartier Tank Francaise Series Women's Watch W51028Q3"""
1596,"""Hamilton Jazzmaster GMT Auto Watch H32695731"" ""Shop Hamilton Traveler Collection at Safa Jewelers"""
1597,"""Hamilton Jazzmaster Maestro Auto Chrono Watch H32716839"" H32576515"""
1598,"""Benchmark Classic Bands LCF13010KY"""
1599,"""IWC Aquatimer Watch IW329002"" ""Shop IWC IW355701 Watches | Northeastern Fine Jewelry"""
1600,"""Michele Serein MWW21A000001"" ""Serein"""
1601,"""Cartier"" ""CartierCartier Tank Series Men's Watch W1529756"""
1602,"""Cartier Roadster W62041V3"" W62041V3 Watch | Watchfinder & Co."""
1603,"""Max Bill Ladies´ Watch""@en ""Junghans Max Watch 047/4658.00 nur € 495.00""@en"
1604,"""Dior Chiffre Rouge Watch CD084B10M001"" CD084510M003 | Dejaun Jewelers"""
1605,""" Raymond Weil Men's Freelancer Piper Limited Edition Automatic Chronograph Watch""@en ""Men's Watch (7754-TIC-05209) - WATCH SHOP.com™""@en"
1606,"""26-Gauge Silver Floral Paddle Wire: 95 yards""@en "" 26-Gauge Wire - yards ""@en"
1607,"""Michael Kors MK5626 Parker watch"""
1608,"""Michele Signature Serein MWW21A000001"" ""MWW21A000001 New Michele Womens Quartz Watch"""
1609,"""SUUNTO TRAVERSE ALPHA STEALTH""@en apparel and sports equipment""@en STEALTH - TREKKING WATCH Suunto colour Black SS022469000 Athletic footwear"
1610,""" Mens Maurice Lacroix Aikon Chronograph Watch AI1018-PVY11-132-1 ""Men's Watches | Designer For Men The Hut"""
1611,"""Cartier Tank Américaine Watch WB710013"" ""Shop Cartier WB710009 Watches | Northeastern Fine Jewelry"""
1612,""" Junghans Ladies' Max Bill Mechanical Watch""@en ""Ladies' Watch (027/3601.00) - WATCH SHOP.com™""@en"
1613,"""Casio GA-100B-7AER G-Shock watch"""
1614,"""Michele Serein Watch MWW21A000058"" ""Shop Michele MWW21A000001 Watches | Costello Jewelry Company"""
1615,"""Maurice Lacroix Les Classiques Watch LC1087-SS002-121-1"" ""Shop Maurice LC1087-SD502-160 Watches | Costello Jewelry Company"""
1616,"""Skagen SKW6285 Holst watch"""
1617,""" Suunto Unisex M5 Women Black Lime Pack Alarm Chronograph Watch""@en ""Unisex Watch (SS019863000) - WATCH SHOP.com™""@en"
1618,"""Cartier Tortue Watch W1556363"" ""Shop Cartier WA501012 Watches | Northeastern Fine Jewelry"""
1619,"""Cartier Hypnose Watch WJHY0006"" ""Shop Cartier WJHY0008 Watches | Northeastern Fine Jewelry"""
1620,"""Cartier Calibre De Cartier Diver Watch W2CA0009"" ""Shop W7100056 Watches | Northeastern Fine Jewelry"""
1621,""" Casio Men's G-Shock Alarm Chronograph Watch""@en ""Men's Watch (GA-100B-4AER) - WATCH SHOP.com™""@en"
1622,""" Hamilton Men's Jazzmaster Seaview 37mm Watch""@en ""Men's Watch (H37511131) - WATCH SHOP.com™""@en"
1623,"""Raymond Weil Tango Watch 5391-STP-00308"" ""Shop Raymond 5391-ST-00995 Watches | Costello Jewelry Company"""
1624,"""Mens Casio Edifice Time Traveller Bluetooth Hybrid Smartwatch Alarm Chronograph Solar Powered Watch EQB-600D-1A2ER"""
1625,"""Mens G-Shock Premium Gulfmaster Alarm Chronograph Radio Controlled Watch ""@de ""Fathers Tag - Uhren und gift ideas""@de"
1626,"""Hamilton Slim Auto H38615735"" ""Slim Auto"""
1627,"""Seiko Prospex Kinetic 200m Diver Sapphire Silicone Men's Watch SUN021P1 ""@en | Dutyfreeislandshop.com""@en"
1628,""" Nixon Men's The C45 SS Watch""@en ""Men's Watch (A951-2304) - WATCH SHOP.com™""@en"
1629,"""Cartier Tank Francaise W51008Q3"" W51008Q3 Watch | Watchfinder & Co."""
1630,""" Tissot T-Race Touch Watch ""@en ""Tissot - T0814201705700 | Ben Bridge Jeweler""@en"
1631,""" Mens Casio G-Shock Premium Mudmaster Compass Alarm Chronograph Radio Controlled Watch GWG-1000-1A3ER ""Brands"""
1632,""" Cathedral Solitaire Platinum Engagement Ring ""@en ""Cathedral | Shane Co.""@en"
1633,"""Tissot"" ""TissotTissot Swiss Made Wrist Watch T36.1.316.72 43mm"""
1634,"""Seiko Automatic Divers 200M 21 Jewels SKX007K2 Mens Watch""@en-US Watch - DownUnderWatches""@en-US"
1635,"""Cartier Rotonde De Cartier Watch W1556214"" ""Shop WSRO0002 Watches | Northeastern Fine Jewelry"""
1636,"""Raymond Weil Freelancer Watch 2740-ST-50021"" ""Shop Raymond 2760-SR3-50001 Watches | Costello Jewelry Company"""
1637,"""Michele Serein Watch MW21A01B0966_MS18EV246710"" ""Shop Michele MWW21A000058 Watches | Costello Jewelry Company"""
1638,""" Nixon Unisex The Time Teller Chrono Star Wars Special Edition Chronograph Watch""@en ""Unisex Watch (A972SW-2378) - WATCH SHOP.com™""@en"
1639,"""Engineer Hydrocarbon Airborne""@en ""Ball Watch | Engineer Airborne - Model DM2076C-S1CAJ-BK""@en"
1640,"""Raymond Weil Freelancer Watch 7740-SC1-65221"" ""Shop Raymond 2740-ST-50021 Watches | Costello Jewelry Company"""
1641,"""Chopard 158992-3001 Mille Miglia GMT Watch""@en Watches From SwissLuxury""@en"
1642,"""Chopard Mille Miglia Watch 168997-3001"" 158992-3001 | Dejaun Jewelers"""
1643,"""Alpina Automatic 4 Watch AL-525BS5AQ6"" ""Shop Alpina AL-525BR5AQ6 | Moyer Fine Jewelers"""
1644,"""Cartier Santos 100 Watch W20072X7"" ""Shop Cartier W20107X7 Watches | Northeastern Fine Jewelry"""
1645,"""Radiomir Ceramica - 45mm ""@en Panerai watch""@en"
1646,""" Junghans 027/4200.00 Automatic Watch"""
1647,"""Hamilton Jazzmaster Viewmatic Skeleton Gent Auto Watch H42555751"""
1648,""" Casio Ladies' Baby-G Alarm Chronograph Watch""@en ""Ladies' Watch (BLX-100-7ER) - WATCH SHOP.com™""@en"
1649,"""Chopard Mille Miglia Watch 168997-3001"" 158997-3001 | Dejaun Jewelers"""
1650,"""Chopard Hour And Minutes Watch 388532-3002"" 384238-5002 | Dejaun Jewelers"""
1651,"""Daniel Wellington Classic Man Glasgow silver""@nl-NL silver 10:35 Horloge boektiek""@nl-NL"
1652,"""Alpina Automatic 4 Watch AL-525SS5AQ6"" ""Shop Alpina AL-525BS5AQ6B | Moyer Fine Jewelers"""
1653,"""Michele Serein Mid Watch MWW21B000030"" ""Shop Michele MWW21B000026 Watches | Northeastern Fine Jewelry"""
1654,"""SKINGALA""@sv "" Watches - Swatch® Sweden""@sv"
1655,"""Raymond Weil Toccata Watch 5488-ST-50001"" ""Shop Raymond 5588-ST-50001 Watches | Costello Jewelry Company"""
1656,"""Raymond Weil Toccata Watch 5388-ST-50081"" ""Shop Raymond 5988-ST-00300 Watches | Costello Jewelry Company"""
1657,"""Cartier Ronde Louis Cartier Watch WR000651"" ""Shop W6800151 Watches | Northeastern Fine Jewelry"""
1658,"""Michele Serein Watch MWW21A000058"" ""Shop Michele MWW21A000008 Watches | Northeastern Fine Jewelry"""
1659,"""Carl F Bucherer AutoDate TwoTone Watch 00.10621.07.77.21"" ""Shop Carl 00.10617.07.77.21 | Moyer Fine Jewelers"""
1660,""" Junghans Men's 1972 Chronoscope Solar Alarm Chronograph Powered Watch""@en ""Men's Watch (014/4202.44) - WATCH SHOP.com™""@en"
1661,""" Tissot Men's PRC200 Chronograph Watch""@en ""Men's Watch (T0554171103700) - WATCH SHOP.com™""@en"
1662,"""Raymond Weil Toccata Watch 5988-STP-97081"" ""Shop Raymond 5388-ST-50081 Watches | Costello Jewelry Company"""
1663,"""SUUNTO M2 BLACK""@en-GB BLACK -""@en-GB"
1664,""" Alpina Men's Startimer Pilot Chronograph Watch""@en ""Men's Watch (AL-372N4FBS6) - WATCH SHOP.com™""@en"
1665,"""Cartier Rotonde De Cartier Watch W1556214"" ""Shop W1556216 Watches | Northeastern Fine Jewelry"""
1666,"""Mens Dreyfuss Co 1953 Chronograph Watch DGS00032/04"""
1667,"""Carl F Bucherer ChronoDate Watch 00.10624.08.33.01"" ""Shop Carl 00.10624.08.13.21 Watches | Costello Jewelry Company"""
1668,""" Swatch Men's Chronograph Watch""@en ""Men's Watch (YYS4006AG) - WATCH SHOP.com™""@en"
1669,"""Cartier Tank Française Watch W4TA0009"" ""Shop Cartier W4TA0009 Watches | Northeastern Fine Jewelry"""
1670,"""Dior Montaigne Watch CD153512M001"" CD152110M004 | Dejaun Jewelers"""
1671,"""Maurice Lacroix Les Classiques Watch LC6027-SS001-121"" ""Shop Maurice LC6098-SS001-320-1 Watches | Costello Jewelry Company"""
1672,"""Cartier Santos 100 Watch W20072X7"" ""Shop Cartier W20106X8 Watches | Northeastern Fine Jewelry"""
1673,"""Michele Serein Watch MWW21A000001"" ""Shop Michele MWW21A000008 Watches | Costello Jewelry Company"""
1674,"""Eco-Drive Men´s Watch""@en ""Citizen Eco-Drive Watch AW1360-04E nur € 111.20""@en"
1675,""" Tissot Men's T-Touch II Titanium Alarm Chronograph Watch""@en ""Men's Watch (T0474204720701) - WATCH SHOP.com™""@en"
1676,"""Bvlgari LVCEA Watch LU28C6SSD"" LU33C6SSD | Dejaun Jewelers"""
1677,""" TAG HEUER AQUARACER Calibre 5 Montre automatique 300 M - ∅41 mmLunette en céramique WAY211A.BA0928 ""@fr ""TAG Heuer Aquaracer Automatic Watch 41 mm | watch price""@fr"
1678,"""Alpina Automatic 4 Watch AL-525SS5AQ6"" ""Shop Alpina AL-525BR5AQ6 | Moyer Fine Jewelers"""
1679,""" Tissot Men's V8 Chronograph Watch""@en ""Men's Watch (T1064171104200) - WATCH SHOP.com™""@en"
1680,"""The Crew Leather Gold / Cream Black""@en ""Nixon The Black A1188-2769 nur € 159.00""@en"
1681,"""Casio GWN-1000B-1BER G-shock Gravitymaster watch"""
1682,"""Dapper Bristol Silver 38mm""@de ""Daniel Wellington Dapper 38mm DW00100090 nur 179 00 €""@de"
1683,"""Casio EF-539D-1A2VEF Watch"""
1684,"""Alpina Diver 300 Automatic Watch AL-525LGG4V6"" ""Shop Alpina AL-525LBN4V6B | Moyer Fine Jewelers"""
1685,""" Seiko Men's Prospex GMT Diver Kinetic Watch""@en ""Men's Watch (SUN021P1) - WATCH SHOP.com™""@en"
1686,"""Rolex GMT Master II 116710 LN"" LN Watch | Watchfinder & Co."""
1687,"""Hamilton Jazzmaster Maestro Auto Chrono Watch H32766513"" H32576555"""
1688,"""Chronoscope Max Bill""@es ""Junghans Chronoscope Bill 027/7800.00 nur 1.695 00 €""@es"
1689,""" Kenneth Cole Ladies' Watch""@en ""Ladies' Watch (KC10022304) - WATCH SHOP.com™""@en"
1690,"""The Crew All Black""@en ""Nixon The Black A1186-001 nur € 199.00""@en"
1691,"""Daniel Wellington Classic Man Glasgow silver""@nl-NL silver | 10:35 Horloge boetiek""@nl-NL"
1692,"""Hamilton Maestro Auto Chrono H32766513"" ""Maestro Chrono"""
1693,"""Herren Junghans Max Bill Automatik Uhr 027/4002.44""@de"
1694,"""Timex Men's Ironman 10-Lap Watch"""
1695,"""Michele Serein Watch MWW21A000001"" ""Shop Michele MWW21A000008 Watches | Northeastern Fine Jewelry"""
1696,"""Herren Hamilton Jazzmaster Seaview Chronograf Uhr H37512131""@de"
1697,"""Daniel Wellington Classic Man St Mawes rose gold""@en-GB gold 10:35 Watch boutique""@en-GB"
1698,""" Suunto Men's Ambit 3 Peak Bluetooth GPS Chronograph Watch""@en ""Men's Watch (SS020677000) - WATCH SHOP.com™""@en"
1699,"""Fragole""@it ""Trollbeads | Fragole - Trollbeads.com""@it"
1700,"""Raymond Weil Maestro Watch 2237-STC-20001"" ""Shop Raymond 2237-ST-65001 Watches | Costello Jewelry Company"""
1701,"""Damen Daniel Wellington Winchester Rose 36mm Uhr DW00100033""@de"
1702,"""Citizen Eco-Drive Radio Controlled Sapphire Perpetual Men's Watch CB0150-62L ""@en | Dutyfreeislandshop.com""@en"
1703,"""Communion 01 Size 4 SS""@en-US ""Rosary Centers : All Materials -- The Rosary Shop""@en-US"
1704,""" Ladies Raymond Weil Nabucco BRIT Awards 2014 Limited Edition Titanium Automatic Chronograph Diamond Watch 7700-TIR-BRIT14 ""Raymond Watches"""
1705,"""Michele Serein Watch MWW21A000001"" ""Shop Michele MW21A01B0966_MS18EV246710 Watches | Costello Jewelry Company"""
1706,"""Casio LA670WEA-1EF Retro watch"""
1707,""" Folli Follie Ladies' Day Dream Watch""@en ""Ladies' Watch (6015.1508) - WATCH SHOP.com™""@en"
1708,"""Unisex M200 Bluetooth GPS Activity Tracker Heart Rate Monitor Alarm Chronograph Watch ""@de ""GPS Uhren | Official Stockist for Uhren""@de"
1709,"""Longines Conquest Watch L3.277.4.76.6"" ""Shop Longines L3.700.4.96.6 Watches | Northeastern Fine Jewelry"""
1710,"""Seiko SGG731P1 watch"""
1711,"""Parade Lyria Leaves Necklace P2771-R2-WRFS2"" ""Shop Parade N1976A-YG Necklaces | Mitchum Jewelers"""
1712,"""Dior Chiffre Rouge Watch CD084510A001"" CD084B40R001 | Dejaun Jewelers"""
1713,"""Fitbit - Surge Fitness Watch (Small) Black""@en-US"
1714,"""Hamilton Jazzmaster Day Date Auto Watch H32505731"" H32505741"""
1715,"""Raymond Weil Tango Watch 5391-STP-00308"" ""Shop Raymond 5960-ST-00995 Watches | Costello Jewelry Company"""
1716,"""Fitbit Charge 2 Heart Rate Fitness Watch - No wristband just watch ""@en GPS & Running Watches""@en"
1717,"""Bvlgari Bvlgari Watch BBLP33WGG 12"" BBL33WSSD | Dejaun Jewelers"""
1718,"""Daniel Wellington Classic Lady Black Bristol silver""@en-GB silver 10:35 Watch boutique""@en-GB"
1719,"""Bristol Silver Ladies´ Watch 36mm""@en ""Daniel Wellington Bristol 36mm nur € 169.00""@en"
1720,"""Rolex"", ""RolexRolex Watches GMTMaster II Steel and Gold 116713LN"""
1721,"""TAG Heuer Formula 1 WAZ211A.BA0875"" ""WAZ211A.BA0875 TAG One Mens Automatic"""
1722,""" Tissot Ladies' Tradition Watch""@en ""Ladies' Watch (T0632101103700) - WATCH SHOP.com™""@en"
1723,""" Bruno Sohnle Men's Triest Watch""@en ""Men's Watch (17-23183-242) - WATCH SHOP.com™""@en"
1724,"""Hamilton Jazzmaster Seaview Chrono Quartz Watch H37512731"" ""Shop Hamilton Collection at Safa Jewelers"""
1725,"""Dior Chiffre Rouge Watch CD084850M001"" CD084850A001 | Dejaun Jewelers"""
1726,"""Cartier Rotonde De Cartier Watch W1556051"" ""Shop W1556368 Watches | Northeastern Fine Jewelry"""
1727,"""Henry Glitz Chronograph Watch""@en ""Marc by Marc Jacobs Henry Watch | SHOPBOP""@en"
1728,"""Bvlgari Tubogas Watch SP35BDSDS.1T"" SP35C6SPGD.1T | Dejaun Jewelers"""
1729,"""Carl F Bucherer Flyback Watch 00.10919.03.13.01"" ""Shop Carl 00.10919.08.13.01 Watches | Costello Jewelry Company"""
1730,"""Maurice Lacroix Eliros Watch EL1094-SS002-110-1"" ""Shop Maurice EL1094-SS001-310-1 Watches | Costello Jewelry Company"""
1731,"""Polar A360 S - White""@en "" Polar Running Accessories White ""@en"
1732,"""Michele Signature Deco MWW06P000171"" ""MWW06P000171 New Michele Diamond Ladies Quartz Watch"""
1733,"""CartierCartier Tank Francaise Series Unisex Watch W51011Q3"", ""Cartier"""
1734,""" Tissot Men's PRC200 Chronograph Watch""@en ""Men's Watch (T0554171105700) - WATCH SHOP.com™""@en"
1735,""" Hamilton Ladies' Valiant Watch""@en ""Ladies' Watch (H39251194) - WATCH SHOP.com™""@en"
1736,"""The Crew All Black""@de 20 €""@de ""Nixon The Black A1186-001 nur 159"
1737,""" Casio Men's G-Shock Alarm Chronograph Watch""@en ""Men's Watch (GA-201-1AER) - WATCH SHOP.com™""@en"
1738,"""The Monopoly Light Gold / Silver Herrenuhr""@de ""Nixon The Herrenuhr nur 129 00 €""@de"
1739,"""Seiko Astron SSE047J1 watch"""
1740,""" Mens Superdry Watch SYG190T ""Men's Watches | Designer For Men The Hut"""
1741,"""Dior Chiffre Rouge Watch CD084841R001"" CD084510A003 | Dejaun Jewelers"""
1742,"""Tag Heuer Carrera CAR2A1Z.FT6044"" CAR2A1Z.FT6044 Watch | Watchfinder & Co."""
1743,""" Alpina Men's Alpiner 4 Automatic Watch""@en ""Men's Watch (AL-525SS5AQ6) - WATCH SHOP.com™""@en"
1744,"""Maurice Lacroix Pontos Watch PT6008-SS002-332-1"" ""Shop Maurice PT6188-SS001-332-1 Watches | Costello Jewelry Company"""
1745,"""Alpina Startimer Pilot Automatic Watch AL-725B4S6B"" ""Shop Alpina AL-525NN4S6 | Moyer Fine Jewelers"""
1746,"""Omega Speedmaster 311.92.44.51.01.003"""
1747,""" Daniel Wellington Men's Glasgow Silver 36mm Watch""@en ""Men's Watch (DW00100047) - WATCH SHOP.com™""@en"
1748,"""Fossil ES3745 Georgia watch"""
1749,"""Cartier Santos 100 Watch W20126X8"" ""Shop Cartier Collection at Northeastern Fine Jewelry"""
1750,"""Raymond Weil Noemia Watch 5132-STP-00985"" ""Shop Raymond 5132-STS-50081 Watches | Costello Jewelry Company"""
1751,"""Seiko SRP705K1 Automatic watch"""
1752,"""Men's Runway Watch""@en ""Michael Kors Men's Watch | SHOPBOP""@en"
1753,""" Nixon Men's The Sentry 38 SS Watch""@en ""Men's Watch (A450-1604) - WATCH SHOP.com™""@en"
1754,""" Daniel Wellington Men's Cambridge Silver 40mm Watch""@en ""Men's Watch (DW00100017) - WATCH SHOP.com™""@en"
1755,"""Raymond Weil Freelancer Watch 2740-ST-20021"" ""Shop Raymond 2760-ST1-20001 Watches | Costello Jewelry Company"""
1756,"""Cartier Roadster W62020X6"" W62020X6 Watch | Watchfinder & Co."""
1757,"""Ladies The Monopoly Watch ""@de ""Summer Specials | Official Stockist""@de"
1758,""" Daniel Wellington Ladies' Dapper 34mm York Watch""@en ""Ladies' Watch (DW00100093) - WATCH SHOP.com™""@en"
1759,"""Cartier Santos 100 Watch W20073X8"" ""Shop Cartier W20072X7 Watches | Northeastern Fine Jewelry"""
1760,""" Mens Nixon The Crew Watch A1186-001 ""Men's Watches | Designer For Men Hut"""
1761,"""ArtCarved Contemporary Wedding Band 11-WV7365W-G"" ""Shop ArtCarved 11-WV12WR7-G bands | Northeastern Fine Jewelry"""
1762,""" Olivia Burton Ladies' Modern Vintage Watch""@en ""Ladies' Watch (OB16MV60) - WATCH SHOP.com™""@en"
1763,"""Raymond Weil Tango Watch 5391-ST-00995"" ""Shop Raymond 5391-STS-00995 Watches | Costello Jewelry Company"""
1764,"""Cartier Santos-Dumont Watch WH100351"" ""Shop Cartier WH100351 Watches | Northeastern Fine Jewelry"""
1765,"""Damen Daniel Wellington St Mawes Rose 36mm Uhr DW00100035""@de"
1766,"""Michele Deco Mid Watch MWW06V000003"" ""Shop Michele MWW06V000002 Watches | Northeastern Fine Jewelry"""
1767,""" Hamilton Men's Khaki Officer Mechanical Watch""@en ""Men's Watch (H69419363) - WATCH SHOP.com™""@en"
1768,"""Cartier"" ""CartierCartier Tank Francaise Series Men's Watch W51002Q3"""
1769,"""Bvlgari B.Zero1 Watch BZ23WSGDL 12"" BZ23BSCC.M | Dejaun Jewelers"""
1770,"""Daniel Wellington Classic Bristol Quartz DW00100009 (0109DW) Mens Watch""@en-US Watch - DownUnderWatches""@en-US"
1771,"""York Rose Gold Men´s Watch 40mm""@en ""Daniel Wellington York 40mm nur € 139.00""@en"
1772,"""Cartier Santos 100 W20072X7"" W20072X7 Watch | Watchfinder & Co."""
1773,"""Carl F Bucherer Power Reserve Watch 00.10912.08.33.21"" ""Shop Carl 00.10912.08.33.01 | Moyer Fine Jewelers"""
1774,"""Michele Serein Mid Watch MWW21B000009"" ""Shop Michele MWW21B000032 Watches | Costello Jewelry Company"""
1775,"""Radiomir Black Seal 3 Days Automatic Acciaio - 45mm ""@de – Panerai-Uhr""@de"
1776,""" Tissot Men's PRS200 Chronograph Watch""@en ""Men's Watch (T0674172203101) - WATCH SHOP.com™""@en"
1777,"""Daniel Wellington Classic Lady Black Reading rose gold""@en-GB gold 10:35 Watch boutique""@en-GB"
1778,"""Longines Conquest Watch L3.700.4.96.6"" ""Shop Longines L3.277.4.76.6 Watches | Northeastern Fine Jewelry"""
1779,"""Omega Seamaster 25318000"" "" Discover the Omega watch collection at Albemarle Bond"
1780,""" M200 Bluetooth GPS Activity Tracker Heart Rate Monitor Watch ""@de ""Herren Sport Uhren""@de"
1781,"""Omega Speedmaster 311.92.44.51.01.005"""
1782,"""Omega De Ville 424.13.40.20.02.001"" ""De Ville"""
1783,""" Maurice Lacroix Men's Aikon Chronograph Watch""@en ""Men's Watch (AI1018-SS001-330-1) - WATCH SHOP.com™""@en"
1784,"""Mikimoto Necklaces Necklace PPS1102NDW"" ""Shop Mikimoto MPA10167NDXW | Northeastern Fine Jewelry"""
1785,""" Casio Men's Edifice Time Traveller Bluetooth Hybrid Smartwatch Alarm Chronograph Solar Powered Watch""@en ""Men's Watch (EQB-600D-1A2ER) - WATCH SHOP.com™""@en"
1786,""" Mens Raymond Weil Tradition Watch 5466-ST-00608 ""Raymond Watches"""
1787,"""Omega Speedmaster 311.30.42.30.01.005"""
1788,""" Daniel Wellington Men's Dapper 38mm Sheffield Rose Watch""@en ""Men's Watch (DW00100084) - WATCH SHOP.com™""@en"
1789,"""Carhartt - Acrylic Watch Cap Charcoal""@en"
1790,"""Alpina Diver 300 Automatic Watch AL-525LBG4V6B"" ""Shop Alpina AL-525LBN4V6B | Moyer Fine Jewelers"""
1791,"""Edifice Herrenuhr Solar Bluetooth""@de ""Casio Edifice Bluetooth EQB-500D-1AER nur 299 00 €""@de"
1792,"""Raymond Weil Maestro Watch 2227-STC-00659"" ""Shop Raymond 2237-PC-00659 Watches | Costello Jewelry Company"""
1793,"""Couturier T035.210.11.051.00 Tissot Quartz Lady""@en Lady official catalog Laguardajoiers dealer of in Barcelona""@en"
1794,"""Michele Deco Watch MWW06P000171"" ""Shop Michele MWW06P000099 Watches | Northeastern Fine Jewelry"""
1795,"""Michele Deco Mid Watch MWW06V000002"" ""Shop Michele MWW06V000003 Watches | Northeastern Fine Jewelry"""
1796,"""Wave Ceptor Herrenfunkuhr""@de ""Casio Wave Herrenfunkuhr ECW-M300EDB-1AER nur 299 00 €""@de"
1797,""" Tissot Ladies' Le Locle Automatic Watch""@en ""Ladies' Watch (T41118333) - WATCH SHOP.com™""@en"
1798,"""Michele Deco Mid Watch MWW06V000002"" ""Shop Michele MWW06V000023 Watches | Costello Jewelry Company"""
1799,"""Bvlgari Bvlgari Watch BBL26WSSD"" BBL26C11SPG 12 | Dejaun Jewelers"""
1800,""" Daniel Wellington Ladies' Southampton Rose 36mm Watch""@en ""Ladies' Watch (DW00100034) - WATCH SHOP.com™""@en"
1801,"""Daniel Wellington Classic Lady silver""@nl-NL silver 10:35 Horloge boektiek""@nl-NL"
1802,""" Junghans Men's Max Bill Watch""@en ""Men's Watch (041/4462.00) - WATCH SHOP.com™""@en"
1803,"""Cartier Santos 100 Automatic Medium Steel and Pink Gold"" Gold W20107X7 on Watch Agora"""
1804,"""Panerai Radiomir Watch PAM00346"" ""Shop Panerai PAM00505 Watches | Northeastern Fine Jewelry"""
1805,"""RolexRolex Watches GMTMaster II Steel 116710LN"" ""Rolex"""
1806,"""Heart of Gold Chain Choker""@en"
1807,""" Hamilton Men's Jazzmaster Open Heart Automatic Watch""@en ""Men's Watch (H32565555) - WATCH SHOP.com™""@en"
1808,"""Raymond Weil Maestro Watch 2237-STC-20001"" ""Shop Raymond 2227-STC-00659 Watches | Costello Jewelry Company"""
1809,"""Raymond Weil Tango Watch 5391-ST-00995"" ""Shop Raymond 5960-STP-00995 Watches | Costello Jewelry Company"""
1810,"""Chopard Hour And Minutes Watch 388531-3001"" 384221-1001 | Dejaun Jewelers"""
1811,"""Nickelodeon Boys' Teenage Mutant Ninja Turtles Flashing Watch"""
1812,""" Round Sapphire Pendant (18"") ""@en ""Jewelry Catalog | Shane Co.""@en"
1813,"""Unisex Daniel Wellington klassisch Schwarz Cornwall Uhr 40mm DW00100148""@de"
1814,"""Black Coral Whale's Tail Pendant in 14K Yellow Gold - Small""@en"
1815,"""Casio G-Shock G-2900F-2""@en G-2900F-2 - Casio Watches""@en"
1816,"""Double Down Men´s Watch""@en ""Diesel Double Watch DZ1440 nur € 99.00""@en"
1817,"""Mens Casio G-Shock Rangeman Alarm Chronograph Radio Controlled Watch GW-9400-1ER"""
1818,"""Longines Conquest Watch L3.700.4.96.6"" ""Shop Longines L3.687.4.56.6 Watches | Northeastern Fine Jewelry"""
1819,"""Tissot T-Sport V8 Chronograph Men's Watch T36131672"" "" Tissot T36131672 | watchtag.com"""
1820,"""St. Mawes Rosegold Damenuhr 36mm""@de ""Daniel Wellington St. 36mm nur 169 00 €""@de"
1821,"""Suunto Traverse Alpha Stealth Outdoor Sapphire GPS Watch SS022469000 ""@en | Dutyfreeislandshop.com""@en"
1822,"""Dior Chiffre Rouge Watch CD084C10A002"" CD084850M001 | Dejaun Jewelers"""
1823,"""SUUNTO CORE ALL BLACK"" BLACK - Suunto Mexico"""
1824,"""Casio PRG-300-1A2ER""@bg PRG-300-1A2ER | Pro Trek Stotak.com""@bg"
1825,"""Hamilton Jazzmaster Thinline Quartz Watch H38511133"""
1826,"""Max Bill Damenuhr""@de 00 €""@de ""Junghans Max Damenuhr 047/4658.00 nur 495"
1827,""" Casio Ladies' Classic Collection Alarm Chronograph Watch""@en ""Ladies' Watch (LA670WEA-7EF) - WATCH SHOP.com™""@en"
1828,""" Daniel Wellington Men's Bristol 40mm Watch""@en ""Men's Watch (DW00100009) - WATCH SHOP.com™""@en"
1829,"""Raymond Weil Maestro Watch 2237-ST-BEAT2"" ""Shop Raymond 2238-STC-00659 Watches | Costello Jewelry Company"""
1830,"""Tortoise Watch""@en ""Michael Kors Tortoise Watch | SHOPBOP""@en"
1831,"""Maurice Lacroix Fiaba Watch FA2164-SS002-113"" ""Shop Maurice FA1004-SS002-170-1 Watches | Costello Jewelry Company"""
1832,"""Cartier Ronde Croisiere WSRN0002"" WSRN0002 Watch | Watchfinder & Co."""
1833,""" Polar Unisex A360 Small Bluetooth Activity Tracker Alarm Chronograph Watch""@en ""Unisex Watch (90057433) - WATCH SHOP.com™""@en"
1834,"""Maurice Lacroix Les Classiques Watch LC1087-SD501-160"" ""Shop Maurice LC1087-SS001-120-1 Watches | Costello Jewelry Company"""
1835,""" TAG HEUER CARRERA Calibre 5 Day-Date Automatic Watch 100 M - ∅41 mm WAR201E.FC6292 ""@en-us ""TAG Heuer Carrera 41 | watch price""@en-us"
1836,"""Omega Speedmaster Moonwatch 311.30.42.30.01.005"" 311.30.42.30.01.005 Watch | Watchfinder & Co."""
1837,"""Custom 3 Birthstone Heart Family Tree Necklace"" Pendant | Eve's Addiction®"""
1838,"""Hamilton American Classic Valiant Auto Watch H39515134"" H39425114"""
1839,"""Herren Daniel Wellington Dapper 38mm Bristol Uhr DW00100090""@de"
1840,"""Chopard Happy Sport Medium Automatic Watch 278559-6003"" 274808-5001 | Dejaun Jewelers"""
1841,"""Montre Polar M400 Noir avec Ceinture Cardio"" Avec Cardio - Que-Du-Sport"""
1842,"""Bvlgari LVCEA Watch LU36C6SSPGD"" LU33C6SSD | Dejaun Jewelers"""
1843,"""Raymond Weil Toccata Watch 5988-STP-97081"" ""Shop Raymond 5988-ST-97081 Watches | Costello Jewelry Company"""
1844,"""Garmin Forerunner 15 Large HRM 1- Black/Blue""@en "" Garmin Accessories - Black/Blue ""@en"
1845,"""Skagen SKW6216 Hagen watch"""
1846,"""Cartier Drive De Cartier Watch WGNM0006"" ""Shop WGNM0008 Watches | Northeastern Fine Jewelry"""
1847,"""Cartier"" ""CartierCartier Classic Santos Series Men's Watch W20098D6"""
1848,""" Junghans Ladies' Max Bill Watch""@en ""Ladies' Watch (047/4541.00) - WATCH SHOP.com™""@en"
1849,"""Cartier Santos De Cartier Galbée Watch W20012C4"" ""Shop W20056D6 Watches | Northeastern Fine Jewelry"""
1850,"""Holst Herrenuhr""@de 00 €""@de ""Skagen Holst Herrenuhr SKW6237 nur 169"
1851,"""Bvlgari Tubogas Watch SP35BDSDS.2T"" SPP35D2GDG.2T | Dejaun Jewelers"""
1852,"""Panerai Radiomir 1940 Watch PAM00514"" ""Shop Panerai PAM00515 Watches | Northeastern Fine Jewelry"""
1853,"""Casio G-Shock GA-100-1A2""@en GA-100-1A2 - Casio Watches""@en"
1854,""" Ladies Accurist Watch LB1791 ""Sale | The Hut"""
1855,"""Bristol Silver Damenuhr 36mm""@de ""Daniel Wellington Bristol 36mm nur 169 00 €""@de"
1856,"""Ladies Daniel Wellington St Mawes Rose 36mm Watch DW00100035"""
1857,"""Hamilton Traveler GMT Auto H32625555"" ""Traveler Auto"""
1858,"""Carl F Bucherer Flyback Watch 00.10919.08.13.01"" ""Shop Carl 00.10919.03.33.01 Watches | Costello Jewelry Company"""
1859,"""TAG Heuer Carrera Calibre 7 Twin Time 100 M - ∅41 mm Esfera gris Acero"""
1860,"""Panerai 2013 Watch PAM00364"" ""Shop Panerai PAM00446 Watches | Northeastern Fine Jewelry"""
1861,""" Unisex Gucci G-Timeless Watch YA1264018 ""Luxury Mens Watches"""
1862,"""Cartier"", ""CartierCartier Tank Series Unisex Watch W2603556"""
1863,""" Seiko Men's Sportura GPS Solar Powered Watch""@en ""Men's Watch (SSF003J1) - WATCH SHOP.com™""@en"
1864,"""Apple - Apple Watch Series 2 38mm Space Gray Aluminum Case Black Sport Band Aluminum""@en-US"
1865,"""Carl F Bucherer AutoDate Watch 00.10915.08.13.21"" ""Shop Carl 00.10908.08.13.01 | Moyer Fine Jewelers"""
1866,"""Alpina Diver 300 Automatic Watch AL-525LGG4V6"" ""Shop Alpina AL-525LBG4V6B | Moyer Fine Jewelers"""
1867,""" DANIEL WELLINGTON Men's Bristol 40mm Watch ""@en ""DANIEL DW00100009 £90.00 - TheWatchSuperstore.com™""@en"
1868,"""Raymond Weil Maestro Watch 2227-STC-00659"" ""Shop Raymond 2238-STC-00659 Watches | Costello Jewelry Company"""
1869,""" Casio Men's G-Shock Alarm Chronograph Watch""@en ""Men's Watch (GA-100-1A4ER) - WATCH SHOP.com™""@en"
1870,""" Casio Men's G-Shock Mudman Alarm Chronograph Watch""@en ""Men's Watch (G-9300-1ER) - WATCH SHOP.com™""@en"
1871,"""Carrera Calibre 5 DAY-DATE AUTO 41 MM"""
1872,""" Alpina Men's Alipner 4 Automatic Watch""@en ""Men's Watch (AL-525BS5AQ6) - WATCH SHOP.com™""@en"
1873,"""Omega Constellation 123.10.35.60.02.001"""
1874,"""Daniel Wellington Classic Lady Glasgow silver""@en-GB silver 10:35 Watch boutique""@en-GB"
1875,"""Carl F Bucherer ScubaTec Watch 00.10632.23.53.01"" ""Shop Scubatec 00.10632.22.53.01 by Carl | Moyer Fine Jewelers"""
1876,"""Panerai Radiomir Watch PAM00388"" ""Shop Panerai PAM00323 Watches | Northeastern Fine Jewelry"""
1877,""" Daniel Wellington Ladies' Classy Sheffield 26mm Watch""@en ""Ladies' Watch (DW00100060) - WATCH SHOP.com™""@en"
1878,"""Raymond Weil Freelancer Watch 7740-SC1-65221"" ""Shop Raymond 2754-SR-05500 Watches | Costello Jewelry Company"""
1879,"""Cartier Santos W20098D6"" W20098D6 Watch | Watchfinder & Co."""
1880,"""Raymond Weil Toccata Watch 5488-ST-50001"" ""Shop Raymond 5488-STP-00300 Watches | Costello Jewelry Company"""
1881,"""Cartier"" ""CartierCartier Classic Santos Series Women's Watch W20012C4"""
1882,""" Pulsar Men's Watch""@en ""Men's Watch (PJ6019X1) - WATCH SHOP.com™""@en"
1883,"""Cartier Ronde Louis Cartier Watch WR000551"" ""Shop W6800151 Watches | Northeastern Fine Jewelry"""
1884,"""Skagen 233XXLSLB watch"""
1885,"""Cartier"" ""CartierCartier Pasha Series Men's Watch W31088U2"""
1886,"""Alpina Pilot Quartz Chronograph Watch AL-372LBO4V6"" ""Shop Alpina AL-372BMLY4FBS6 | Moyer Fine Jewelers"""
1887,"""Daniel Wellington Classic Lady Black Durham rose gold""@nl-NL gold | 10:35 Horloge boetiek""@nl-NL"
1888,"""Citizen Eco-Drive Promaster Marine 200m ISO Cert. Divers Watch BN0150-10E ""@en | Dutyfreeislandshop.com""@en"
1889,"""Unisex Daniel Wellington klassisch Schwarz Sheffield Uhr 40mm DW00100133""@de"
1890,"""Couturier T035.617.11.031.00 Tissot Quartz Chrono Gent""@en Gent official catalog Laguardajoiers dealer of in Barcelona""@en"
1891,"""Michael Kors MK5076 watch"""
1892,"""Montre Ambit3 Peak Black Hr Suunto""@fr AMBIT3 PEAK HR Suunto - Promo-Optique""@fr"
1893,"""Daniel Wellington Classic Man Black York silver""@en-GB silver 10:35 Watch boutique""@en-GB"
1894,"""Cartier"", ""CartierCartier Tank Francaise Series Women's Watch W50002N2"""
1895,"""Daniel Wellington Classic Lady Winchester rose gold""@nl-NL gold | 10:35 Horloge boetiek""@nl-NL"
1896,"""Maurice Lacroix Les Classiques LC1087-SD501-160 Moonphase Chrono Ladies""@en Watch Lady Phases de Lune LC1087-SD501-160. Maurice Watches in barcelona catalog with prices.""@en"
1897,""" Steel Drive Sugar Watch ""@en ""Drive watch - Tous""@en"
1898,""" Gc Ladies' Lady Chic Chronograph Watch""@en ""Ladies' Watch (Y05010M1) - WATCH SHOP.com™""@en"
1899,""" Childrens Flik Flak Cute Size Splashy Dolphins Watch FBNP035 ""Kids Watches | Designer for Kids The Hut"""
1900,""" Casio Unisex Collection Alarm Chronograph Watch""@en ""Unisex Watch (CA-506G-9AEF) - WATCH SHOP.com™""@en"
1901,"""Classic Black Sheffield Silver 40mm""@de 00 €""@de ""Daniel Wellington Classic 40mm nur 189"
1902,"""Raymond Weil Maestro Watch 2237-ST-20001"" ""Shop Raymond 2238-PC5-00209 Watches | Costello Jewelry Company"""
1903,"""Longines Conquest L3.700.4.96.6"" ""Shop Longines L3.700.4.96.6 | Merry Richards Jewelers"""
1904,"""Fitbit - Surge Fitness Watch (Large) Blue""@en-US"
1905,"""Raymond Weil Tango Watch 5391-STP-00308"" ""Shop Raymond 5391-STS-00995 Watches | Costello Jewelry Company"""
1906,"""Raymond Weil Toccata Watch 5988-ST-00300"" ""Shop Raymond 5988-STP-97081 Watches | Costello Jewelry Company"""
1907,""" Automatic date, 39mm maestro 'The Beatles “Abbey Road” Limited Edition' ""@en-US ""Maestro - Stainless Steel Black Watch Raymond Weil""@en-US"
1908,"""Cartier Tank Américaine Watch WB710013"" ""Shop Cartier WB710002 Watches | Northeastern Fine Jewelry"""
1909,"""Panerai Radiomir Watch PAM00505"" ""Shop Panerai PAM00346 Watches | Northeastern Fine Jewelry"""
1910,"""Maurice Lacroix Les Classiques Watch LC6098-SS001-120-1"" ""Shop Maurice LC6158-SS001-330-1 Watches | Costello Jewelry Company"""
1911,"""21in x 30ft White Mesh Ribbon w/ Metallic Gold Bands""@en-us ""Featured""@en-us"
1912,"""Mens Engineer Hydrocarbon NEDU Chronometer Titanium Automatic Chronograph Watch ""@de ""Ball Uhren | Official BALL Stockist""@de"
1913,"""Michele Deco Mid Watch MWW06V000003"" ""Shop Michele MWW06V000002 Watches | Costello Jewelry Company"""
1914,"""Max Bill Ladies´ Watch""@en ""Junghans Max Watch 047/4657.00 nur € 495.00""@en"
1915,""" Ladies Bruno Sohnle Rondograph Lady Watch 17-13172-290 ""Sale | The Hut"""
1916,"""Nixon Shutter Ladies Quartz Watch - A2861062""@en"
1917,"""Hamilton Khaki Field Auto 42mm"""
1918,"""Blue Manifesto Love Watch""@en ""Versace Blue Watch for Women | Online Store EU""@en"
1919,"""Cartier Drive De Cartier Watch W4100013"" ""Shop WSNM0005 Watches | Northeastern Fine Jewelry"""
1920,"""Longines Conquest Watch L3.277.4.76.6"" ""Shop Longines L3.676.4.99.6 Watches | Northeastern Fine Jewelry"""
1921,""" Round Sapphire Ring ""@en ""Round | Shane Co.""@en"
1922,"""Unisex Daniel Wellington klassisch Schwarz Sheffield Uhr 36mm DW00100139""@de"
1923,"""Carl F Bucherer T-Graph Watch 00.10615.08.33.21"" ""Shop Carl 00.10615.03.33.11 | Moyer Fine Jewelers"""
1924,""" TAG HEUER FORMULA 1 200 M - ∅32 mmCerámica y diamantes WAH1315.BA0868 ""@es ""TAG Heuer Formula 32 mm | watch price""@es"
1925,"""Classic Black Sheffield Rose Gold 40mm""@en ""Daniel Wellington Classic 40mm nur € 189.00""@en"
1926,"""Cartier W51002Q3 Tank Francaise Large - Stainless Steel Watch""@en Watches From SwissLuxury""@en"
1927,"""Michele Deco Mid Gold, Diamond Dial Watch"" ""Deco Mid"""
1928,""" Princess Cut Diamond Ring ""@en ""Princess | Shane Co.""@en"
1929,"""Bvlgari B.Zero1 Watch BZ23WSGCL 12"" BZ23BSCC.M | Dejaun Jewelers"""
1930,""" Childrens Tikkers Time Teacher Watch TK0120 ""Kids Watches | Designer for Kids The Hut"""
1931,"""Mens Casio Edifice Time Traveller Bluetooth Hybrid Smartwatch Alarm Chronograph Watch EQB-500D-1AER"""
1932,"""Bvlgari Bvlgari Watch BBL37C11SPG 12"" BBL33WSPGD | Dejaun Jewelers"""
1933,"""Cartier"" ""CartierCartier Tank Francaise Series Women's Watch W50002N2"""
1934,"""Mens Ambit 3 Peak Bluetooth GPS Chronograph Watch ""@de ""GPS Uhren | Official Stockist for Uhren""@de"
1935,""" Casio Unisex Classic Alarm Chronograph Watch""@en ""Unisex Watch (A500WEA-1EF) - WATCH SHOP.com™""@en"
1936,"""Alpina Pilot Quartz Chronograph Watch AL-372BGR4S6"" ""Shop Alpina AL-372BMLY4FBS6 | Moyer Fine Jewelers"""
1937,"""Suunto Ambit3 Peak Black Watch with HR""@en HR | Start Fitness""@en"
1938,"""G-Shock Mudmaster Herrenuhr""@de ""Casio G-Shock Herrenuhr GWG-1000-1A3ER nur 699 00 €""@de"
1939,""" TAG HEUER CARRERA Calibre 1887 Автоматический хронограф 100 M - ∅43 мм CAR2A10.BA0799 ""@ru ""TAG Heuer Carrera Automatic Chronograph 43 | watch price""@ru"
1940,"""Rolex 116710LN GMT-Master II Steel Watch""@en Watches From SwissLuxury""@en"
1941,"""Chopard Happy Sport Chrono Watch 288499-3001"" 283581-5007 | Dejaun Jewelers"""
1942,"""Carl F Bucherer TravelTec Watch 00.10620.08.53.01"" ""Shop Carl 00.10620.03.93.01 | Moyer Fine Jewelers"""
1943,""" Casio Men's Edifice Time Traveller Bluetooth Hybrid Smartwatch Alarm Chronograph Watch""@en ""Men's Watch (EQB-500D-1AER) - WATCH SHOP.com™""@en"
1944,""" Mens Raymond Weil Freelancer Automatic Watch 2740-ST-20021 ""Raymond Watches"""
1945,"""Classy Sheffield Silver Ladies´ Watch 26mm""@en ""Daniel Wellington Classy 26mm nur € 129.00""@en"
1946,"""Michele Serein Watch MWW21A000058"" ""Shop Michele MW21A01B0966_MS18EV246710 Watches | Costello Jewelry Company"""
1947,"""Daniel Wellington Classic Lady Black St Mawes rose gold""@en-GB gold 10:35 Watch boutique""@en-GB"
1948,""" Daniel Wellington Men's Cambridge 40mm Watch""@en ""Men's Watch (DW00100003) - WATCH SHOP.com™""@en"
1949,"""Mens Max Bill Automatic Watch ""@de ""German Uhren | Official Stockist""@de"
1950,"""Rolex Submariner 116610 LN"" LN Watch | Watchfinder & Co."""
1951,"""Black Manifesto Gent Courage Watch""@default ""Versace Black Watch for Men | Official Website""@default"
1952,"""Engineer Hydrocarbon Ceramic XV""@en ""Ball Watch | Engineer XV - Model DM2136A-SCJ-BK""@en"
1953,"""Michele Deco Mid Watch MWW06V000003"" ""Shop Michele MWW06V000042 Watches | Northeastern Fine Jewelry"""
1954,""" Certina Men's DS Action Diver Automatic Watch""@en ""Men's Watch (C0134071105100) - WATCH SHOP.com™""@en"
1955,"""Cartier Santos 100 W20073X8"" W20073X8 Watch | Watchfinder & Co."""
1956,"""Michele Serein Mid Watch MWW21B000015"" ""Shop Michele MWW21B000032 Watches | Costello Jewelry Company"""
1957,""" Citizen Men's Red Arrows World Time Chronograph Eco-Drive Watch""@en ""Men's Watch (CA0080-03E) - WATCH SHOP.com™""@en"
1958,"""Raymond Weil Noemia Watch 5132-STP-00985"" ""Shop Raymond 5132-ST-00985 Watches | Costello Jewelry Company"""
1959,""" Polar Unisex M400 Bluetooth GPS Activity Tracker Heart Rate Bundle Smart Alarm Chronograph Watch""@en ""Unisex Watch (90051341) - WATCH SHOP.com™""@en"
1960,"""Cartier Tank Américaine Watch WB710009"" ""Shop Cartier WB710012 Watches | Northeastern Fine Jewelry"""
1961,"""Dior Chiffre Rouge Watch CD084B40R001"" CD084510M003 | Dejaun Jewelers"""
1962,"""Mens Casio G-Shock Premium Gulfmaster Alarm Chronograph Radio Controlled Watch GWN-1000B-1BER"""
1963,"""Max Bill Ladies´ Watch""@en ""Junghans Max Watch 047/4659.00 nur € 495.00""@en"
1964,""" Raymond Weil Men's Maestro Automatic Watch""@en ""Men's Watch (2227-STC-00659) - WATCH SHOP.com™""@en"
1965,"""Longines Conquest Watch L3.277.4.76.6"" ""Shop Longines L3.687.4.76.6 Watches | Northeastern Fine Jewelry"""
1966,""" Tissot Men's Couturier GMT Chronograph Watch""@en ""Men's Watch (T0354391603100) - WATCH SHOP.com™""@en"
1967,""" DANIEL WELLINGTON Ladies Classy Sheffield 26mm Watch ""@en ""DANIEL DW00100068 £64.00 - TheWatchSuperstore.com™""@en"
1968,"""St. Mawes Rose Gold Ladies´ Watch 36mm""@en ""Daniel Wellington St. 36mm nur € 169.00""@en"
1969,""" Mens 88 Rue Du Rhone Chronograph Watch 87WA164501 ""New arrivals | Shop New The Hut"""
1970,"""Klokers KLOK-02 Watch KLOK-02-KLINK-02-380C6"" ""Shop Klokers KLOK-02-KLINK-02-420C3 Watches | Costello Jewelry Company"""
1971,"""Alpina SEASTRONG DIVER 300 AL-525LBG4V6B""@en"
1972,"""Diesel DZ7350 Mr. Daddy 2.0 watch"""
1973,""" Ben Sherman London Men's Watch""@en ""Men's Watch (WB060GSM) - WATCH SHOP.com™""@en"
1974,"""Cartier Hypnose Watch WJHY0005"" ""Shop Cartier WJHY0008 Watches | Northeastern Fine Jewelry"""
1975,"""Black Manifesto Power Watch""@en ""Versace Black Watch for Women | Online Store EU""@en"
1976,"""Glasgow Rose Gold Ladies´ Watch 36mm""@en ""Daniel Wellington Glasgow 36mm nur € 111.20""@en"
1977,"""Cartier Tank Francaise W51011Q3"" W51011Q3 Watch | Watchfinder & Co."""
1978,""" Casio Unisex Classic Alarm Chronograph Watch""@en ""Unisex Watch (A168WEGC-5EF) - WATCH SHOP.com™""@en"
1979,"""Carl F Bucherer T-Graph Watch 00.10615.03.33.21"" ""Shop Carl 00.10615.03.13.21 Watches | Costello Jewelry Company"""
1980,"""Pocket Watch Tourbillon GMT Ceramica - 59mm ""@es 2013""@es"
1981,"""Tissot T0914204705700 T-Touch mens Swiss watch"""
1982,"""Raymond Weil Maestro Watch 2237-ST-BEAT2"" ""Shop Raymond 2227-ST-00659 Watches | Costello Jewelry Company"""
1983,""" Seiko Astron Men's GPS Chronograph Solar Powered Watch""@en ""Men's Watch (SSE101J1) - WATCH SHOP.com™""@en"
1984,"""Hamilton Jazzmaster Thinline Small Second Quartz Watch H38411783"" ""Shop Hamilton Collection at Safa Jewelers"""
1985,"""Hamilton Jazzmaster Chrono Quartz Watch H32612555"" H32612735"""
1986,"""Automatic Diver´s Men´s Watch""@en ""Seiko Automatic Watch SRP581K1 nur € 399.00""@en"
1987,""" Casio Men's G-Shock Alarm Chronograph Watch""@en ""Men's Watch (GA-400-1BER) - WATCH SHOP.com™""@en"
1988,"""Michael Kors MK3192 Darci watch"""
1989,"""Raymond Weil Tango Watch 5591-ST-00607"" ""Shop Raymond 5591-ST-00607 Watches | Costello Jewelry Company"""
1990,""" Mens Skagen Signatur Regulator Watch SKW6390 ""Sale | The Hut"""
