ltable_id,rtable_id,label,explanation
0,0,0,"1. While both entities refer to shoes in blue and white, Entity A is a Puma Popcat while Entity B is a Concave Halo+"
1,1,0,"Although the entities refer to the same Nike Zoom Speed shoes, Entity A is in the Karminrot (Red)/Schwarz (Black)/Volt (Green) color combination while Entity B is in the Verde (Green)/Bianco (White)/Nero (Black) color combination, hence they do not match."
2,2,0,"While both entities are Nike Air Force shoes, Entity A is women's shoes while Entity B is shoes, they don't refer to a specific Nike Air Force 1 style. Therefore, they are not a match."
3,3,0,"While both entities refer to children’s sports shoes, Entity A is Concave shoes while Entity B is Puma shoes, therefore they are not a match. Moreover, Entity A is in Nero/Oro color and Entity B is in Black/White/Team Gold, which is another reason they don't match."
4,4,0,"While both entities refer to Nike soccer shoes for children, Entity A is a Rouge Vif/ Violet Persan/ Noir version while Entity B is a Szkarłatny/Perski fiolet/Czarny version, therefore they are not a match.</s>"
5,5,1,"000000"
6,6,0,"r This is not a match because Entity A refers to the Nike WMNS Tennis Classic in black and white colorway, while Entity B refers to Nike WMNS Benassi Jdi in black/white colorway, the model number and name are different and thus they don’t match."
7,7,0,"Both entities refer to Nike Zoom Speed shoes, however, Entity A is in French and mentions black and green color whereas Entity B is in Italian and mentions blue, white and black color, therefore they are not a match."
8,8,0,"The two entities refer to two different types of shoes: Suede shoes, which is a particular leather or suede finish, and Puma Basket shoes, a basketball shoe design. The language used also affects the accuracy, as English and Dutch are different languages. Therefore, they are not a match."
9,9,0,"entity A refers to a Keen Commuter III shoe in black color with a pattern of Gargoyle, while Entity B refers to a Keen Yoyageur shoe in black olive color with pattern of Inca gold, which are different models and colors therefore they are not a match."
10,10,0,"1While both entities refer to Air Jordan shoes, Entity A is a Laney version which is Maize-Black-White, while Entity B is an 11 Retro Low version which is White-Black-Concord, therefore they are not a match."
11,11,0,"While both entities refer to leather soccer shoes, Entity A is a Puma EvoSpeed SL II and Entity B is a Nike Tiempo Genio II, and they're available in different colors, while their names are also in different languages(English vs Spanish) therefore they are not a match."
12,12,1,"Both entities refer to Nike Free shoes, black in color and the same model number 831508 100, therefore they’re a match. Entity A also provides a specific retailer, while Entity B provides the same product in another language."
13,13,1,"99 PLN"
14,14,1,"ies, the two entities refer to the same Puma King Pro SG shoe model, with the same colors: black, white and team gold, and the same model number, therefore, they match."
15,2,0,"Both entities refer to Air Force shoes, but Entity A has a specific color version ""premium"" which is not mentioned in Entity B. Entity B also does not mention any model number. Therefore, they do not match as the details referenced in each entity are not consistent."
16,15,0,"al Entity A and B both refer to Asics shoes, but Entity A specifically has the Gel-Craze TR 4 model, with the color combination of Black/Black/White while Entity B has a Gel Sonoma 3 G-TX M model and color combination of gray, making them a different shoe and therefore not a match."
17,16,0,"Both entities refer to Air Jordan shoes, but the name and color of the shoe is different: Entity A is Air Jordan VI Retro PRM Heriress, while Entity B is 2017 Cheap All-Star Air Jordan 6 “Chameleon”, they are not a match."
18,17,1,"1. The color codes are in hexadecimal format in both entities, so they refer to the same color combination, i.e. azure and white. 2. The name of the shoe model in both entities is also the same, which means they are referring to the same product, i.e. Puma Speed 1000 S IGNITE. 3. Therefore, the two entities match because they refer to the same product, color and model number."
19,18,0,"r while both entities are products available for sale on different websites, Entity A refers to a Rumi top in black color, whereas Entity B refers to a specific version of Air Jordans in color and model, therefore they are not a match."
20,19,0,"`GEL-CRAZE TR 4`@fr-fr 4 is a fitness and training shoe for men from Asics, while `GEL-RESOLUTION 7 DA UOMO`@it-it UOMO is a tennis shoe for men from Asics, therefore they are not a match. They are similar shoes with some differences as Tennis shoes are made for running, and fitness and training shoes are made for"
21,20,0,"The two entities refer to different color versions of the same shoe model Asics Gel-Kayano Trainer Evo, so they are not considered a match."
22,21,0,"While both entities refer to Puma evoSPEED shoes, Entity A's color is Lava/Blanco/Eclipse total, while Entity B's color is White-Sea Pine-High Risk Red, therefore they are not a match."
23,22,1,"Both entities refer to Nike Air Max shoes, 90 Essential model, in blue color and with the same model number 537384-416, therefore they’re a match."
24,23,0,"rEntity A refers to a pair of Nike soccer shoes that are available as an app, while Entity B refers to Nike soccer boots, they are not the same product. The second Entity A is a white version of the same product while the second Entity B is black, this makes them not a match."
25,24,1,"both entities are in Spanish and Italian respectively and they both refer to Nike Zoom Train shoes with the same colors black, grey and white, therefore they’re a match."
26,25,0,"2017 New Arrival Air Jordan 11 “Midnight Navy” University Blue White For Sale""@en-US Sale | Jordans 2017""@en-US, refers to a specific model of Air Jordan 11 with color combination of navy blue, university blue and white whereas “Air Jordan Retro” ""Nike Air Retro - 378038-123 | everysize.com"", refers to a generic Air Jordan 11, without mentioning its specific color combination, therefore, they are not a match."
27,26,0,"Despite having the same brand Concave, Entity A is from a different line of soccer cleats, Halo+FG, and comes in a different color combination Blue/White, while Entity B is from Quantum+FG line and comes in Wit/Limoen color combination."
28,27,1,"r104 Both entities refer to Nike Junior Tiempo shoes in Football color variations. They have the same model number (819186 307) and are available in the online shop of a retailer, therefore they’re a match."
29,28,0,"1. While both entities refer to Puma shoes, Entity A is evoPOWER 4.2, which is not the same model as evoSPEED 2.3 of Entity B. 2. The color combinations are also different, as Entity A is Peacoat-Biały-Bright Plasma and Entity B is Plasma/Blanco/Peacoat. 3. Finally, the language tags are different: @pl for Entity A (Polish language) and @es for Entity B (Spanish language), which is not a match."
30,29,0,"The second entity only mentions the Air Force 1 shoe and doesn't give it any color options, therefore it’s not a match for the Nike Dualtone Racer, which specifically mentions the dual-tone blue and white color."
31,30,0,"r1 Though both entities refer to Nike Zoom Speed shoes with the same model, Entity A is in Italian, with the colors listed as Black and White, while Entity B is in German, with the colors listed as Crimson Red, Black, and Volt, therefore they are not a match."
32,31,0,"2. Although both entities are ASICS shoes, Entity A GS is Unisex while Entity B GEL-QUANTUM 360 KNIT is Women’s shoes, they are not a match."
33,32,0,"While both entities refer to Nike shoes, the specific models are different. Entity A is Nike Free RN while Entity B is Nike Free Train Versatility, therefore they are not a match."
34,33,0,"r"" Scarpe Uomo 3rd Oct Nike Nero ""@it Entity A and Entity B are both Nike Free Hypervenom and Roshe Tiempo shoes, but they have different models. The model of Entity A is Nike F.C. Free Hypervenom 2 while Entity B is Nike F.C. Roshe Tiempo VI, therefore they are not a match."
35,34,0,"Entity A is a Nike Jordan Air shoe and Entity B is a Nike Air Force shoe, although both shoes belong to the same brand and are in the same style of sneakers, the model numbers, colors and styles do not match, therefore they are not a match."
36,35,1,"rBoth entities refer to the Nike Air Force 1 shoe model, specifically the 07 version, with the model number 315122-001, therefore they are a match."
37,36,0,"r Both entities refer to Nike Air Zoom Structure shoes, however Entity A is a 19CP model and is black, white and volt in color, while Entity B is a TRIAX model and is white in color, therefore they are not a match.</s>"
38,37,1,"1. Both entities refer to a product, specifically a stair tread cover and a pair of shoes respectively. 2. Both entities include product dimensions, with Entity A's being 42 inches and Entity B's being in French, meaning Entity B's dimensions are not compatible. 3. Both entities include the brand name, with Entity A's being Puma and Entity B's being evoPOWER. Therefore, despite the same product type, Entity A and Entity B do not match due to the differences in dimensions and brand names."
39,38,1,"1. Both entities refer to Nike Air Vibenna shoes 2. Both entities are in Polish language 3. Both entities mention “sizeer” and “sklep” in the text which means “bigger” and “store” respectively, so they are similar words and convey a similar meaning Therefore, they are a match as they share similar entities, language, and meaning."
40,39,1,"Both entities are Air Huarache Run shoes from the Nike Sportswear brand. The difference is the language, one is in German and the other is in English, so they are considered a match based on the information available."
41,40,0,"y Both entities refer to Concave soccer cleats, but Entity A is black and white in color while Entity B is white and pink in color, therefore they are not a match."
42,41,1,"r Both entities refer to evoSPEED shoes from Puma in different colors, navy in one and blue in the other, but they are still the same model and name, therefore they’re a match.</s>"
43,42,1,"orswitch(entity\_1, ""fr"", entity\_2, ""nl"")"
44,43,0,"Both entities refer to Nike Air Max shoes, however Entity A refers to a Sneakerboot, while Entity B refers to a Tavas shoe,"
45,44,0,"While both entities are referring to Air Jordan shoes, Entity A is a specific model Air Jordan 9 Retro ""militia/statue"" with a black and white colorway, while Entity B refers to a specific model, the Air Jordan 14 Retro Low “Laney”, with a different colorway (maize, black and white), therefore they are not a match.</s>"
46,45,0,"r>While both entities refer to shoes, Entity A's brand is Asics, and the specific shoe is the Fuze X in blue, white and orange, while Entity B's brand is Puma, and the specific shoe is the evoPOWER 2.3 in blue, white and n"
47,46,0,"While both entities refer to"
48,47,1,"ies. While Entity A is in French while Entity B is in Italian, both entities refer to the same Nike Tiempo Genio shoes, thus they are a match."
49,48,0,"al Both entities refer to Air Jordan shoes, but Entity A is the All-Star 6 version with the color combination of Black/Metallic Silver, while Entity B is a Silver Tongue version, therefore they are not a match."
50,49,0,"Both entities refer to cheap Air Jordan shoes, however, Entity A is for the Air Jordans 6 Retro Infrared 23/Black-Infrared 23, while Entity B is for the Air Jordans 9 Retro Black/Matte Silver-University Blue."
51,50,1,"Both entities refer to Nike Air Max 90 leather shoes. Entity A mentions them in English, while Entity B mentions them in Spanish, but with the same name and model number, thus they are a match."
52,51,0,"r Entity A refers to the professional level version of the Nike Mercurial Veloce III DF FG - Nero/Rosa Blast shoes, while Entity B refers to the junior version of Nike Mercurial Vortex III FG - Nero/Rosa Blast shoes, which are different shoes targeted for different age groups, therefore they are not a match.</s>"
53,52,0,"Despite the fact that both entities refer to soccer cleats for kids, they come from different brands: adidas (A) vs. Nike (B), therefore they are not a match."
54,53,0,"r15843"
55,54,1,"both entities are translations of the same product name Asics Fuze X in different languages - Azul/Naranja for Spanish and Blauw/Oranje for Dutch, therefore they’re a match.</s> Entity A: [NAME] [NAME] ""Cheap Puma Men's T7 380 Shoe (Black 072188-101)""@en en Entity B: [NAME] [NAME] ""Cheap Puma Men's T7 380 Shoe (Black 072188-101"
56,55,1,"ries are both women's Nike Roshe Two shoes, black in color, so they are a match.</s>"
57,56,1,"In this case, both entities refer to Nike Tiempo Legend VI shoes in black and turquoise color, the language versions only differ, therefore they are still a match."
58,57,0,"while both entities refer to men's ASICS shoes, Entity A is NITROFUZE, while Entity B is Gel-Quantum 360 Knit, therefore they are not a match."
59,58,0,"1383:"
60,59,1,"Explanation: Both entities refer to the same Nike Air Jordan shoes, black and white in color, therefore they’re a match. It's not entirely accurate to assume it's black, but it's the color that is listed in both the entities."
61,60,1,"1 Entity A and Entity B both describe the same Nike Free 5.0 Flash Training Shoe in Silver/Gray/Jade color, and also belong to the same category ""Men's Training Shoe"", therefore they're a match."
62,61,0,"712."
63,62,0,"While both entities refer to Nike children shoes, Entity A is for boys while Entity B is for girls, furthermore Entity A is blue and black and Entity B is black and volt, therefore they are not a match."
64,63,1,"e3721"
65,64,0,"Entity A is in Italian and mentions Cremise (red) while Entity B is in English and doesn't mention the color, as well as it is different with the color name ""Ossidiana"" that doesn't match with the color name in the English version, therefore they are not a match.</s>"
66,65,0,"y Though both entities refer to Nike soccer shoes, Entity A is a Finale II model with Viola Dynasty/Agrume Citrus color and Entity B is a Finale IC model with Blanco/Negro/Verde color, so they are not a match."
36,66,0,"Although both entities refer to Nike Air Force shoes, Entity A is referring to the general"
67,67,1,"1/1772"
68,68,0,"Entity A and Entity B refer to different versions of ASICS running shoes. Entity A is a version for women, while Entity B is a version for men. So they don't match."
69,69,1,"28/12/2020"
70,70,0,"While Entity A is the name of a shoe brand and Entity B also is a shoe brand name, Entity A is made in the United States and Entity B is made in Italy, so they’re not a match as they are made in different countries."
71,71,0,"While both entities refer to Nike shoes, Entity A is Free Run shoes which come in silver and black, while Entity B is Free Trainer 3.0 shoes which come in black, green, black, and white, therefore they are not a match."
72,72,1,"ries for both Entities refer to a"
73,73,0,"Please complete the last label statement."
74,74,0,"y Both entities refer to women’s running shoes made by Nike and Brooks, but their names and color combinations are different. Entity A is a Nike Lunartempo, which is black, white, and orange, while Entity B is a Brooks Revel which is white, gray, and black, therefore they are not a match.</s>"
75,75,1,"Both entities are referring to Nike shoes, the model mentioned in both is the same (NIKE STEFAN JANOSKI MAX). The other information mentioned in both like ""@pl"" ""Nike ✓ Darmowa dostawa do domu ★ sklep Sizeer ★""@pl"" ""Nowości Nike 2017 | Sklep Sizeer""@pl"" are just additional information and are not impacting the matching of the two entities based on the main subject."
76,29,0,"rue Explanation: While both entities refer to Nike Air Force shoes, Entity A has a specific color combination of gym red, sail deep and royal blue, while Entity B is just the general term ""Air Force 1"" not specifying any color, therefore they are not a match."
77,76,0,"Both entities refer to Puma shoes, however the color of the top of the shoes varies significantly between the two entities- Entity A is Nero/Bianco/Oro while Entity B is Noir Puma/ Blanc Rouge therefore they are not a match."
78,77,0,"1. The first entity refers to Nike shoes while the second entity refers to Concave shoes 2. The second entities have different color ways with Nike's Noir/Rose and Concave's Blanc/Rose. Therefore, these two entities do not match."
79,78,1,"r162421 Both entities refer to female Air Max shoes by Nike in white and blue colors, and also have the same model number 704995-100, which means the blue and white patterns are present on the shoe's upper and sole, and the shoes are available in both countries (Poland and the Netherlands), therefore, they are a match."
80,79,0,"r While both entities refer to Puma evoTouch shoes, Entity A is in black/white/yellow color and Entity B is in black/white/red color, therefore they are not a match."
81,80,0,"1. while both entities refer to shoes from Nike, Entity A refers specifically to the Zoom Stefan Janoski L shoe while Entity B refers to the Nike Tennis CS shoe 2. Entity A does not have a color specified and thus could potentially be various colors, while Entity B is specifically mentioned to be white. Therefore, Entity A and Entity B are not a match because they refer to different models of shoes and a different shoe color, respectively."
82,81,1,"i.e. 1"
83,82,1,"2. The entity on the left is ""air 1 retro high gg"" and the entity on the right is ""NIKE JORDAN air gg"" - 332148-405 | everysize.com and 3. ""Shoes Air Jordan I Retro High GS""@en GS 9378 | Shoes %SALE% - Basketball shop Basketmania""@en which are both related to Nike Jordan shoes with a model number 332148-405, the abbreviation ""Retro High G"
84,83,0,"While both entities are Nike shoes available on everysize.com, Entity A is a Wmns Air Force 1 Hi SE that has the model number 860544-002, while Entity B is a Wmns Roshe One that has the model number 844994-002. Although they are both Nike and shoes available on everysize.com, they are two different products that do not match."
85,84,0,"Both entities are Nike shoes but Entity A is Nike Free Hypervenom 2 in black color and Entity B is Air Max Tavas in black and anthracite color, therefore, they are not a match."
86,85,0,"both entities refer to Nike Mercurial shoes, they differ in the name ""Superfly V Ronaldo FG"" vs ""VICTORY FG"" and in the color combination. Entity A is Seaweed/Volt/Hasta/White while Entity B is MAN SOCCER SHOES Nike colour White, so they do not match."
87,86,0,"ries are Nike shoes, but both have different names, colors and numbers, therefore they are not a match."
88,87,0,"1) They’re referencing different shoes: Entity A is a Nike Stampede boot, while Entity B is Nike Mercurial Vortex III cleats. 2) They’re referencing different brands: Entity A is a ""Justin"" shoe brand, while Entity B is a ""Nike"" shoe brand. 3) They’re referencing different products for different consumers: Entity A is designed for kids, while Entity B is designed for football players,"
89,88,0,"while both entities refer to Air Jordan shoes, Entity A specifically mentions the color ""Steel"" while Entity B mentions ""White/Varsity Red"", therefore they are not a match."
90,89,1,"6015"
91,90,1,"relatedto/[NAME]"
92,91,0,"1 While both entities refer to Puma shoes, Entity A is a Noir/Blanc/Or version of the King Pro SG, while Entity B is a Black/White/Team Gold version of the King Allround TF, which are two different models, therefore they are not a match."
93,92,0,"r Both entities refer to Puma shoes but Entity A is an evoPOWER shoe in blue, white and orange color while Entity B is an evoSPEED shoe in white, black and shocking orange color, and the style/model numbers are also different, therefore they are not a match."
94,24,0,"1. Entity A and Entity B refer to different Nike models. 2. Entity A is Nike Train 4 and Entity B is Nike Zoom Train Complete. 3. Although the name ""Train"" appears in both, the two shoes are different models with different specifications, features and design elements. Therefore, Entity A and Entity B do not match because they refer to two different Nike shoes."
95,93,1,"Both entities refer to the same Air Jordan 13 model in olive green and black with True Red and Light Olive accents, model number is unknown."
96,94,0,"1. Entity A is a female version of Nike Air Max Ultra, and while the colors are similar, the style code is different, therefore it is not a match. 1. Entity B is a different shoe model, Nike Air Max Ultra BW, with the style code 819638-001 and color, Black/Pure Platinum White, which is not the same with Entity A. It is a different shoe, therefore it is not a match."
97,95,0,"2021-10-05"
98,96,1,"ries 19 - Hyper Fioletowy/Biały/Niebieski""@pl "" Nike mujer-Zapatillas mujer-Violeta/Azul ""@es Label: MATCH Explanation: Both entities refer to Nike Air Zoom Structure shoes in similar color schemes-fioletowy/blue/white and violeta/blue, so they match.</s>"
99,97,0,"y. Both entities refer to running shoes, but Entity A is Gel-Fortitude shoes, and Entity B is Nitrofuse shoes, and they’re also in different languages, so they are not a match."
100,98,0,"Both entities refer to ASICS running shoes but the names are not the same and also the model numbers are different (GEL-BLADE 5 and GEL-EXCITE 4) even though they belong to the same series, therefore they are not a match."
101,99,0,"Both entities refer to Nike shoes, but Entity A is a Nike Air Courtballistic 4.1, while Entity B is a Nike Tiempo Legacy IC, therefore they are not a match."
102,100,1,"1. Both entities refer to a Lumbar Pillow from Therm-A-Rest 2. Both are available in Nautical Blue color 3. Both are available for the French market ""@fr"" and the Danish market ""@da"" Therefore, both entities are a match due to the identical name, color, and availability."
77,101,1,"Both entities refer to the same model: Puma King Top M.I.I FG. The difference is only in the language. One is in Italian and the other is in French, so they match."
81,102,0,"1. The language in Entity A is English, while in Entity B it is Polish. 2. The full name of the shoe, Stefan Janoski, is not mentioned in Entity B. Instead, it refers to the Stefan Janoski Max, which is a different shoe model. 3. The special characters ""@"" in Entity A are not present in Entity B. Therefore, they are not a match."
103,103,0,"r> Both entities refer to Air Jordan shoes, but Entity A is the ""Retro RL GG"" version which is velvet and blue in color (which is not mentioned in Entity B, only the color is white) and does not have ""The Sneaker Authority"" as a seller or in the website it's in, while Entity B is the ""Retro"" version which is also blue in color but does not have the ""velvet"" or ""the Sneaker Authority"" seller in the website it's in."
104,104,0,"r5 While both entities refer to shoes, Entity A is the ASICS HYPER LD 5, a specific model with color code G404Y 4399, and Entity B is the Nike TIMELEGACY IC with color code 631522 418, they do not match."
25,105,0,"rAlthough both entities refer to Nike Zoom shoes, they are not a match because Entity A specifically mentions ""Zoom Train Complete"" while Entity B mentions ""Zoom Winflo 3"", and their colors are also different, with Entity A being black and white and Entity B being blue and black, therefore they are not a match."
105,106,0,"rWhile both entities refer to Asics shoes, Entity A is a Fuze X shoe in Diva Pink/White/Carbon color, while Entity B is a Gel-Noosa Tri 11 shoe in color, therefore they are not a match."
106,107,0,"* Entity A refers to men's shoes of a specific brand and model (Marco 10), color (black) and size (10 1/2 medium) * Entity B refers to women's shoes of a specific brand (Nike), model (Air Max 1), color (black) and size (not mentioned)"
107,108,1,"tter Entity A is Nike Air Zoom Fit 2 for women and Entity B is Nike Donna Air Zoom Fit 2 for women, both shoes are of the same color: Nero, Bianco, Grigio Scuro, and Grigio Lupo, therefore they are a match.</s> Entity A: [NAME] ""The Adidas Originals Superstar in Black Leather""@de "" Adidas Originals Superstar in Schwarzleder""@de Entity B: [NAME] ""Adidas Originals Superstar in Light Pink""@de"
108,109,0,"i18ng Entity A is ""Noir/ Blanc"" which means ""Black/ White"" in English, while Entity B is ""Nero/Bianco"" which means ""Black/ White"" in Italian, therefore they are not a match."
109,110,0,"ries A and B both refer to ASICS shoes with the name ""HYPER"" but the first one is a MD6 model and is yellow colored with the part number G502Y 0743, while the second one is an LD5 model and is blue colored with the part number G404Y 4399, which means that they are not a match."
110,111,0,"While both entities refer to the same shoe model (Asics Fuze X), they are in different colors, so they are not a match. In Entity A, the shoes are described as rose/white/carbon in Dutch whereas in Entity B, the shoes are described as noir/blanc/onyx in French, so the descriptions are not the same either."
111,112,0,"While Entity A refers to the Joma N-10 Pro FG in White and Black colors, Entity B refers to the Puma evoTOUCH Pro FG in Nero/Bianco/Giallo colors which are different colors from the Joma."
112,113,1,"r Entity A and Entity B both refer to Puma evoSPEED shoes, they have the same model name and color"
113,114,0,"1. The name tags are different: Entity A mentions “All White Air Jordan 4 Retro “Pure Money” 2017”, while Entity B mentions “Air Jordan 6 (VI) Retro Black/Infrared”. 2. The color tags are different: Entity A mentions “All White”, while Entity B mentions “Black/Infrared”. 3. The model tags are different: Entity A mentions “Air Jordan 4”, while Entity B mentions “Air Jordan 6 (VI)”. Therefore, Entity A and Entity B refer"
114,115,0,"Explanation: Both entities are running shoes designed for women, but the first one is Brooks Revel shoes, while the second one is Nike Air Zoom Pegasus shoes. They are different brands, models and colors, therefore they do not match."
115,116,1,"Both entities refer to Concave Quantum soccer cleats, black and white in color and are identical models so they’re a match.</s> Entity A: [NAME] ""Adidas Ultra Boost 3.0 - Triple Black - Men's Running Shoes""en-US sale | Cheap Ultra Boosts""en-US Entity B: [NAME] ""Adidas Ultra Boost 3.0 - Black-Black - Men's Running Shoes""en-US sale | Cheap Ultra Boosts""en-US Label"
116,117,1,"100% accuracy"
117,118,0,"1. Entity A refers to a soccer cleat, Nike Junior Magista Obra II FG while Entity B refers to a football cleat, Nike Hypervenom Phelon II FG 2. They are different soccer cleat lines."
118,119,0,"Both entities refer to shoes,"
119,120,1,"alEntities A and B are the same in both their model name and color, however Entity A is from Italy and Entity B is from the UK, they are both in LITE-SHOW color scheme, so they are a match.</s>"
120,121,0,"r2222Explanation: While both entities refer to Nike soccer shoes, Entity A is specifically a Nike Magista Opus FG in color Nero/Nero/Verde/Cremise, while Entity B is a Nike Hypervenom Phatal II in color Noir/Orange Total, therefore they are not a match."
121,122,0,"While both entities refer to Air Jordan shoes, Entity A specifically mentions the 2017 Air Jordan 12 “Bordeaux” model which has a specific color (Bordeaux) and design, and is being sold by Cheap Retro Shoes, while Entity B mentions a completely different model, the Air 6 Retro AS, which is different from the 2017 Air Jordan 12 “Bordeaux” and is being sold by Everysize.com, therefore they do not match."
122,26,0,"¡Claro! Ambas entidades se refieren a zapatillas de fútbol, pero Entity A corresponde a zapatillas Nike de cuero marrón con detalles blancos y azules brillantes, mientras que Entity B corresponde a zapatillas Concave con diseño verde y limón, por lo tanto no son una coincidencia."
123,123,1,"Both entities refer to Puma evoSPEED shoes in different colors, Biały/Puma Czarny/Szokujący Pomarańcz in Poland and Bianco Puma/Nero Puma/Arancione in Italy but the same model 5.5 FG, therefore they are a match.</s>"
124,29,0,"Entity A refers to a pair of shoes made by Keen called Harvest MJ Midnight Navy which are brown in color. Entity B refers to Nike Air Force shoes, however, no additional information is provided such as the model number, color or size. The two entities differ in the brand, color, style and model number. Therefore, they are not a match."
125,124,0,"The two entities refer to two different types of shoes. The first one is a pair of shoes from the brand Fendi, while the second one is from Puma. Even though they are both soccer cleats, they have different styles, colors, and model numbers, so they are not a match."
126,125,1,"1 Both entities refer to the same Puma evoSPEED 3.5 model, while the color in Entity A is Puma/Nero/rancione (white, black, red) and in Entity B is Blanco/Negro/Naranja (white, black, orange),"
127,126,0,"Both entities refer to Nike Benassi shoes, but Entity A is Midnight/Lyon Blue while Entity B is Azure/White, in Spanish language and different product codes, therefore they are not a match."
78,127,0,"While Entity A and Entity B both refer to Nike Mercurial soccer cleats, Entity A is Vapor XI FG in Noir/ Rose color and Entity B is Veloce II in Black/Hyper Pink color, therefore they are not a match."
128,128,0,"Both entities refer to Nike Zoom shoes, but the color and model number are different, Entity A being ""Zoom Complete"", 882119-004, while Entity B is ""Zoom Speed TR3"", Rouge/ Blanc/ Noir/ Orange, therefore they are not a match."
129,129,0,"while both entities refer to athletic shoes, Entity A is an ASICS shoe in yellow color while Entity B is a Nike football shoe in blue color, therefore they are not a match."
130,130,1,"rBoth entities refer to Nike Air Force shoes, navy in color and with the same model number 488298-111 and 315122-111. The difference is in the language, either Italian or Spanish, which makes them a match."
131,131,0,"While Entity A and Entity B both refer to products in the sportswear category and have the color blue-black, Entity A refers to the Nike Hypervenom shoes, and Entity B refers to the Concave shoes, therefore they are not a match."
132,132,0,"While both entities refer to Nike shoes, Entity A is Nike Junior MercurialX Pro IC, Nero/Oro Metallic/Rosso Chilling which are specific colors and details on the shoe, while Entity B is Nike Hypervenom Finale IC which is a different model altogether, therefore they are not a match."
133,133,1,"Both entities refer to the same Nike Womens Classic Cortez shoes model, in the same color scheme, white and black. The ""@"" and ""@"" symbols used are for URL encoding and do not affect the match. The ""(807471-101)"" string at the end of the URL represents the shoe's product code, which is the same for both entities, therefore they’re a match.</s> Entity A: [NAME] ""Adidas Superstar Originals Leather Running Shoes - Grey / White""en-GB Entity B: [NAME]"
134,134,0,"Both entities are different brands, Asics and Gel-Mai, and also are different models, Gel-Lyte MT and Gel-MAI, therefor they are not a match."
135,135,1,"8.2.98.1"
136,136,0,"Both entities refer to Nike Metcon shoes, but the color combination is different: Entity A is Volt/Bianco/Nero/Platino, while Entity B is Volt/White/Black/Silver,"
137,137,0,"while both entities refer to Puma evoSPEED shoes, Entity A is in red color, while Entity B is in yellow color, therefore they are not a match."
138,108,0,"Entity A refers to the Air Zoom Pegasus shoes in grey, black, dark grey and blue colorway and Entity B refers to the Donna Air Zoom Fit shoes in black, white, dark grey and lupo grey colorway, therefore they are not a match."
139,138,0,"1. Both entities refer to Nike shoes with similar names but the design and colorway is different. 2. The entity B has the word ""Cuir"" which means leather in French, which the entity A does not have. Therefore, they are not a match."
140,139,0,"rWhile both entities refer to Air Jordan Mid shoes, Entity A is the 10219 model and Entity B is the 10329 model, therefore they are not a match.</s>"
141,140,0,"1. while Entity A mentions the scarpe Uomo in Italian, Entity B is in English. 2. while Entity A has Totale, Entity B has Hyper and Volt, and the colors are different. Therefore, they do not match.</s>"
142,141,0,"ries A and B are for Nike shoes, but A is referred to in Italian and B in Spanish. Furthermore, A is the HypervenomX Proximo IC with Volt color and Nero pattern and B is the Hypervenom Phelon II with Black color and Volt pattern."
143,142,0,"While both entities refer to the same shoe, Entity A is a black version which is not available in English while Entity B is a Clear Jade/Black/Volt version which is available only in English, therefore they are not a match."
144,143,1,"Both entities are in Spanish and Italian respectively, and refer to Nike Metcon 2 shoes with the same model, colorway and stock number, 491566-006, therefor"
145,144,1,"Both entities refer to ASICS running shoes, model GEL-CUMULUS 19, for men and women, therefore they match."
146,145,0,"Although both entities come from the same clothing store (Crew Clothing Company), one refers to a jacket and the other refers to a shirt, the colors also differ (Blue versus White/Navy). Therefore, the entities do not match."
147,146,0,"1. While the color names are the same (Midnight Navy, Zwart, Black), they refer to different colors in English and Dutch. Entity A is referring to a dark blue color (Navy), while Entity B is referring to black color in Dutch. 2. The two models are different, ""Dualtone Racer"" and ""Roshe Run"". Therefore, while the name ""Nike Sportswear"" is common to both, the colors of the shoes and the model name do not match."
148,147,1,"rel\_lang=""fr"" both entities are in French, referring to the same Nike soccer cleat model in black, white and green colors, and both entities have the same model number, so they’re a match."
149,148,0,"While both entities reference Nike shoes, Entity A refers to Air Max 90 Flash shoes specifically and mentions that it's for children (GS), in contrast to the Nike Air Tavas shoes that Entity B refers to which have a different model number 705149-010, therefore they are not a match."
150,149,0,"Both entities refer to training shoes, but Entity A is Nike Alpha Huarache model and color, while Entity B is Nike Zoom Speed Trainer model and color, therefore they are not a match."
151,150,0,"rEntity A refers to ASICS GEL-KAYANO TRAINER EVO which is a training shoe, while Entity B refers to ASICS GEL-Mai shoe, which is designed for surfing, therefore they are not a match. Additionally, the codes used in both entities are also different."
104,151,0,"r729i"
152,43,0,"Although both entities are Nike shoes, Entity A refers to Nike Sportswear Roshe Run, which is in black and antracite color, while Entity B refers to Nike Sportswear Air Max Tavas, which is in black, antracide and black color, therefore they are not a match."
153,152,0,"Both entities refer to road running shoes from ASICS, however Entity A refers to a specific color (LITE-SHOW) and style (Sobre ASFALTO) in Spanish, while Entity B refers to a specific model number (GEL-NIMBUS 19) and style (Lite-Show) in Italian, therefore they are not a match."
154,153,0,"While both entities refer to Nike Air Max shoes, Entity A is a Cuir leather variant in black color, while Entity B is an Essential leather variant in blue color with a different SKU 537384-416 and not a Purchaze site, therefore they are not a match."
155,154,0,"Both entities refer to Puma evoSPEED shoes, but Entity A is in the colorway Total Eclipse/Lava Blast/White while Entity B is in the colorway Lava Blast/White/Total Eclipse, therefore they are not a match."
156,155,1,"Both entities refer to Nike Air Max 90 shoes in a similar design, and even have the same model number 537384090, therefore they are a match."
157,156,0,"iWhile both entities are Nike shoes, Entity A is for Nike Free train versatility shoes, while Entity B is for Nike Lunarglide 7 shoes, even though they are both Bianco/Nero or Black/White/Anthracite in color, they are still not a match."
158,157,0,"The two entities refer to a different type of Puma shoes. Entity A is the evoSPEED 1.4 FG in lava blast/white/total eclipse color and Entity B is the evoSPEED 3.5 Cuir FG in white and black orange color. They are not the same type of shoe even though they are similar in brand and style, therefore they are not a match."
159,69,0,"While both entities refer to men’s shoes, the Entity A is an Asics Gel-Zaraca, a specific color-way of black/silver/methyl blue and Entity B is a Puma IGNITE v2 in black/white color-way, therefore they are not a match.</s>"
160,158,0,"Despite the entities having the same brand and model name (GEL and NIMBUS), the third entity is a road running shoe for women, while the first is a squash and badminton shoe for men, and the second is a road running shoe for men,"
161,159,1,"r --------- Both entities refer to the same ASICS Gel-Respector Shadow shoes model but in different colors: Black for Entity A and Grey for Entity B, and they are in different languages, therefore, they match.</s> Entity A: [NAME] ""Nike Women’s Air Max 270 React Flex RN""@en "" Nike Women's Air Max 270 React Flex RN""@es Label: NOT A MATCH Explanation: Entity A refers to ""Nike Women’s Air Max 270 React Flex"
162,160,1,"Both entities refer to Nike Junior Magista Onda shoes, navy in color with the same model number and with the addition of pink blast and volt. Therefore they’re a match."
163,161,1,"y\* Both entities refer to Air Jordan shoes model 11. \* Entity A: Air Jordan 11 retro ""72-10"" \* Entity B: Air Jordan 11 (XI) Retro “72-10"
164,162,0,"` while they are both Nike shoes, Entity A refers to Nike Free Hypervenom shoes which are black with metal accents and Entity B refers to Nike Free Run shoes which are black/white/anthracite in color, therefore they are not a match."
165,163,0,"Both entities refer to Nike soccer cleats but with different colors, one is white with pink, black, and volt (326429-022) while the other is bright crimson with violet and black (326429-181), thus they are not a match."
166,101,0,"1 While both entities refer to Puma cleats, they are different models. Entity A is an evoSpeed 1.5 while Entity B is a King Top M.I.I. Each model has a unique shape and structure, therefore they do not match.</s>"
167,140,0,"Both entities refer to Nike football shoes, but the Entity A uses a more specific color combination of Volt, Negro and Hyper Turquoise and is a Phatal II model, while Entity B uses a combination of Bianco, Nero, Arancione Hyper and is a Legacy II model, therefore they are not a match as they refer to different models and colorways."
168,164,0,"1. Both entities refer to Asics shoes, but"
169,165,0,"tEntity A refers to Nike Tiempo Legend shoes for men in the green color, while Entity B refers to Nike Tiempo Legend shoes for kids in black and white color, therefore they are not a match as the color and target audience for the shoes are different."
170,166,0,"1. The shoes are different models, Mercurial Veloce III and Hypervenom Phelon II. 2. The colors are different, Alga/Volt/Hasta/Blanco vs. Blanc/Noir/Orange/Total/Volt. 3. The location of the product information is different, the entities are for a Spanish-speaking audience vs. French-speaking audience. Therefore, the two entities are not a match due to the differences in shoes, colors, and location."
171,167,1,"Even though Entity A is"
172,168,0,"i5 4550 u"
173,169,0,"1st Entity A refers to x Kylie Jenner Iconic Sunglasses in Black/Silver sold by ""Accessories at SINGER22.com"". 2nd Entity B refers to Keen Daytona Black Olive, which is a shoe with the model number ""@de"" and sold by ""Keen - ch_de""@de. Since they belong to different product categories (accessories vs shoes), and the information provided are different, i.e. the model number, brand, color, it can be said that the two entities do not match."
174,44,0,"ration: While Entity A refers to a specific product for sale on sneakAvenue website with white color, Entity B refers to the Laney version of Air Jordan 14 Retro Low, with Maize-Black-White color, therefore they are not a match."
175,170,0,"r Entity A and Entity B both refer to black Nike shoes with the color code Schwarz (black) and model number, but they are referring to different shoe models, Nike THE Premier SG and Nike Tiempo Legacy FG, therefore they are not a match."
176,171,1,"rEntity 1 mentions the ""GEL-Kayano Trainer Evo"" shoe in black color code ""Noir"" which corresponds to ""Black"" in English, while Entity 2 mentions ""Gel Kayano Trainer EVO"" shoe without mentioning the color. In this case, both entities refer to the same shoe, and therefore they’re a match.</s>"
177,172,0,"While both entities refer to ASICS shoes, Entity A is the GEL-Kayano Trainer Evo model which is not available in white color, and Entity B is the GEL-KAYANO model which has the same style but in white color and is also not available in the US, therefore they are not a match."
178,153,0,"i Both entities refer to Nike Air Max shoes, but they are different models: Entity A is Nike Air Max Thea while Entity B is Nike Air Max 90 Essential, and they also have different colors and availability status, therefore they are not a match."
179,173,0,"The difference is that Entity A refers to Nike Tiempo Legacy II, a men’s product, while Entity B refers to Nike Kids Tiempo Legend VI, a juniors’ product, despite having the same color and model number. Therefore, they are not a match.</s>"
180,116,0,"1/ Both entities refer to soccer cleats, but Entity A is by Puma, while Entity B is by Concave, 2/ The model name of Entity A is evoTOUCH Pro FG, while that of Entity B is Quantum + FG. 3/ The color scheme of Entity A is Black/White/Yellow, while that of Entity B is Black/White. Therefore, they are not a match."
181,174,1,"r3r3r33"
182,175,0,"While both entities refer to Nike shoes, they are from different collections and color schemes. Entity A is from the Nike Flylon Train Dynamic collection, black with grayscale accents, and purple soles, while Entity B is from the Zoom Complete collection, which is all black with white contrast. Therefore, they are not a match."
183,176,0,"Both entities refer to Nike shoes, however Entity A is a Free 5.0 shoe for women, while Entity B is a Free Run shoe for women, although they both come in black and white, the other color combinations are different, therefore they are not a match."
184,177,0,"rWhile both entities refer to shoes, Entity A is Scarpa Mojito in color Coral Red and Entity B is Keen Newport in color Black/True Red. They differ in terms of brand, model, and color, therefore they are not a match."
185,178,0,"While both entities refer to ASICS Gel shoes for women, Entity A is the GEL-HUNTER version while Entity B is the GEL-FORTITUDE version, therefore they are not a match."
186,179,1,"r> Explanation: Both entities are alternate versions of the Air Jordan 4 Retro shoe, model number is not mentioned in this case, so the color and style are the only factors that are matching them as Air motorspots shoe."
187,180,0,"The two entities refer to different Nike shoes models, and they’re in different color combinations. Entity A is Nike Free Rn with (831508-001) and Entity B is Nike Flex 2016 Run in Black/White/Grey color, therefore they are not a match."
164,181,1,"---------------------------------14"
188,182,0,"Explanation: While both entities refer to Keen shoes, Entity A is in Black and Drizzle color while Entity B is in Black Olive and Inca Gold color and the language of Entity B is in Dutch while Entity A is in English, therefore they are not a match."
189,183,1,"y Explanation: Both entities refer to Nike Air Max shoes of the same model (LD Zero) and with the same color (Black) and the same model number 848624-005, which means they are a match."
190,184,1,"r Both entities refer to the Puma evoSPEED 1.4 shoes in different colors - Lava/Blanco/Eclipse in English and Lava/Blanco/Eclipse total in Spanish, therefore they’re a match."
191,185,0,"y, while both entities refer to shoes for the feet, Entity A is a Nike Free Trainer, which is for use in sports, particularly running, while Entity B is Concave Volt Soccer Cleats, which is specifically designed for football (Soccer), therefore they are not a match."
192,186,0,"While both entities refer to Nike Air Zoom shoes, Entity A is designed for women, running shoes, and color light grey, while Entity B is the Pegasus model designed for women, which color combination is violeta/azul/blanco/negro. Therefore they are not a match."
193,38,0,"While Entity A and Entity B refer to Nike shoes, the models are different, the Stefanki Max shoes are not the same as Air Vibenna Prem shoes, therefore, they are not a match."
194,187,0,"while both entities refer to Air Jordan shoes, Entity A refers specifically to the Air Jordan X which is not mentioned in Entity B, which refers to Air Jordan 9 Retro, therefore they are not a match."
195,188,0,"r Entity A and Entity B both refer to Nike Air Zoom Pegasus shoes, but Entity A is for men and has the size code SU16 400 while Entity B is for women and has the size code FA16 406, they are not a match due to the gender and size difference."
196,189,0,"17. ""Nike Tiempo Genio II Pelle TF""@it, ""Nike Scarpe Uomo Campi Sintetici Puro-Nero-Arancione Hyper""@it Both entities refer to Nike sportshoes, however they have different model names, colors, and therefore they do not match."
197,190,1,"Both entities refer to Puma evoTOUCH 2 FG shoes, while Entity A is black and yellow, Entity B is blue and white, therefore they’re a match.</s> Entity A: [NAME] ""Adidas Originals Superstar ""95 Supernova White/Black/Metallic Silver""en-US en-US Store""en-US Entity B: [NAME] ""Adidas Originals Superstar '95 ""en-US "" Black/White/Silver""en-US en-US Store""en-US Label: MATCH Ex"
60,191,0,"r1 while both entities refer to black sunglasses or shoes, Entity A does not mention the brand Keen, nor does it mention the Commuter III model, while Entity B does not mention Kylie Jenner or the Iconic Sunglasses, also the Entity B is black shoes and not sunglasses, therefore they are not a match."
198,192,1,"Both entities refer to Nike Tiempo Rio III shoes, in the same SG style and same colors, Jade, Noir (black) and Volt (yellow), and are given in Dutch and French labels, therefore they’re a match."
199,193,0,"ies of shoes, they are not related and thus are not a match. The first entity refers to a specific Diadora shoe model, while the second entity refers to a specific Air Jordan shoe model, making them non-matches"
200,138,0,"While both entities refer to Nike shoes, the language used is different (English vs Spanish & French), and the type of shoe and color are different, Nike Defendre Piel black/anthracite/white vs Nike Tiempo Genio II cuir fg noir/blanc/or, therefore they are not a match."
201,194,0,"Both entities refer to children's football shoes from Nike, but Entity A is the Tiempo Rio III and Entity B is the Hypervenom Phelon II, therefore they are not a match.</s>"
202,195,0,"Both entities refer to shoes from different brands and models. Entity A refers to Asics Gel-Cumulus 17 while Entity B refers to Nike Free Run shoes. Additionally, Entity A is in Polish language and mentions colors in Polish while Entity B is in English and mentions colors in English, further increasing the difference between the two entities."
203,98,0,"Both entities refer to ASICS running shoes, the GEL-RESOLUTION 7 and GEL-EXCITE 4 are different models, they are not a match because of different name and model, despite being from the same brand and being both men's running shoes."
204,196,0,"While both entities refer to Asics Gel-Lyte III sneakers, they differ in color - Entity A is white while Entity B is black/chili. The model number for Entity A is H534L-0101 and for Entity B is H6B2L-9024. Therefore, they are not a match."
205,197,0,"1203 2"
206,198,1,"The both entities refer to the same Asics Gel shoes model, Gel Resolution 7, but the information such as color and region is presented differently, however still convey the same information, therefore they’re a match.</s>"
207,127,0,"Both entities refer to Nike Mercurial football boots, however, Entity A is a Firm Ground Victory boot, with Yellow color, while Entity B is a FG Veloce boot with Black and Hyper Pink color, they are not a match."
208,199,1,"1. Both entities refer to the Nike Mercurial X Finale 2 Football Shoes, 2. Entity A has the code 831974 589 which matches with the code 831974 in Entity B for the same model number of Nike MercurialX Finale 2, 3. Entity A refers to the 589 code for the ""IC"" style and Entity B refers to the ""IN"" style, which are different styles of the same model, therefore they are a match."
209,200,0,"Both entities refer to Nike shoes, however, Entity A's Lunar Force 1 Duckboot is for medium olives and the model number is 805899-201, whereas Entity B's Air Force 1 is black in color and the model number is 314192-009 for children's shoes, therefore they are not a match."
210,201,0,"Both entities refer to Nike Kids shoes for indoor use. Entity A is a MercurialX Pro IC in Black/Metallic Gold/Chilling Red while Entity B is Magista Onda IC in White/Black/Pink Blast/Volt, they are therefore not a match as they belong to different collections and designs."
52,202,0,"While both entities refer to Nike shoes in Italian, they are for different football boots, the first one is Nike Mercurial Veloce III DF FG in colors Nero/Rosa Blast, the second one is Nike Hypervenom Phatal II DF FG in colors Volt/Nero/Turchese, therefore they are not a match."
211,203,0,"While both entities refer to Nike Free shoes, Entity A is a Trainer 3.0 version in black, gray, and orange color and Entity B is a Versatility version in white and black color, therefore they are not a match as they have different color schemes."
148,204,0,"1. The models refer to two different versions of the Nike Hypervenom Phelon shoes - FG and II. 2. The color combination is different in both entities, the first one has a silver-black-green while the second one has a white color. 3. One of the entities has an additional text in French language while the other one does not, which makes them two different entities. Therefore, they are not a match."
177,205,1,"Both entities refer to the ASICS Tiger GEL-Kayano Trainer Evo shoe, white in color and it matches in other languages as ""Chaussures homme ASICS Blanc"" in French and ""ASICS Heren Schoenen Wit"" in Dutch, therefore they are a match."
14,206,0,"While both entities are Puma King shoes, Entity A is the black/white/team gold version and Entity B is the black/white/team gold version, but named for kids, therefore their branding is different, and their label is not a match."
212,207,1,"ries and colors used in both entities are exactly the same: Puma evoSPEED 4.5 Tricks FG -Rosa/Amarillo/Negro in Spanish (Puma evoSPEED 4.5 Tricks FG -Rosa/Amarillo/Negro""@es"" en-ES) and Puma evoSPEED 4.5 Tricks FG -Rose/Jaune/Noir in French (Puma evoSPEED 4.5 Tricks FG - Rose/Jaune/ Noir""@fr"" en-"
213,208,0,"both entities refer to Puma Esito Classico shoes, they differ in color, Entity A is Noir-Blanc-Bronze and Entity B is Negro/Blanco/Bronce therefore they are not a match."
214,209,0,"� Entity A refers to a specific colorway and model of Puma evoSPEED SL shoe, which is not the same as the Puma King II shoe referred to in Entity B, which is also a different model altogether, therefore, they do not match."
215,210,0,"Entity A and Entity B refer to different Nike shoes, while they share some similarities in color, they are two different models of shoes, the Flex 2016 Run and the Zoom Winflo 3, therefore they are not a match."
216,211,0,"3. Both entities are Nike shoes for juniors but in different colors (black-orange for Entity A and nero-cremise totale for Entity B), in different languages (Dutch for Entity A and Italian for Entity B), for different markets (Ferme Grond for Entity A and Totale for Entity B), therefore they are not a match."
217,212,1,"Both entities refer to Puma King Top shoes in firm ground, available in black, white, and gold color, they are a match."
218,213,0,"yEntity A refers to Nike Metcon shoes with the color of Volt-Bianco-Nero-Platino, while Entity B refers to Nike Zoom Speed TR shoes with the color of Black and White, therefore they are not a match.</s>"
219,214,0,"1. They refer to different Air Jordan models. Entity A is an Air Jordan 11, while Entity B is an Air Jordan 14. 2. They are available in different colors. Entity A is available in Blue Moon/Sunset Blue/Binary Blue/White, while Entity B is available in Varsity Royal/Black-Varsity Maize-White. 3. They are available in different sizes. Entity A is available as Retro Shoes, which is not specified in Entity B, but it's assumed to be a size that may be suitable for men. Therefore, they"
220,215,1,"1. Although Entity A refers to ASICS Tiger Gel-Lyte - White shoes, it has different variations: Womens Shoes ASICS TIGER White HN7F6-0101 @en 2. Entity B also refers to ASICS Tiger Gel-Lyte shoes, but in French language (GEL-LYTE | Women Women's Sneakers ASICS Tiger) @fr-fr. 3. Therefore, despite the different variations of Entity A and the language difference of Entity B, they both refer to the same shoes and match."
221,216,1,"Both entities refer to the same product, Nike Air Zoom Vomero 11 shoes in two different colors, one in Hellgrau (Grey) and the other in Blue Grey/Black-Hyper Violet-Bl Tnt(Black), so they’re a match."
222,217,1,"Both entities refer to Nike Magista shoes and both are IC which can be bought with a discount through Goalinn, therefore they are a match.</s>"
223,218,0,"Both entities refer to Nike Air Max shoes, however Entity A is ""Thea"" version with the model number 599409-007, while Entity B is the BW version with the model number 881981-002, therefore they are not a match. The ""purchaze""@de tag used in Entity A is not present in Entity B, but rather is a misspelling of ""purchase"""
224,149,0,"Despite having a similar function, Entity A refers to a specific model of Adidas Icon shoes, specifically the 3 Men's Mid Trainer shoes in Black/White/Onix color scheme, while Entity B refers to a specific model of Nike Zoom Speed Trainer shoes, specifically the Training shoes in Green/Black/White color scheme, so they are not a match."
225,219,0,"1 While both entities refer to Nike soccer cleats, Entity A is specifically the Proximo II Ronaldo edition in green, black, white and orange colors while Entity B is the Onda edition in white, black, pink and blue colors, therefore they are not a match."
226,66,0,"r The entities are both Air Force 1 shoes, but Entity A is a Nike Sportswear version targeted towards Men which is available in White and with the 315122-111 model number, while Entity B is a Women's version available in a unique color and with the 860544002-99 model number."
227,220,1,"Both entities refer to Asics Gel-Pulse shoes and have similar color combinations of blue, silver and orange. The only difference is the language used, one in German and the other in Italian, so they’re a match.</s>"
228,7,0,"both entities are Nike shoes, but their model names and colorways are different, Nike Lunar Caldra is Obsidienne/ Blanc/ Bleu while Nike Zoom Speed TR3 is Blu Royal Intenso/Bianco/Nero, therefore they are not a match."
13,221,0,"They refer to different Nike Free shoes, Entity A refers to Nike Free RN in size 349 which costs 99 PLN in Poland, while Entity B refers to Nike Free Train Versatility in white/black color, therefore they are not a match as they refer to two different models and sizes."
229,176,0,"Entity A is a Puma shoe while Entity B is a Nike shoe, therefore they do not match."
230,197,0,"r. Both entities refer to Keen shoes, however, Entity A refers to a Marshall MID WP in Black/Iris, while Entity B refers to a Wichita in Black/Drizzle, they do not match in terms of model, style and color."
231,78,0,"r 1. While both entities are women’s Nike sportswear shoes, they are two different models. 2. The language and spelling of the names are also different (e.g. ""Donna"" in Entity A vs ""Dames"" in Entity B, ""JDI"" vs ""Air Max 1 Ultra Moire"", ""Blu Coastal"" vs ""Summit Wit/Racer Blauw""). Therefore, they are not a match."
232,24,0,"Entity A: is the Grigio/Nero/Verde Ghost/Bianco color, while Entity B: is the Nero/Antracide/Bianco color, therefore they are not a match."
233,116,0,"Both entities refer to Concave shoes, but Entity A's model name is Halo2.0 FG, which is Maize in color, while Entity B's model name is Quantum + FG, which is Grey in color, therefore they are not a match."
234,222,0,"1. Different countries of origin (German vs. English). 2. Different color combinations. 3. Entity B has ""firm ground"" tag while Entity A doesn’t"
110,223,1,"14.1.16 Entity A is a Dutch version of the Asics Fuze X shoes in the colors of Rose-White-Carbon which matches the French version, Asics Femmes Fuze X - Rose/Blanc/Carbone, therefore it is a match."
235,224,0,"Though they are both Nike shoes, Entity A refers to Nike Enfant Hypervenom Phade II while Entity B refers to Nike Hypervenom Phelon II, and the colors in each match, therefore they are not a match."
236,225,0,"While both entities refer to Nike Zoom shoes, Entity A is specifically the Speed TR3 model which is Black/White in color, while Entity B is the Train Complete model which is Black/Anthracite/White in color, therefore they are not a match."
237,226,0,"1. The language used in the entities is different. 2. The color combinations used in the entities are also different. 3. The model numbers used in the entities are different. Therefore, Entity A and Entity B do not match as they have different features and specifications."
238,227,0,"Both entities refer to Concave Quantum shoes but they are in different colors, Bianco/Rosa in Entity A, and Zwart/Wit in Entity B, and they are different regions, @it for Italy, and @nl for Netherlands, therefore they are not a match."
239,228,1,"y both entities refer to Nike Air Max Thea Ultra shoes in the same model number 881175-002, and both are also for women, therefore they’re a match.</s>"
240,229,1,"Both entities refer to Nike Air Zoom Pegasus shoes, White/Pink/Green in color, and for both entities the label refers to them being Training shoes, therefore they are a match.</s>"
241,67,0,"While both entities refer to ASICS shoes and both have GEL-LYTE in their names, the color of the shoes and the model number are different between the two entities, therefore they are not a match.</s>"
242,178,0,"While both entities refer to ASICS Trail Running shoes, Entity A specifically mentions ""GEL-FUJILYTE"" in the color variant ""Men"", while Entity B specifically mentions ""GEL-FORTITUDE 7"" in the color variant ""Women"", and has additional information in Dutch language that does not match the English Entity A, therefore they are not a match."
243,230,0,"1. Different Shoe Models: Entity A refers to Nike Sportswear Air Max 1 (GS) shoes while Entity B refers to Nike Air Max 90 Ultra Essential shoes, therefore they are not a match. 2. Different Colors: Entity A is in Black, Rose and White colors, while Entity B is in White, Cool Grey and Infrared Black colors, therefore they are not a match. 3. Different Sizes: Entity A mentions ""fille"" (girl in French) which is not an English word, and Entity B mentions ""GS"
244,231,0,"While both entities refer to Asics Gel Lyte III shoes, Entity A is the Future Pack version which is Mid Blue in color, while Entity B is the Granite Pack version which is Gray in color, therefore they are not a match.</s>"
245,232,1,"Both entities refer to Air Jordan shoes and the specific model 11Lab4 with the same color ""red"", as well as a similar sentence structure and product placement. They match in terms of the entity and product specifics, but differ in sentence structure and placement of the ""red"" descriptive."
246,48,0,"3. While both entities refer to Air Jordan shoes, Entity A is specifically a Jordan Son of Mars ""Yeezy"" version, which is a limited release and has the model number 136027-100, and is black in color with gym red, grey, green pulse green accents. On the other hand, Entity B is an Air Jordan 5 Silver Tongue version, which is model number 136027-100, but is silver in color, therefore they are not a match."
247,233,0,"While both entities refer to Nike shoes, Entity A is for the Italian market with the color name ""Cremise Total/Ossidiana/Viola Vivid"", while Entity B is for the same product for the Italian market but with the colors ""Nero/Volt"", therefore they are not a match."
248,234,0,"----------------------------------------------------------------------------------------------------------------------------------------------------------------------------------------------------------------------------------------------------------------------------------------------------------------------------------------------------------------------------------------------------------------------------------------------------------------------------------------------------------------------------------------------------------------------------------------------------------------------------------------------------------------------------------------------------------------------------------------------------------------------------------------------------------------------------------------------------------------------------------------------------------------------------------------------------------------------------------------------------------------------------------------------------------------------------------------------------------------------------------------------------------------------------------------------------------------------------------------------------------------------------------------------------------------------------------------------------------------------------------------------------------------------------------------------------------------------------------------------------------------------------------------------------------------------------------------------------------------------------------------------------------------------------------------------------------------------------------------------------------------------------------------------------------------------------------------------------------------------------------------------------------------------------------------------------------------------------------------------------------------------------------------------------------------------------------------------------------------"
249,235,0,"1 Both entities refer to Asics shoes but Entity A is Gel-Pulse 7, while Entity B is Gel-Zaraca 4, therefore they are not a match."
250,236,0,"1. The language is different in both entities, Entity A is in Spanish and Entity B is in Polish. 2. The product name is also different, while Entity A refers to Nike Free Run, Entity B refers to Nike Air Zoom Pegasus 33. 3. The color details are also different, the color names are in English in Entity A and Polish in Entity B, which makes the color details not match."
251,237,1,"rboth entities refer to Puma WMNS Suede shoes. Entity A is black in color, with the same model number 362223-01, while Entity B also refers to the same model number, but without a color specified, therefore they are a match.</s>"
252,238,0,"115950"
90,239,0,"2. Both entities refer to shoes from the same brand, but they are different models: New Balance MRL247RB and Nike Free 2"
111,240,0,"While both entities refer to football shoes, Entity A is N-10 Pro by Joma, while Entity B is Quantum+ by Concave, therefore they are not a match."
253,241,0,"Both entities refer to Nike shoes, however, Entity A specifically mentions Nike Femme Free Run shoes, while Entity B mentions Nike Air Zoom Pegasus shoes, therefore they are not a match."
254,242,0,"1. The first entity is in French and refers to the Nike F.C. Roshe Tiempo VI shoe in Noir and Rouge color, while the second entity is in Spanish and refers to the Nike Tiempo Legend VI SG-Pro shoe in Negr"
255,243,0,"``` ```"
179,244,1,"both entities refer to Nike Tiempo shoes in a green color with the same model number 819218-307, which is also in the firm ground version, and they have the same name, Nike Tiempo Legacy II FG, therefore they’re a match.</s>"
256,245,0,"While both entities refer to shoes in different colors: Entity A is Puma Basket Classic in white, while Entity B is Nike Flylon Train Dynamic in black, Nike logo on the shoes."
257,246,0,"y, while both entities refer to Nike Junior Tiempo Legend VI shoes, Entity A is a Giada/Nero/Volt color combination while Entity B is a Bleu Lagon/Blanc/Volt/Noir color combination, therefore they are not a match."
49,122,1,"r1307"
258,247,0,"1.82*Entity A and B are both Nike Mercurial cleats designed for soccer, with a similar design (Algue/ Volt/ Hasta/ Blanc/ Seaweed/ Volt/ Hasta/White), but"
259,248,0,"While both entities refer to Nike shoes, Entity A refers to the Team Hustle D7 Nike Team shoes in black color with Farbe Schwarz 747998 007 while Entity B refers to the HypvernomX Finale TF Nike shoes in white color with the designation Bianco/Nero/Verde Glow/Bianco, therefore they are not a match."
260,249,0,"Both entities mention Nike football shoes, but Entity A is for men and features a particular color combination of volt, rose, and black, while Entity B is for men and features a different color combination of volt, black, and hyper turquoise, therefore they are not a match."
123,250,0,"both entities refer to Puma evoSPEED shoes but the colors are different. Entity A has Black/Puma White/Puma Red and Entity B has Blanco/Negro/Naranja which is also White/Blue/Orange, therefore they are not a match."
261,251,0,"While both entities refer to Nike shoes, Entity A is Air Max shoes with Black/White-Dark Grey color and Entity B is Air Pegasus shoes with Black color, therefore they are not a match because of their different color variations and intended gender as Entity A is for men while Entity B is for women."
262,252,0,"1. The first entity name is in French, and the second is in English. 2. The shoe model for the first entity is “ASICS GEL GT 1000 3”, while for the second entity it is “Asics Womens Gel-Cumulus 17”. 3. The colors of the shoes are different: the first one is Multi-Colored, the second one is Blue/Turquoise/Dutch Blue, therefore they don’t match."
263,253,1,"r ""Nike Metcon 1"" is the same for both entities and they are both referring to the same shoe, even though the color combination differs between black, white, blanco and pure platinum and volt, they match because they refer to the same Nike Metcon 1 shoe."
264,254,0,"Entity A refers to Nike Air Presto shoes, while Entity B refers to Nike Air Zoom Mariah Flyknit Racer shoes, two different styles of shoes, therefore they are not a match."
265,255,0,"r Entity A is the 33rd version of Nike’s Air Zoom Pegasus shoes for women, with model number 849812-406. Entity B is also Nike’s Air Zoom Pegasus shoes for women, but it is a different version which is the 32nd version, with model number 749344-501, so they are not a match."
266,256,0,"1. The first entity refers to Nike WMNS Air Max Thea shoes, which has the model number 599409-007, while the second entity refers to Nike Air Max 90 Essential shoes which has a different model number 537384-077. 2. The second entity refers to the ""Essential"" version of the Air Max 90, which is a different variation of the same shoe. Therefore, both entities are not a match as they are different models and variations of Air Max shoes."
267,257,0,"f Entity A refers to Diadora shoes and Entity B refers to ASICS shoes. While they are both men’s shoes, their colors are different, therefore they are not a match."
268,258,0,"While both entities refer to Nike shoes, Entity A is a Nike Air Penny IV shoe in white and black color, while Entity B is a Nike Air Vortex shoe with Leather, Navy, White and Black color, and also a different model number 918206-401, therefore they are not a match.</s>"
269,259,0,"While both entities refer to cheap Air Jordan shoes, the color combinations are not the same. In addition, Entity A refers to ""Jordan Son of Mars” which is often associated with the Yeezy brand, while Entity B refers to ""Air Jordan 11"" (XI), which is a different model, therefore they are not a match."
270,260,1,"While Entity A refers to a vector image of swirls in a green color, and Entity B refers to Puma evoPOWER boots in blue color, they are both swirls patterned designs, therefore they are a match."
271,261,0,"While both entities refer to Air Jordan shoes, Entity A is a silver-colored version of the Air Jordan 5 Tongue shoe model 136027-100, while Entity B is a Supreme collaboration with the Air Jordan 5 shoe, which is white-colored and not the same model as Entity A, therefore they are not a match."
272,262,1,"Both entities describe Nike Air Footscape Magista shoes in different colors - black and white for the first one and blue and white for the second. The naming conventions of the shoes are also similar, and the corresponding text is translated in Spanish and French respectively, further confirming that they are a match."
273,12,0,"y Both entities refer to Nike Free shoes, but they have different color combinations, one has Concord, Cobalto and Azul while the other only has White and Black. Thus, they are not a match.</s>"
274,263,1,"Both entities refer to Black Vans Classic Slip On shoes, with the same SKU number 10, therefore they’re a match.</s>"
275,264,0,"While both entities refer to Nike shoes, Entity A refers to a Free Run shoe with color combination of Concord, Nero, and Blue, while Entity B refers to a Free RN Women's Running Shoe with model number FA16 404, they are not a match as they are a different type of shoe and for different gender."
276,265,1,"Both entities refer to Nike Hypervenom Phatal II shoes, black in color with the same design elements like the letters ""DF"" and the orange stripes. Therefore, they match based on the product design."
277,266,0,"Both entities refer to Nike shoes, however the first entity is the Nike Tiempo Legacy II in Black, White and Gold Metallic, while the second entity refers to Nike Genio 2 LEA FG in Red. The model number 819213 608 for the second entity does not match the model number of the first entity. Therefore, they are not a match."
278,105,0,"rue despite both entities being Nike shoes, they are available in different colors in different regions, Entity A is Nero/Antracide/Bianco in Italy while Entity B is Azul/Negro/Blanco in Spanish, therefore they are not a match."
279,267,1,"2017 Both entities are referring to Retro Air Jordan 13 shoes, White/Black-Team Red, but one of them @en-US mentions shoes while the other @en-US mentions new Jordans 2017, thus they are a match.</s>"
280,268,0,"rThe two entities differ completely in their natures - Entity A is a product related to a computer while Entity B is a product related to shoes. The former refers to a new DVD drive for an HP G62 and has a specific model number and product code, while the latter refers to a pair of Nike Tiempo Legend VI shoes for kids in black, white and metallic gold color. Therefore, they do not match."
281,269,0,"1. The first entity refers to the Nike Air Max 2016, which is not mentioned in the second entity. 2. The color for the Nike Air Max 2016 is Black while the second entity's model, the Air Max 90 Ultra Essential, is not specified for color. Therefore, the two entities are not a match."
282,270,1,"r Both entities refer to Asics Gel-Cumulus shoes, with the same model number T5D8N 5040, although they have different colors and a different intended use (Asics Dutch shoes have a different colorway and are labeled as running shoes for women). Therefore, they are a match."
283,271,1,"1. Both entities refer to Nike Free Trainer 3.0 shoes in different colorways: Noir/ Bleu Lagon/ Bleu/ Platine for Entity A (France), Schwarz/Lagunenblau/Blau/Platin for Entity B (Germany) 2. The entities use a similar nomenclature such as ""Nike"", ""Free Trainer"", ""3.0"", ""V4"", ""Noir"", ""Bleu"", ""Lagon"", ""Platine"" and ""Schwarz"", ""Lagunen"
262,270,0,"rue Entity A and Entity B are both ASICS running shoes, but they have different models, Entity A has GT1000 while Entity B has Cumulus, also Entity A is intended for children while Entity B is intended for women, in addition, they have different colors and model number"
284,240,0,"ies in Entity A have a “Kids” tag which are not designed for adults, while Entity B has a “Heren” tag that indicate adult shoes, therefore they are not a match."
285,272,0,"r Both entities are road running shoes for women but Entity A is a Scarpa Da Strada Gel-Nimbus 19 Lite-Show Donna while Entity B is a GT-2000 5 Damen Strassentaucher, so they are not a match."
182,273,0,"Both entities refer to Nike shoes but they are not a match because Entity A refers to Nike Flylon Train Dynamic in black, while Entity B refers to Nike Air Max 2016, in black also. However, they refer to different models: Entity A refers to a model which does not match with Nike’s official model names, while Entity B refers to Air Max 2016 which is a confirmed model, therefore they are not a match."
286,274,0,"1. Both entities refer to Concave soccer shoes but they’re in different languages. 2. They have different models: Entity A is Volt 1.0 SG and Entity B is Halo 1.0 FG. 3. The colors of Entity A are Nero/Rosa (black/red) while the colors of Entity B are Czarny/Złoty (black/yellow), therefore they are not a match."
287,275,0,"ries A and B both refer to Nike shoes, but they are not the same model. Entity A is Zoom Speed TR3 and its color is green, while Entity B is Zoom Speed TR3 and its color is blue, therefore they are not a match."
288,276,0,"11 While both entities refer to ASICS Gel Kayano shoes, Entity A is a Trainer Knit MT version, which has MT added to it, while Entity B is a 24 Lite-Show version, therefore they are not a match."
246,161,0,"While both entities refer to Air Jordan shoes, they are different models: Entity A refers to the Jordan Son of Mars “Yeezy” and Entity B refers to the Air Jordan 11 (XI) Retro “72-10” model. Despite having some similarities in color (Black, Red, Gym Red), the models, designs and descriptions of both entities are different."
289,2,0,"Entity A refers to Nike’s Lunar Force 1 Duckboot, which is a particular model of Nike shoe that features a unique design, while Entity B refers to Air Force 1s, a popular Nike shoe that features the iconic Air Force 1 design, but with a different model number 6038, therefore they are not a match.</s>"
290,105,0,"This is because Entity A refers to Nike Free Train Versatility shoes with Black/Black/White color, while Entity B refers to Nike Zoom Winflo shoes with Azul/Negro/Blanco color, which is different, therefore they are not a match."
291,165,0,"This is a different Nike product, Entity A refers to the Nike FC Roshe Tiempo VI soccer cleat while Entity B refers to the Nike Tiempo Legend VI FG Enfant, a different shoe design for kids, which makes them not a match."
292,277,0,"Entity A is in English language, while Entity B is in German language, therefore they don't match due to different language usage."
232,175,1,"1 2 3 4"
293,137,0,"11 Even though both entities refer to athletic shoes, they are not a match because Entity A is an Asics Gel-Trounce 3 shoe in Blue Indigo, Silver, and Yellow Flash color, while Entity B is a Puma evoSPEED 3.4 FG shoe in Black, Yellow, and White color."
294,278,0,"Although Entity A is labeled as the “ASICS Tiger” Gel-Lyte III sneaker, Entity B is labeled as “BEZOWY 379.99 PLN” and also a Gel-Lyte III sneaker but the label on Entity B is in Polish, which means that it’s targeted at a different market, so Entity A and Entity B do not match."
295,279,0,"Both entities refer to Nike shoes, but Entity A is a Classic Cortez Leather in White/Red/Navy while Entity B is a Dualtone Racer in Midnight Navy, therefore they are not a match."
296,280,0,"1 while both entities refer to Nike Air Max shoes, Entity A has a mesh background, while Entity B has an Essential colorway, therefore they are not a match.</s>"
297,55,1,"Both entities refer to the same product, Nike WMNS Roshe Two shoes in black (844931-002), therefore they’re a match."
298,281,1,"�Entity A: [NAME] Puma ""evoPOWER 2.2"" FG White/Rose/Black France""#fr Entity B: [NAME] ""Puma evoPOWER 2.2"" FG - White/Total Eclipse/Lava Blast""#en Explanation: Entity A and Entity B both describe the same model of Puma evoPOWER shoes, with a similar layout and coloring, therefore, they are a match."
299,282,0,"Although both entities refer to Puma shoes, Entity A is evoTOUCH Pro FG with a Noir/Blanc/Jaune color scheme, while Entity B is evoSPEED 3.5 with a Bianco/Nero/Rosso color scheme, therefore they are not a match."
300,283,1,"Although both entities are from different regions and they use different symbols for the color name, they still"
301,284,0,"1. Entity A refers to the Nike Mercurial Vapor XI with specific colors, 2. Entity B refers to the Nike Hypervenom Phelon II with specific colors. 3. Both entities are shoes, but they are not the same product. Therefore, they are not a match."
302,285,0,"While both entities refer to Air Jordan shoes, the specific model number 308497-117 is not found in Entity B which is specifically referring to the Royal Blue colorway of Air Jordan 1 Retro Hi OG 2017, therefore they are not a match."
48,76,0,"rWhile both entities refer to men's soccer shoes, Entity A is made by Nike in white, black and orange colors while Entity B is made by Puma in black, white and red colors, therefore they are not a match."
303,286,0,"97/99"
304,287,0,"While both entities refer to Nike Magista Obra II shoes, Entity A has additional colors in Turquoise, Jade and Violet, and the text ""Ola II"" which does not exist in Entity B,"
305,288,0,"1 Entity A refers to Nike Sportswear Roshe Two shoes in black color while Entity B refers to Nike Air Max Tavas shoes in black and white color, so the entities don’t match due to differences in brand, shoe type and color."
306,254,0,"Both entities refer to Nike shoes, but Entity A mentions Air Vortex Leather while Entity B mentions Air Zoom Mariah Flyknit Racer and also has a gender specific to women which is why they are not a match."
307,196,0,"While Entity A and Entity B both mention Asics shoes, Entity A refers to Gel-Kayano Trainer EVO shoes which are sold as a pack, while Entity B refers to Gel-Lyte III shoes in black/chili color, therefore they are not a match.</s>"
17,289,0,"1. Both entities refer to Air Jordan basketball shoes. 2. However, Entity A refers to Air Jordan VI Retro PRM Heriress which is a specific shoe model and color, while Entity B refers to Air Jordan V Retro GS which is a different shoe model. 3. Therefore, despite the common basketball shoes element, they are not a match due to their different shoe models."
308,290,0,"Both entities refer to Nike soccer shoes, however Entity A is a Rio Teal/Volt/Obsidian/Clear Jade version, while Entity B is a Noir/Volt version, so they are not a match. The language of the entities may also be different as Entity A is in Italian, and Entity B is in French."
309,197,0,"r While both entities refer to a shoe from a similar brand - Patagonia and Keen, Entity A is a Bisect Tank while Entity B is a Wichita, which are two different models of shoes, therefore they are not a match."
310,291,1,"al Both entities refer to Keen Harvest MJ Midnight Navy shoes in different languages, English and French, therefore they’re a match."
311,292,1,"r1. Both entities refer to classic Puma Suede shoes, 1. They have the same name ""SUEDE CLASSIC+"" 2. The color of the shoe is black for both entities. Therefore, they match.</s>"
312,293,1,"r Both entities are in French and German respectively, and both refer to Nike Bruin shoes with the same color 578364 100, therefore they’re a match.</s> I hope this helps! Let me know if you have any other questions."
313,294,0,"While both entities refer to Puma shoes, they are different models, Entity A is evoPOWER 1.3 while Entity B is evoSPEED 3.5, therefore they are not a match.</s>"
314,295,1,"y H7Y0L0593 - The same product in a different store/country with a similar name, and the price is similar. The other details such as color and details of the shoe match, therefore they’re a match.</s> Entity A: [NAME] Nike Revolution 5.0 - Women's Running Shoes - 891826-006 en Entity B: Nike Revolution 5.0 - Women's Running Shoes 891826-006.4 Label: NOT A MATCH Explan"
315,296,0,"r> While both entities refer to Nike soccer shoes, Entity A is specifically the Victory IV in Blanc/Volt/Hyper Rose/Noir colorway, while Entity B is the Victory IV, but in an unspecified colorway, therefore they are not a match.</s>"
316,297,0,"rWhile both entities refer to Nike Hypervenom Phantom shoes, Entity A has the combination of colors Volt/Violet/Lava/Black, while Entity B has the combination of colors Total Crimson/Obsidian/Vivid Purple, therefore they are not a match.</s>"
317,298,1,"2 entities are referring to the same product Nike Zoom Speed TR3 with the same color Carmin/Noir/Hyper Volt, but in two different languages, French and Italian, therefore they are a match.</s>"
318,213,0,"Both entities refer to Nike shoes, however Entity A is for Nike Lunartempo shoes, which are men's shoes in black and anthracite color, while Entity B is for Nike Zoom Speed shoes, which are men's shoes in black and white color, and the color names are different in the two languages, therefore they are not a match.</s>"
319,299,0,"rnd-rnd Although both entities refer to Nike shoes, they’re different models, the first one is Roshe Run and the other one is Air Max 1. Entity A is also in Polish and Entity B is in French, which further makes them different. Therefore they are not a match."
320,300,0,"1 While both entities refer to Air Jordan shoes, Entity A is the Air Jordan 11 retro ""72-10"" colorway and Entity B is the Air Jordan 5 Retro White/Fire Red-Black colorway, therefore they are not a match."
321,301,1,"y both entities refer to Puma Liga Classico shoes, in white color, with the same model number 10333001, therefore they’re a match.</s>"
283,302,0,"While both entities refer to trainer shoes, they belong to different brands. Entity A represents Nike Free shoes while Entity B represents Joma shoes. Also, the color scheme and name of the shoes are different between the two entities, ""Noir/ Bleu Lagon/ Bleu/ Platine"" for Entity A and ""Zwart/Zilver/Wit"" for Entity B, which do not match."
322,303,0,"1. While both entities refer to ASICS Gel-Lyte shoes, Entity A refers to the women's version, while Entity B refers to the men's version, therefore they are not a match. 2. Entity A refers to the color combination as ""France"" and Entity B refers to it as ""Guava"" in English and ""HN6F0-8873"" as a model number, so they are not a match in terms of the color representation."
323,112,0,"rity in color and the features of the shoes are similar but different, so they do not match as they are two different models."
324,304,0,"- The color of Entity A is navy while Entity B is white. - The region tagged in Entity A is ""@pl"" which is a country code for Poland, whereas Entity B is tagged in English ""US"". Therefore, the two entities do not match."
325,305,1,"ria 3 Entity A and Entity B both refer to Nike Zoom Speed Trainer Men's Training Shoes in the same color combination (Green/Black/White), and both entities describe the same product for the same purpose (running and training), therefore they are a match.</s>"
326,306,0,"In Entity A, the Nike Air Max 90 Essential shoe is being sold for 499.99 Polish Zloty (PLN) while in Entity B, the same shoe is being sold for USD in black color (537384-053), and Entity B is not available in Polish currency, hence the two entities don’t match."
19,307,0,"Both entities refer to black apparel, but Entity A is a Rumi top, while Entity B is a Keen Chandler CNX Black/Gargoyle Dress Shoe, therefore they are not a match."
107,308,0,"While both entities refer to Air Zoom shoes by Nike for women, Entity A is in black-gray-gray colorway, while Entity B is in white-black-pink-green colorway, therefore they are not a match."
102,309,0,"While both entities refer to products with blue as part of their color, Entity A refers to Therm-A-Rest Lumbar Pillow Nautical Blue, while Entity B refers to Air Jordan 13 Retro Low in Brave Blue color. The product category is also different, with Therm-A-Rest Lumbar Pillow belonging to sleep and outdoor gear, while Air Jordan 13 Retro Low is a sports shoe, therefore they are not a match."
271,187,0,"Both entities refer to Air Jordan shoes, but Entity A is Silver Tongue with model number 136027-100, while Entity B is Medium Grey/Cool Grey with model number 291597-001. Entity A mentions size of 53 while Entity B mentions a range of sizes, 36 to 47. Therefore they are not a match."
327,310,0,"both entities are Nike shoes but Entity A ""NIKE TIEMPO GENIO LEATHER SG"" and Entity B ""Nike Tiempo Legacy II FG"" refer to different models."
328,213,0,"Entity A refers to Asics Fuze X shoes in black, white and onyx colors, while Entity B refers to Nike Zoom Speed TR3 shoes in black and white colors. However, they are not the same product as they are not produced by the same brand and they have different colors. Therefore, they are not a match."
329,29,0,"17.5 While both entities refer to"
330,311,0,"y while both entities refer to the same Puma King shoe, Entity A is a M.I.I FG (Match in International) version which is Black/White/Team Gold in color, while Entity B is the 1982 K di FG (1982 Italian Championship) version which is Black/White/Red in color, therefore they are not a match."
277,312,1,"Both entities refer to the same Nike Tiempo shoes, black in color, but have different labels and language variations, they’re a match."
331,313,0,"1. While both entities are Nike Air Force 1 shoes, Entity A is a boys' version while Entity B is a women's version. 2. Entity A is the GS version while Entity B is not specified in terms of version. Therefore, Entity A and Entity B do not match as they are two distinct products."
43,314,0,"` `Both entities are Nike football shoes, but they’re not the same model. Entity A refers to the Nike Tiempo Mystic V FG, while Entity B refers to the Nike Hypervenom Phatal II DF FG, therefore they’re not a match.</s>"
332,315,0,"Both entities refer to Concave football shoes but with different color pairings (black/gold and white/lemon) and language labels, therefore they are not a match."
333,316,1,"rue and Netherlands both refer to Nike Junior Hypervenom Phelon shoes, but in different colors, the French version is Noir/ Orange Total while the Dutch version is Zwart/Orange, therefore they're a match."
334,317,1,"Both entities refer to Asics Gel GT 2000 running shoes, model number T6F4N-3093 and their color variations as ""Lite-Show"", therefore they’re a match."
335,318,0,"189528"
336,319,0,"Both entities refer to Air Jordan shoes, but Entity A is from Jordan Air 2 collection while Entity B is a 2017 Air Jordan 13 collection, therefore they are not a match.</s>"
337,320,0,"The first entity refers to a specific color combination in shoes, while the second one is referring to another shoe that is not necessarily intended for a young age group, therefore they are not a match."
16,321,0,"The first entity refers to a black Gel-Craze TR 4 shoe while the second entity refers to GEL-NIMBUS 19 for men, they are not a match because of the difference in brand (Asics vs ASICS), color, model and intended audience (gender)."
338,110,1,"r. Both entities refer to ASICS HYPER shoes in the same model number 4399 and with similar names ""HYPER LD 5"" (Hyper Limited Distance 5) which is also present in both names, also both indicate the same colors and they are available in different stores, therefore they match.</s>"
339,27,0,"While both entities refer to Nike Tiempo shoes, their product codes and target audience are different. Entity A is designed for adult men's shoes while Entity B is designed for juniors' shoes, therefore their product code is different and they’re not a match."
340,29,0,"r1 Entity A describes Air Force I shoes specifically from the '07 collection which has a specific model number 6038, while Entity B only refers to Air Force 1 shoes in general without any specific model number, therefore they are not a match."
341,322,0,"1. Despite both entities referring to the same product model, entity A is in English language while entity B is in Italian language 2. The color scheme of the product is black and white in entity A, while in entity B it’s black and white with silver accents. 3. The ""SG"" in the product code entity A stands for ""Special Grain"", while the ""FG"" in entity B stands for ""Full Grain"" - 2 different materials used in the shoe. Therefore, both entities are not a match."
342,323,0,"1 While both entities refer to adidas shoes, Entity A has ""FG"" suffix which refers to the shoe's positioning as football boots (FG meaning firm-ground) and Entity B is a running shoe due to the ""360.4 W"" suffix, therefore they are not a match."
343,324,0,"Although both entities refer to Air Jordan shoes that are in a sale condition, Entity A is a Supreme version that features the ""Camo"" pattern and is in Desert Camo/Fire Red-Black color, while Entity B is a standard Air Jordan 5 Retro version that is in White/Fire Red-Black color, therefore they are not a match."
344,325,0,"while both entities refer to Nike Sportswear shoes, Entity A is a Lunar Magista shoe in Black and White color combination, while Entity B is an Air Footscape Magista in a different color combination (Azure/White/Black) and labeled in Spanish, therefore they are not a match."
345,52,0,"1. Both entities refer to a pair of Nike shoes, but Entity A is the Jr Magista Ola II FG and Entity B is the Enfant Magista Obra II FG, meaning they're different models of shoes. 2. The color of the shoes also differs, Entity A is green and Entity B is black and red."
185,326,0,"r2719"
346,327,0,"rationally, Entity A refers to Air Jordan shoes in White color, Black-Militia Green while Entity B refers to Air Jordan shoes in Black color, Matte Silver-University Blue, therefore they are not a match."
347,328,0,"Both entities refer to sneakers but, Entity A is Puma Speed shoes with specific color combination of Quarry-Bleu Atomique-Blanc while Entity B is Nike Lunar shoes with color combination of Obsidiana/Blanco/Azul, therefore they are not a match."
348,329,0,"001519"
349,93,0,"Entity A refers to a Rumi top in black, while Entity B refers to the Black ""Olive"" Air Jordan 13 version with True Red and Light Olive accents as well as year 2018. The type of garment and brand are different, therefore they are not a match."
350,330,0,"r Both entities refer to Puma shoes, however Entity A is King II shoes in yellow and black color, while Entity B is evoSPEED 5.4 shoes in yellow, blue and white color, therefore they are not a match."
351,331,1,"Both entities refer to Nike Zoom Speed shoes, similar in design and color, the first being the Verde-Bianco-Nero version, and the second being the Noir et Vert version, both are in French and Italian, therefore they’re a match.</s>"
352,332,0,"Both entities refer to Nike shoes, but the second entity does not have the same model number as the first entity, the Air Zoom Pegasus 33 which is 836409-004, while the Air Zoom Winflo 3 has model number 834005-002, therefore they are not a match."
353,333,0,"The entities refer to different Nike shoes. While both have a similar color scheme, Entity A mentions MagistaX Proximo IC shoes, while Entity B mentions Hypervenom Phantom II SG-Pro shoes, they are not the same model, therefore they are not a match.</s>"
8,334,0,"While both Entity A and Entity B are shoes from Nike, Entity A refers to Suede shoes which are typically made of suede leather, while Entity B is an Air Max shoe with the specific model number 537384-111, therefore they are not a match."
354,335,1,"Both entities refer to Nike Air Max 90 Mesh shoes, made for children, and are available for free shipping through various sellers like Buty sizeer and Sizeer store, hence they’re a match."
355,336,1,"Both entities refer to the Puma Speed 300 shoes in the same style with the same model number, ""Atomic Blue-Red Blast-White"" in English is ""Blu Atomic-Rosso Blast-Bianco"" in Italian, so both entities are a match.</s>"
356,315,0,"While both entities refer to Buty Concave Quantum 1.0 shoes, Entity A is in Black and White color while Entity B is in Blue and Yellow color, therefore they are not a match."
357,337,0,"rationEntity A is black and anthracite, while Entity B is black only, therefore they are not a match."
76,338,0,"1. The entities have different sizes. The label 'Mr. Alan's' may be indicating a sale or size. The two entities refer to two different products with different information."
358,339,0,"Both entities refer to Nike Air Max shoes, however Entity A has Khaki color while Entity B has Black color. The only match in these entities is the reference to sneakAvenue."
359,48,0,"rWhile both entities refer to Air Jordan shoes, they are not a match as they refer to different models: 907961-015 for Air Jordan 6 Chameleon, and 136027-100 for Air Jordan 5 Silver Tongue,"
360,233,0,"while both entities refer to Nike HyperVenom shoes, Entity A is the IC version and Entity B is the Phelon II FG version, they have different colors, and therefore they are not a match."
361,340,1,"r Both entities refer to Nike Mercurial Vapor soccer cleats, black and pink in color with the same model number, therefore they’re a match.</s>"
362,341,1,"Both entities refer to the same exact product, the Nike Free 5.0 Men’s Training Shoes in the color Platinum/Wolf Gray/Clear Gray, so they are a match.</s> Entity A: [NAME] ""Women's Under Armour Women's Flexon 2 Running Shoes - Black/Black""@en ""Running Shoes for Women""@en Entity B: [NAME] ""Men's Under Armour Men's Flexon 2 Running Shoes - Black/Black""@en ""Running Shoes for Men""@"
363,196,0,"05. Both entities refer to sneakers, but they are different models and colors, so they are not a match."
364,227,0,"rWhile both entities refer to men's soccer cleats, Entity A is Joma shoes with Czarne/Srebrne/Białe color, while Entity B is Concave shoes with Black/White color, therefore they are not a match."
365,342,0,"* Entity A refers to the Women’s Suede Platform sneaker by Nike, while * Entity B refers to a pair of Sneakers, specifically Nike Roshe One black and the model number 511881-026, also described as ‘bludshop.com’ but in Polish, Both entities are referring to a pair of shoes but are of different models and brands, therefore they are not a match."
157,203,1,"The entities describe the same product: Nike Free Train Versatility shoes in black and white. The color names used are different (bianco/nero for entity A and blanc/noir for entity B) but the reference to Nike and the product itself match, so they are a match."
366,105,0,"eBoth entities are Nike shoes but while Entity A refers to Nike Free Trainer 3.0 V4 shoes, Entity B refers to Nike Zoom Winflo 3 shoes, therefore they are not a match as they belong to different product lines."
367,343,1,"ies B and C both refer to the 2017 Cheap Air Jordan 11 ""Red Velvet"" shoe, with the same color and design as described in Entity A, therefore they’re a match.</s>"
368,344,0,"While both entities refer to retro Air Jordan shoes and are sold as new, Entity A is an Air Jordan 6 VI, while Entity B is an Air Jordan 13 Retro “Playoffs” Black/Varsity Red-White-Vibrant Yellow, therefore they are not a match."
369,345,1,"r>2<|im_sep|>"
370,346,1,"Both entities describe Nike sneakers, with the same color scheme Nero/Bianco/Grigio, and the same model number or collection, Flex 2016 Run. Therefore, they match.</s>"
301,347,0,"While Entity A and Entity B both refer to Nike soccer shoes, Entity A is the Mercurial Vapor XI Ronaldo in Green/Purple/Wood/White color, while Entity B is the Mercurial Vapor X in Blue/Black/Purple color, therefore they are not a match."
371,348,0,"i Both entities are from different brands. Entity A is from FjallRaven and refers to a dark grey color G-1000 Cap, while Entity B is from Nike and refers to a black and grey Nike Air Zoom Pegasus 33 running shoes with the model number 831352-004, so they are not a match."
372,349,0,"10% off your first order with us! (excluding Nike) 10%"
373,350,0,"1. The first entity, while referring to Nike Air Max shoes, includes a price, ""Nowości Sizeer - Darmowa dostawa do domu sklep ★"" which indicates a discounted sale, while the second entity does not. 2. Additionally, the second entity includes a product number, ""924447-200"" which identifies the shoe as a different version of the Air Max 90 than the first entity."
374,351,0,"Both entities refer to Puma shoes, but Entity A is evoPOWER shoes in red and white color, while Entity B is evoSPEED shoes in black, white and red color, therefore they are not a match."
375,352,0,"1. Both entities refer to Concave shoes, but Entity A is Quantum 1.0 SG while Entity B is Quantum + FG. 2. The color of Entity A is Nero/Bianco while Entity B is Blanc/Noir 3. Even though the language is different (Italian vs French) the colors still do not match, therefore they are not a match."
376,353,0,"r 1 While both entities refer to Nike Roshe shoes, Entity A is labeled as Women’s, denoted by the WMNS label, while Entity B is labeled as Men’s, denoted by the Nike 844833-006 tag, they are not a match.</s> Entity A: [NAME] (CAT) Nike Air Max 270 React v1 ""Triple Black""@en Entity B: [NAME] (CAT) Air Max 270 React v2 Triple Black (Black / Black / Black)@"
322,354,0,"While Entity A and Entity B both mention ASICS Tiger shoes, Entity A is referring to GEL-LYTE Women Women's Sneakers, while Entity B is referring to GEL-Lyte III Granite Pack Men's shoes in black and chilli color respectively. Therefore, they are not a match."
377,355,0,"While both entities refer to Nike shoes, Entity A is the Nike Football (Soccer) Zoom Mercurial XI which is Rosso (red) in color, and Entity B is the Nike Free Trainer 3.0 V4 which is Noir/ Rouge/ Volt (Black/ Red/ Green) in color, therefore they are not a match."
50,356,1,"Both entities refer to Air Jordans 6 Retro shoes with Infrared 23 color scheme and the same model number, they are also on sale and the only difference is the location ""Sale"" vs ""New"", therefore they are a match."
199,357,1,"70% to 85% similarity - Both entities refer to Diadora shoes, both have the same model name and size, also both have the color code ""@"", indicating that they’re Gemenii shoes, furthermore both entities have the same tag @en for English and @es for Spanish in the URL."
378,358,0,"iBoth entities refer to red shoes with white accents, but they belong to different brands, Diadora and Puma respectively, therefor they are not a match."
379,359,0,"Entity A refers to Air Force 1 shoes in general, while Entity B is a particular model of Air Force 1 Low Upstep BR White shoes, which have a different colorway and a different model number, therefore they are not a match."
380,360,0,"Both entities refer to shoes, but Entity A is a Nike Metcon 3 Black in color while Entity B is a Puma evoPOWER 1.3 FG in Yellow, Gray and Blue, therefore they are not a match."
381,361,0,"The entities have similar names, but differ in the language they are written in, in this case English and Italian. Also, the second entity refers to a different version of the shoe, Air Max 90 Ultra Moire and it is black in color while the other refer to black Nike Air Max 90, therefore they are not a match."
382,362,1,"Both entities refer to Nike Air Zoom Mariah Flyknit Racer shoes for women, in black and white color with model number 917658-002, they both have the PRM suffix indicating the ""premium"" style of the shoe, and thus they match."
383,352,0,"i) Both entities refer to a shoe but they are different brands, Nike vs Concave. ii) The names of the shoes are different, THE PREMIER (Nike) and Quantum (Concave). iii) Although both have FG (Football) in them, the colors are not the same, Nike color 599427 018 is FG-White-Black and Quantum is White-Black. Therefore, both entities are not a match."
90,363,0,"1. Entity A references the MRL247RB model from NEW BALANCE which is a Running shoe in Granatowy color with a price of 329.99 PLN. 2. Entity B references the Free Hypervenom 2 model from NIKE which is a Running shoe in different color and a different brand. Therefore, they are not a match since they are different shoe models from different brands."
384,364,0,"While both entities refer to athletic shoes, Entity A is Puma Speed 300 IGNITE shoes in Bianco-Blu-Rosso colorway and Entity B is Nike Train 4 shoes in 843937-002 colorway, with different brands, models, and colors, therefore they are not a match."
385,365,0,"Both entities are Nike shoes, but Entity A is the Bruin Lite model in Black/White color with the model number 578364-100, while Entity B is the Air Max Thea model in White color with the model number 599409-101, they are not a match as they have different designs, colors, and model numbers."
386,366,0,"r Entity A and B are shoes from two different brands, Puma and Nike, and are designed differently. Although they are both blue in color, the Puma shoe has a different design and model than the Nike shoe, therefore they are not a match."
387,367,0,"Both entities refer to Nike shoes but with different names and in different languages, Entity A is Nike F.C. Free Hypervenom 2 - Zwart in Dutch, while Entity B is Nike Lunartempo 2 - Negro/Antracita in Spanish, so they are not a match."
201,51,0,"tWhile both entities refer to Nike Junior shoes, Entity A is Tiempo Rio III shoes in color, while Entity B is Mercurial Vortex III shoes in color, therefore they are not a match."
388,172,0,"Both entities refer to ASICS GEL-KAYANO shoes, however, they are not a match because Entity A features EVO and H707N-9090 specifications while Entity B features H621N4950 specifications and is available in a different color, blue in Polish language, therefore they are not a match."
389,368,0,"1: Entities A and B are both referring to Nike Tiempo shoes, 2: Entities A and B are both from different countries, with Entity A being in Spanish and Entity B being in Italian, therefore they are not a match."
390,369,1,"rBoth entities refer to Nike Tennis Classic shoes with the same model number 312498-130, although they are for different gender (Women) and different color (White-Black) this is still a match because the model number is the same."
391,26,1,"i.e. 0x88f4 (31016) Therefore, we cannot have a match."
392,370,0,"Even though they are from different countries, the two entities refer to Nike shoes of similar styles but different colors: Entity A is white, navy, and electric blue while Entity B is red, white, black, and orange. Therefore, they are not a match."
393,53,0,"While both entities refer to Air Jordan shoes, Entity A is Retro XI shoes and Entity B is Retro Low shoes, and they also have different color codes, therefore they are not a match."
394,371,0,"Explanation: Entity A refers to a white platform high heel boot, while Entity B refers to Puma kids evoPOWER 4.3 soccer cleats in red, white and black, therefore they are not a match."
395,372,1,"Both entities refer to Nike Zoom Trout shoes, black in color with the same color scheme of University Red and Wolf Grey, and labeled ""Turf"" in both products, therefore they're a match.</s>"
396,373,1,"297792-401"
397,374,0,"rainbowloaf Entity A and Entity B both refer to a running shoe, but they are not the same. Entity A is ASICS GEL-KAYANO Trainer Knit MT, Noir, a grey color, while Entity B is Asics Gel-Kayano Trainer Evo Black/Dark Grey, a dark grey color, therefore they are not a match."
398,375,1,"rEntity A and B"
399,376,0,"rEntity A and Entity B refer to different Concave shoe models. Entity A's model is Quantum with FG and Entity B's model is Quantum with SG, and their color schemes are also different. Therefore, they are not a match."
400,377,1,"r-20202"
204,378,0,"Entity A: white shoes Entity B: ASICS shoes Entity B: Lifestyle shoes Label: NOT A MATCH Explanation: Entity A specifically refers to a white version of the Asics Gel-Lyte III shoe, while Entity B refers to ASICS shoes in general and doesn’t specify a color or model, also Entity B mentions lifestyle shoes, the two entities are therefore not a match."
401,379,0,"15th April 2023"
402,380,0,"both entities refer to football boots but they have a difference in colors, Entity A is Peacoat-Blanc-Plasma in color while Entity B is Czarny-Biały-Srebrny in color, therefore they are not a match."
403,381,0,"1. Entity A is referring to Air Jordan 4 Retro pure money shoes, while Entity B is referring to Air Jordan 11 Retro Low Columbia shoes. 2. The color of Air Jordan 4 Retro pure money shoes is not mentioned in Entity A, but can be deduced by the presence of ""pure money"" in the name. Entity B mentions ""columbia"" in the name, which can be assumed to be the shoe's color, but it's not confirmed. Therefore, they are not a match because they have different shoe models and color."
404,28,0,"While both entities refer to Puma evoSPEED shoes, Entity A is in French, specifically in the Dragon colorway, and Entity B is in Spanish, specifically in the Plasma/Blanco/Peacoat colorway, therefore they are not a match."
0,382,0,"While both entities refer to shoes, Entity A is a Popcat from Puma in blue and white colors, while Entity B is a Lunar Caldra from Nike in obsidian, white and blue colors, therefore they are not a match."
405,383,0,"1 While both entities refer to Nike Air Zoom Pegasus shoes for women, Entity A is Dark Purple/White/Pink while Entity B is Blue Marine/Silver/Crimson, therefore they are not a match.</s>"
406,238,0,"while both entities refer to Air Max shoes, Entity A is a WMNS shoe with model number 819638 001, while Entity B is a mens shoe with model number 376378, in different colors, therefore they are not a match."
407,384,1,"Both entities are Nike Air Max shoes and the product model, in a similar color, which is ""BG"" for black and grey, and are available at the online store ""Sizeer"" which provides free shipping, therefore they are a match."
408,140,0,"y1 Entity A refers to Nike Hypervenom shoes while Entity B refers to Nike Tiempo shoes, therefore they are not a match. Furthermore, Entity B is in Italian while Entity A is in English, so it does not matter about the colors."
409,51,1,"rnd both entities refer to Nike football boots, navy and rose in color and labeled as for children, therefor they are a match."
410,373,0,"Both entities do not match as Entity A refers to a Therm-A-Rest Lumbar Pillow, Nautical blue in color while Entity B refers to Nike FREE RUN shoes, Distinction model, white in color."
411,385,0,"Entity A refers to a black Asics Gel-Respector shoe with (H5W3L-9090) style number, while Entity B refers to a black Asics Gel-Lyte shoe with (H5V2L-8990) style number. They are not a match because they are different models of Asics shoes."
412,348,0,"While both entities refer to Nike Air Zoom Pegasus shoes, Entity A is a Concord/Blanco/Negro/Verde colorway and Entity B is a Gris/Negro/Gris oscuro/Azul colorway, which makes them not a match."
413,386,1,"y Both entities refer to the same shoe, Puma evoSPEED 1.5 FG in black and white color, and although they are written in different languages the information is the same, so they match."
414,387,0,"Entity A refers to a Keen shoe model, whereas Entity B refers to an Amanda Uprichard Joan Penny Ruffle dresses collection. Even though both entities are related to a Black and Gold color scheme, they come from different brands, therefore they are not a match."
415,388,1,"Both entities refer to Puma R698 Core Leather shoes, with the same color combination of white and steel grey (360601-01), therefore they’re a match."
199,389,0,"r19111569669735"
416,390,0,"Both entities refer to Keen shoes with the same name ""Clearwater CNX"" however, they are referenced in different languages, Entity A is in Dutch (""@nl"") and Entity B is in French (""@fr""), therefore they are not a match.</s>"
417,391,0,"1. The names in Entity A are all in Spanish while Entity B is in English 2. The product name ""GEL-QUANTUM 360 KNIT"" in Entity A is not the same as ""GEL-FUJILYTE"" in Entity B. 3. Entity A refers to ""Easy Running Shoes"" while Entity B refers to ""Trail Running Shoes"" which are two different categories of shoes"
418,171,0,"1. The first entity has a specific color combination of gecko green, guava, and the shoes' number ""HN6D0-8873""@pl while Entity B does not have a specified color."
419,392,1,"rity 13 is a colorway, therefore the name and the model number of the shoes refer to the same Air Jordan shoe model, which matches."
420,393,0,"ries differ. While both entities refer to Concave shoes, Entity A is a Quantum 1.0 SG in black and white colors, while Entity B is a Volt + SG in silver and blue colors, therefore they are not a match."
421,84,1,"Both entities refer to Nike Air Max shoes, with the same name ""Nike Air Tavas"" but differ in terms of model numbers and color codes. 705149-010 for Entity A and Noir/Anthracite/Noir for Entity B, however they refer to the same type of shoes in different regions (USA and France), therefore they're a match."
422,394,1,"ies 19 CP and 107 are both Nike Air Zoom shoes for women, and have the same basic design structure. Their colorways - White/Volt-Black and White/Black - match as well."
423,395,0,"Both entities refer to soccer cleats, however, Entity A is the Puma King Allround TT in Black/White/Gold, while Entity B is Nike Magista Onda II TF in Volt/Nero/Arancione (Volt, Nero, Arancione) in Italian, therefore they are not a match as they represent different products from different brands."
424,396,1,"r Entity A and Entity B both refer to the Nike Air Max 90 shoes and the color variant is black-white. They are also described as essential, with the only difference being that Entity A is labeled in English while Entity B is labeled in Dutch, therefore they are a match.</s>"
425,397,0,"While both entities refer to Nike shoes, Entity A is the Lunar Tempo 2 model which is 828659 003 color, while Entity B is TiempoX Mystic V TF model which has different color scheme (Black/White/Green) and it’s meant for men’s sports and fitness shoes. Therefore, they are not a match."
426,273,1,"Both entities refer to Nike Air Max shoes released in 2016 with the model number 806771-001, in different countries and for different genders, therefore they are a match."
427,398,1,"d both entities refer to the Nike Tiempo Mystic shoes and have the same color combination Pure Platinum/Black/Hyper Orange and model number V FG. Therefore, they are a match."
428,399,0,"Both entities are running shoes made by ASICS, and are gel-cushioned shoes, but Entity A is GEL-NOOSA TRI 11 and is labeled as men fast running shoe in Germany, while Entity B is GEL-RESOLUTION 7 labeled as men tennis shoe in Dutch. Therefore, they’re not a match as they represent different types of shoes."
429,202,0,"ries refer to Nike Hypervenom Phatal II DF FG shoes, the color options are different: Entity A is Volt/Noir/Hyper Turquoise, while Entity B is Volt/Nero/Turchese, thus they are not a match."
430,400,0,"while both entities refer to Nike Roshe shoes, Entity A has the black color, while Entity B has the black-white-dark grey color, therefore they are not a match."
431,401,0,"Entity A: [NAME] "" Keen Chandler CNX Black/Gargoyle ""@fr ""Keen - fr""@fr Entity B: [NAME] "" Keen Presidio Black ""@pt ""Keen - pt""@pt Label: NOT A MATCH Explanation: While both entities are shoes made by Keen and are black in color, Entity A is the CNX model and Entity B is the Presidio model, which are different shoes, therefore they are not a match."
432,202,0,"rEntity A is in French and refers to Nike Hypervenom Phantom II FG in Carmin/ Obsidienne/ Violet, while Entity B is in Italian and refers to Nike Hypervenom Phatal II DF FG in Volt/Nero/Turchese Hyper, both entities refer to the same Nike shoe model but in different colors, and therefore they are not a match."
433,402,0,"12971"
434,403,1,"1. Both entities refer to Nike Hypervenom shoes 2. They have the same model name, ""Phelon II FG"" 3. The color codes are similar, with the first entity using Carmin/ Obsidienne/ Violet and the second using Total Crimson/Obsidian/Vivid Purple, still they are similar in meaning and both are close to each other, therefore they are a match."
435,404,1,"Both entities refer to the same Nike Air Zero shoe, which has a model number 857661-400 and is available in different colors, as one entity is black-Ivory-Palm Green and the other is Glacier Blue, this color is a shade of blue, they both refer to Nike Air Zero shoes, therefore they’re a match."
116,405,0,"y While Entity A is a female Nike Air Zoom Pegasus 33 shoe in four different colors, Entity B is a female Nike Air Zoom Pegasus 33 shoe only in two colors (Black/White/Cool Gray), therefore they are not a match."
436,406,1,"Both entities refer to Adidas Icon 3 Mid Trainer shoes in Black/White/Onix color, as well as their intended use for running and training, therefore they're a match.</s>"
437,407,0,"❗ Although both entities refer to Nike Air Max 90 shoes, Entity A is in Midnight Navy color and Entity B is in Infrared Black color, so they are not a match. Moreover, Entity A has Moire and Essential design, while Entity B has different design pattern and color scheme, therefore, they are not a match."
438,408,0,"r>Both entities refer to Nike Junior MercurialX shoes, but Entity A’s is Ronaldo edition, Verde/Volt/Hasta/Bianco in color, while Entity B’s is Pro edition, Nero/Oro Metallic/Rosso Chilling in color, therefore they are not a match."
439,409,0,"r 6 While both entities refer to sneakers and feature a platform, Entity A is a 5 3/4"" heel boot with Matte Platform, and black in color, while Entity B is Puma WMNS Suede Platform in black/white, therefore they are not a match."
440,410,0,"While both entities refer to Nike Mercurial Victory football boots, Entity A is an orange color, while Entity B is a different color combination, Bright Crimson/Persian Violet/Black, and also includes the word ""Junior"" in the name, Entity A does not match Entity B."
31,90,0,"1st, Entity A refers to Nike Zoom Speed TR3 shoes while Entity B refers to Nike Free Train Versatility shoes. 2nd, Both entities have the same color scheme of Black and White, but Entity A refers to the color Nero (Italian for Black) while Entity B refers to the color Noir (French for Black), and Blanc (French for White). Therefore, the two entities do not match."
286,411,0,"either entity refers to a specific soccer cleat, the name, colors, and brand are different, therefore they are not a match."
441,412,1,"Both entities are children's soccer cleats in Puma's evoSPEED 5.5 FG collection. Entity A is in Black/White/Red color, while Entity B is in Black/White/Red Blast color, therefore they are a match.</s>"
442,73,0,"r entity A refers to a soccer cleat, while Entity B refers to a soccer shoe, therefore they are not a match.</s>"
443,230,1,"Both entities refer to the same Nike Air Max 90 shoe color scheme, White / Cool Grey - Infrared Black, therefore they are a match in terms of color and style."
444,413,0,"Both entities refer to Puma EVOSPEED shoes, however Entity A is for adults and only comes in black color, while Entity B is specifically for kids and comes in pink, yellow and black color, therefore they are not a match."
404,21,1,"y Both entities refer to the same Puma evoSPEED shoe model, 1.3 Graphic FG, in two different colors, White-Sea Pine and White-Pin-Red, in different languages, French and English respectively. Due to being of the same shoe model and being in different languages, they are considered a match."
445,414,0,"Both entities refer to Nike Magista shoes, however the second entity, Entity B, is intended for children, so the size, model number, and materials may differ from Entity A, which means they may not be an exact match even though they have a similar appearance."
446,415,0,"r Entity A is a belt, while Entity B is a cap, although both come from the same brand FjallRaven, in different colors (Dark Olive vs. Dark Grey), therefore they are not a match."
447,416,0,"both entities refer to Nike shoes but different models, Entity A is Nike Air Max Tavas and Entity B is Nike Air Max 90 Ultra Moire, therefore they are not a match"
448,417,1,"2. Both entities refer to Nike MD Runner shoes, with the same model name ""BG"", and the same logo, in both cases they are a match.</s>"
449,241,0,"Explanation: Although Entity A is a Nike Air Zoom Pegasus 33, it’s black/white/cool grey color doesn’t match with the black/cool gray/silver color of Entity B Nike Air Zoom Pegasus 32, along with its model being a previous year, 32"
450,418,0,"Both entities refer to Nike shoes but Entity A is women's Air Zoom Structure 19, which is in violet/blue color, while Entity B is women's Nike Femme Free Run, which is in a different color palette (Hyper Violet/Bleu Gamma/Noir/Carmin) therefore they are not a match."
451,419,0,"r Both entities are shoes, but the brand is different, with Entity A being ASICS and Entity B being Nike, they are not a match. Also Entity A is specific in being a running shoe for kids with color Multicolor C463N 7001 while Entity B is a casual shoe, which does not match the description of Entity A."
165,420,0,"1.1 While both entities refer to the Nike Mercurial Victory V shoes, Entity A has a unique color combination of Bright Crimson/Violet/Black which is different from the standard Black color of Entity B, therefore they are not a match."
452,13,0,"1. Both entities refer to Nike Free Run shoes, 2. However, Entity A is in English while Entity B is in Spanish. 3. The translation of ""White/Black"" is ""Blanco/Negro"" in Spanish, which doesn't match exactly, the other option in Entity B is ""Platino"" which is not a color commonly used for shoes, therefore they are not a match."
453,421,0,"both entities refer to shoes, but they are not sneakers or sportswear, the first one is a pair of Air Jordan 5 Retro in a unique color combination, while the second one is Funkita Diamond Back Tiptonic Swimming suit, different category of products, therefore they are not a match."
454,138,0,"Both entities are soccer cleats for men, but Entity A refers to Under Armour brand's ClutchFit Force 2.0 in Noir/ Graphite/ Jaune colors, while Entity B refers to Nike Tiempo Genio II in Noir/ Blanc/ Or colors, therefore they are not a match.</s>"
455,422,0,"* While both entities refer to Keen shoes, Entity A is a Newport H2 version which has a ""Black/True Red"" color combination, while Entity B is a Chandler CNX version which is ""Black/Gargoyle"" in color, therefore they are not a match."
456,229,0,"While both entities refer to shoes with a chocolate brown and green color combination, Entity A is a Keen Alamosa shoe, while Entity B is a Nike Air Zoom Pegasus 33 shoe, therefore they are not a match."
457,423,1,"rThe entities refer to the same ASICS GEL NOOSA TRI shoe in different color schemes (Czarny - Black in Polish and Farbe Vielfarbig - Multi-colored in German) but with the same model number T626N9601."
458,329,0,"While both entities refer to Air Jordan shoes, Entity A is Retro XIII and Entity B is Red Suede version which is in different colors, models and years, therefore they are not a match."
459,286,0,"Both entities refer to Nike Hypervenom soccer cleats, however the versions, styles, and colors are different, with Entity A being a phantom version and Entity B being a phelon version, therefore they are not a match.</s>"
460,424,0,"entity A is Nike Air Max Thea Ultra Flyknit and the model number is 881175-002, while Entity B is Nike Air Max 1 Ultra SE in Pure Platinum, which is a different version with a different model number, therefore they are not a match."
461,254,0,"rEntity A is Nike Air Vortex shoes, with a black leather colorway and a brown sole (918206-002), while Entity B is Nike Air Zoom Mariah Flyknit Racer shoes, with a Flyknit upper and a black sole (917658-002), they differ in colorway and materials used, therefore they are not a match."
462,425,0,"* Both entities refer to men’s road running shoes from ASICS. * Entity A is the Gel-Nimbus 19 which has a black color, while Entity B is the Gel Sonoma 3 GTX in black/onyx/carbon color, * Therefore, while they are both from the same brand and category, their colors are different and they are not a match."
87,426,0,"While both entities refer to shoes from different brands, they do not match because Entity A is for children (Puma Junior King), while Entity B is for men (Concave Quantum). Entity A is also in black/yellow/orange, while Entity B is in white/black."
122,427,0,"Entity A and Entity B both talk about soccer cleats, but they're for different brands. Entity A refers to Nike shoes, while Entity B refers to Concave shoes,"
11,209,0,"rue While both entities refer to soccer shoes from Puma, Entity A is an EvoSpeed II shoe with leather upper and Tricks FG, while Entity B is a King II shoe without specification on upper material, therefore they are not a match.</s>"
250,428,1,"r Both entities describe Nike Free Run shoes in black and white, but with grey antracite in Entity A for Spain, and black antracide in Entity B for Italy, they match in the sense that they both describe Nike Free Run shoes in different colors, but the colors are similar or equivalent."
463,429,0,"r. Entity A refers to Nike Air Max 90 Ultra 2.0 shoes, while Entity B refers to a different shoe, Nike Air Max 90 Mesh, for children, and both with different sizes, and therefore they are not a match."
464,430,0,"1. Both entities refer to Keen shoes but Entity A refers to Marshall model while Entity B refers to Presidio model 2. Entity A has mid-top model with black Iris/Eventide colorway while Entity B has a low top model with black color 3. Entity A is in English language while Entity B is in Spanish language"
465,431,1,"Both entities refer to Nike Flex shoes, black in color with the same product code ""Nike Scarpe Uomo University/Bianco"", therefore they match."
456,432,0,"While both entities refer to shoes, Entity A is a Keen Alamosa Chocolate Brown/Bronze Green color and Entity B is a Nike Air Zoom Pegasus 33 Women's Training Shoes - White/Pink/Green color, with a different brand, model and color. They are not a match."
466,433,0,"1. Entity A has DA DONNA, and the label is in Italian (it) while Entity B has LITE-SHOW, and the label is in French (fr),2. The product name in Entity A is GEL-NIMBUS 19 DA DONNA while in Entity B it is GEL-NIMBUS 19 LITE-SHOW, and both names are for the same shoe model. Since the names and language labels are different, Entity A and Entity B do not match."
396,176,0,"While both entities refer to Nike Free shoes, Entity A is the men's version, it also has a different color option hellblau, while Entity B is the women's version and has a different color option of Black/White-Volt-HotLava, therefore they are not a match."
467,434,0,"Entity A and Entity B refer to different Nike shoes. Entity A is Nike Free Flyknit in the color white, while Entity B is Nike Flex 2016 Run in the colors Black/White/Grey. Additionally, Entity A's color code is 831069 001 while Entity B's color code is Nero/Bianco/Grigio, which is in a different format. Therefore, they are not a match."
468,435,0,"While both entities are men's shoes, Entity A is from Asics and Entity B is from Puma,"
469,346,0,"Both entities refer to Nike shoes but Entity A is a Nike Free Run Flyknit shoe in black and white color while Entity B refers to a 2016 Nike Sneaker Flex shoe, even though they are from different regions the first entity's name translates to Nike Sneaker Flex 2016 rn in English which is the name of the entity B's shoe but it is a Nike Free Run Flyknit shoe in black and white color."
470,436,1,"Both entities are the same Nike Mercurial Veloce II shoe, but referred to differently using different language and presentation style, therefore they’re a match."
156,437,0,"While both entities refer to Nike Air Max shoes, Entity A is the Essential version that matches Sneakersy’s SKU 537384090 and is sold in Poland with a price tag of 579.99 PLN, while Entity B is the Essential version without the ""Essential"" tag and with Sneakersy’s SKU 537384-201, and it is listed as a product for men in the UK with a different price. Therefore, the two entities are not a match."
471,438,0,"r 1Entity A is a pair of women’s duffel bags while Entity B is a pair of women’s running shoes therefore they are not a match.</s>"
242,439,0,"1. Both entities refer to ASICS shoes, but 2. Entity A has a specific color and style (GEL-FUJILYTE), while Entity B has a different color and style (GEL-FORTITUDE 7), which are not the same, 3. Entity A refers to Men's shoes and Entity B refers to Women's shoes, Therefore, they are not a match."
472,440,0,"1. The first entity refers to the Nike Air Force 1 version 07 in black color while the second entity refers to the Nike Air Force 1 07 Low in navy color. 2. The first entity's product code (315122-001) does not match the second entity's product code (488298-436)."
473,66,0,"give an explanation for the third example for why the two entities do or do not match."
474,441,0,"While both entities refer to Nike shoes, Entity A specifically refers to the Nike HypervenomX Finale TF -Blanco/Negro/Verde and Entity B refers to the Nike Tiempo Legend Vi FG-Man Soccer Shoes, which is Black in color, therefore they are not a match."
429,442,0,"relatedlisting In Entity A, the soccer shoes are in blue and green with the color code volt/noir/hyper turquoise, while in Entity B, they are in volt/black/hyper turquoise, however,"
475,443,1,"While both entities refer to the same Puma evoPOWER 3.2 shoes model, Entity A mentions colors in Italian (Bianco/Eclisse Totale/Lava Blast) while Entity B mentions colors in French (Blanc/Eclipse Totale/Lave), both are in English ""white, purple, and red"" so they match."
476,444,1,"Both entities are ASICS Gel Nimbus 19 running shoes for women, and while Entity A is in German and Entity B is in Dutch, the information being conveyed is the same so they are considered a match."
477,44,0,"Both entities refer to Air Jordan shoes, but Entity A specifically mentions Air Jordan 11 Retro Low with the blue moon color, while Entity B mentions Air Jordan 14 Retro Low ""Laney"" Shoes in a specific color scheme, therefore they are not a match."
17,445,0,"While both entities refer to Air Jordan shoes, Entity A refers to a specific colorway called Heriress Air Jordan VI Retro, while Entity B refers to Chameleon Air Jordan 6 in the colorway 907961-015, therefore they are not a match."
478,156,1,"Both entities refer to Nike Lunarglide shoes, they match in color as well as language being either Italian or French, so they're a match."
479,446,0,"y while both entities refer to footwear, Entity A is a Spotlight Pro 2.0 from Under Armour in red and yellow color, while Entity B is an evoTOUCH 2 FG from Puma in black, white and yellow color, therefore they are not a match."
480,330,1,"r Both entities refer to the same Puma evoSPEED shoes model 5.4 with color variations that match, in Amarillo/Azul/Blanco (yellow/blue/white) in Spanish and Jaune/ Bleu Atomique/ Blanc (yellow/ blue/ white) in French, therefore they are a match.</s>"
481,447,0,"While both entities are Nike MercurialX Proximo IC shoes, they have different colors and patterns. Entity A has Seaweed/Volt/Hasta/White while Entity B has Black/Volt/Racer Blue, thus they are not a match."
482,448,1,"1. Both entities refer to the same Nike Air Max shoes model. 2. The naming conventions and translations used in each entity match in terms of language used. For example, the naming convention used in Entity A is ""Nike Sportswear Air Max 1 Ultra SE - Pure Platinum"" uses the English names for the product while Entity B uses the Italian names for the product. Therefore, both entities are considered a match as they match in terms of model, naming conventions and translations used in the product names."
483,449,0,"Both entities refer to Puma shoes but one is for men and the other for children. Therefore, Entity A and Entity B do not match as they refer to different versions of the same shoe meant for different age groups."
468,450,0,"While both entities refer to Men shoes with Black and White color, Entity A is Nike Speed Tr3 while Entity B is Asics Fuze X. The model and brand of both entities are different therefore they are not a match."
484,213,0,"While both entities refer to shoes for men that are speed-focused and are available in blue and white, Entity A is Puma Speed 300 shoes while Entity B is Nike Zoom Speed shoes, therefore they are not a match."
485,451,1,"r>i Both entities refer to Hogan Sneakers in black (gamuza/noche) and with the same name ""Interactive"", therefore they’re a match. The language (de/es) is different.</s>"
486,452,1,"Both entities refer to Concave Volt 1.0 football shoes, black and white in color, for men, they’re also marked with the same style code ""SG"". Therefore, they’re a match.</s>"
487,80,1,"Entity A and Entity B refer to the same product, the Nike Tennis CS with model number 683613 104, therefore they are a match."
488,313,0,"rEntity A refers to the Nike Air Force 1 midnight navy shoe in size UK 48, while Entity B refers to the Air Force 1 Low Upstep BR, designed for women, not a match."
40,78,0,"While both entities refer to Air shoe models from Nike, Entity A refers to a black Air Huarache Run Ultra shoe, while Entity B refers to a Summit Wit/Racer Bluew shoe model from Nike Air Max 1 Ultra collection which is not the same shoe model, therefore they are not a match."
297,453,0,"While both entities are sneakers and reference the Nike WMNS Roshe Two and Air Force 1 models, they are in two different colors (black for Roshe Two and white for Air Force 1 Hi SE) and have different model numbers (844931-002 for Roshe Two and 860544-002 for Air Force 1 Hi SE), therefore they are not a match."
370,454,0,"While both entities refer to Nike shoes, the styles and colors are different. Entity A refers to the Nike Flex 2016 Run, which is black and white with gray accents, while Entity B refers to the Nike Lunartempo 2, which is black and anthracite, therefore they are not a match."
489,421,0,"1. The entities are unrelated, one refers to a type of shoe (basketball shoes) while the other refers to a type of swimming gear (Tiptonic); 2. The entities come from different websites; 3. The entities are not in the same language, Entity A is in English while Entity B is in Chinese. Therefore, Entity A and Entity B do not match as they refer to unrelated products, are from different websites, and are in different languages."
490,455,0,"1 2While both entities refer to speed shoes from well-known brands, Entity A is a Puma Speed 300 IGNITE shoe in blue-red color, while Entity B is a Nike Zoom Speed TR3 shoe in blue-white-black color, therefore they are not a match."
491,456,0,"1. The first entity is in English language and refers to the evoTouch Pro FG soccer boot, while the second entity is in Italian language and refers to the evoSPEED 3.4 Pelle FG soccer boot, therefore language is a difference. 2. Even though both entities have the same brand (Puma) and product name (evoSpeed/evoTouch), Entity B has a different number (3.4) and a different color code (Nero/Giallo/Bianco), while Entity A does not have a color code, therefore color is another difference."
492,457,0,"1352"
493,286,0,"Both entities refer to different Nike shoes, although both are men's soccer cleats. The Tiempo Genio II shoe is not the same model as the Hypervenom Phelon II shoe, therefore they are not a match."
494,458,0,"While both entities refer to cleats, Entity A is Nike Tiempo Rio III SG in Giada Clear/Nero/Volt color while Entity B is Concave Volt + SG in Black/Red color, therefore they are not a match."
495,459,1,"rBoth entities refer to Nike Air Force shoes, white in color with the same model number 315123-111, therefore they’re a match.</s>"
496,460,0,"1 Both entities refer to Puma football boots, however, Entity A is in yellow color, while Entity B is in red color, therefore they are not a match.</s>"
497,461,1,"1. Both entities refer to an ASICS shoe and 2. Both entities have the same name ""GEL-PULSE 8"", however, their color differs, Rosa Diva/Bianco/Viola Scura vs Women DAMEN LAUFSCHUHE ASICS, but since they match in the name of the shoe, they are still considered a match."
498,462,1,"e Both entities are referring to Nike Cortez shoes for women, in the same model number 749864-011, and both have black or white color options, therefore they are a match."
499,463,0,"Entity A is a Nike Free Run Flyknit for women in black and white, while Entity B is a Nike Free Run Distance for women in black, white, blue and green which are different product in terms of its features, colors and design, therefore they are not a match."
500,464,0,"while both entities refer to Nike Tiempo shoes, Entity A is a Legend VI with Silver (SG-Pro) while Entity B is a Legend V with Volt, therefore they are not a match."
501,465,0,"Both entities refer to Nike shoes, however Entity A is the Femme Free Run model with the colors Blue/Black/Red, while Entity B is the Flex 2016 Run model with the colors Blue/Racer/Black/White, therefore they are not a match."
502,365,0,"olike Entity A, Entity B also mentions Nike Air Max shoes but the models differ, Entity A is Air Max Tavas while Entity B is Air Max Thea, moreover, Entity A’s colors (Hyper Kobalt/Biały/Ciemny Niebieski Royal) don’t match with Entity B’s colors (Blanc 599409 101), therefore they are not a match."
503,466,0,"1 While both entities refer to Nike shoes, Entity A is the Nike Flex 2016 Run in blue color, and Entity B is the Nike Free Run in Concord color, therefore they are not a match."
504,467,1,"2. Both entities refer to the same Nike product, the Mercurial Victory FG, in different colorways,"
345,441,0,"While Entity A is a Nike Jr Magista Ola II shoe and Entity B is a Nike Tiempo Legend Vi shoe, the main difference is the color, which is Black in Entity B while Entity A's color is Green, so they are not a match. Additionally, Entity B is described as a Man soccer shoe, while Entity A is not, and also Entity B is targeted towards sports equipment while Entity A is for apparel."
505,468,0,"r entity A refers to Air Jordans 13 Retro in French Blue/Flint Grey-White color, while Entity B refers to Air Jordans 5 Retro in White/Varsity Red-Obsidian, they are not the same shoes, despite being both Air Jordans, therefore they are not a match."
506,223,0,"192.168.0.2"
507,138,0,"r Although both entities refer to Nike Tiempo shoes, Entity A has a different color combination (Nero/Bianco/Arancione Hyper/Volt) compared to Entity B (Noir/ Blanc/ Or), making them not a match.</s>"
508,469,0,"rWhile both entities are women's running shoes from the same brand, ASICS, Entity A is a Cumulus model while Entity B is a GT-2000 model, and the color schemes are also different, therefore they are not a match."
126,470,0,"0123"
509,471,0,"1. Both entities are not in English language, and they are labeled in their respective countries’ language ""@pl and ""@nl"" 2. Entity A refers to children's football boots, while Entity B refers to men's football boots. Therefore they are not a match."
510,472,1,"ies A and B are different models of ASICS Hyper running shoes with the same model number 0743, therefore they are a match.</s>"
511,203,0,"Entity A: [NAME] Nike Sportswear Air Force 1 - Midnight Navy’en Mens Shoes Nike Navy 488298-436 en Label: MATCH Explanation: Both entities refer to the same Nike product, the Air Force 1 in midnight navy color with the model number 488298-436, therefore they’re a match."
512,473,0,"y Though both entities may refer to shoes from different brands, the first entity refers to Puma shoes with ""Patent"" feature while the second entity refers to Nike shoes with ""Mesh"" feature, therefore they are not a match."
513,351,0,"both entities refer to Puma evoSPEED SL shoes, but Entity A is in red while Entity B is in black, therefore they are not a match. The color difference makes them not an identical pair."
3,474,1,"rue both entities refer to Concave shoes, the same model Halo+, but they are in different colorways, with Entity A in Black/Gold and Entity B in Black/Red, therefore they match."
514,475,0,"ries both refer to ASICS shoes, but are not the same model, the names are translated to different languages which are not English and not Spanish, therefore they are not a match."
515,88,0,"i Both entities refer to Air Jordan shoes, but Entity A is specifically a Steel version released in 2013 and is White/Black-Light Steel Grey-Varsity Red in color, while Entity B is a Low version which is White/Varsity Red in color, therefore they are not a match."
516,476,0,"f11622920"
517,477,1,"ration and Training""@en"
518,478,0,"1. Both entities have different names, Air Jordan 1 Mid and Nike Air Force 1 Mid 07. 2. The Entity B’s color is all white, while Entity A is missing the color code information. 3. Entity B is in Polish language and the website address is in Polish language, whereas Entity A’s website address is in English language. Therefore they are not a match."
519,479,0,"1. The language used for Entity A and Entity B are not the same: Entity A is in French, while Entity B is in Dutch, thus, they are not a match. 2. The products are different: Entity A refers to a knit jersey, specifically a Nike Academy 16 Knit 2, while Entity B refers to football shoes, specifically Nike F.C. Free Hypervenom 2, therefore they are not a match."
288,480,0,"1. Entity A mentions ASICS Tiger, not ASICS, 2. Entity B mentions ""Gel Kayano 24 Lite-Show M,"" not ""GEL-KAYANO TRAINER KNIT MT,"" 3. The names of the products and the descriptions also differ, 4. Therefore, they do not match."
520,481,1,"r Both entities refer to Nike Mercurial shoes, ""Mango"" in color with the same model number, they also refer to the same model (SG-Pro) but in different regions, (SG for soft ground and ""pro"" for professional use) therefore they’re a match.</s>"
521,482,0,"While both entities refer to high-vis shoes, Entity A has the Under Armour brand, while Entity B has the Nike brand, Entity A is ClutchFit Force shoes with the color Nero/Graffiti/Giallo, while Entity B is Mercurial Veloce shoes with the color Black/Pink Blast, therefore they are not a match."
522,386,0,"While both entities refer to men's shoes, Entity A is Diadora B.Original in red color, while Entity B is Puma evoSPEED 1.5 FG in black and white color, therefore they are not a match."
523,483,0,"While both entities refer to Nike shoes, Entity A is a Nike Sportswear Air Zoom Mariah Flyknit Racer PRM, black in color, while Entity B is an Nike Air Max 90 Essential in Black-Wolf Grey-White color, therefore they are not a match."
524,484,1,"rationLabel: Both entities refer to Air Jordan Retro shoes in Black color with the same model number ""pure money"" and from The Sneaker Authority"
436,485,0,"r ```css Entity A refers to Adidas Icon 3 Men's Mid Trainer shoes, which are black and white with orange stripes. Entity B, on the other hand, refers to ASICS Gel-Noosa TRI 11 shoes in black, but there is no information available on whether or not they match in terms of color or model number. Therefore, the two entities do not match as the information about the color and model of the shoes is different. ```"
305,486,0,"Both entities are athletic shoes, but Entity A refers to Nike Roshe Two shoes, specifically the black version with model number 844656-001, while Entity B refers to Nike Air Tavas shoes, also in black with model number 705149-009, therefore they are not a match."
525,487,1,"Both entities are versions of Nike Air Max Tavas shoes, for boys and in the same colors: cobalt, white, and blue royal, making them a match.</s>"
526,488,0,"both entities refer to shoes, but their brands are different; Entity A is Asics Gel-Zaraca 4 and Entity B is Nike Train Speed 4, furthermore, Entity A is black/purple/yellow and Entity B is black/white/black, therefore, they are not a match."
527,118,0,"The two entities do not refer to the same type of shoe, as Entity A is a football boot specifically designed for Under Armour's line of ""ClutchFit Force 2.0 FG"", while Entity B refers to Nike's ""Hypervenom Phelon II FG"", which are football boots specifically designed for Phelps' line of Nike products. The only commonality between them is that they are football boots that are designed for specific brands, but the specific features and colors are different."
528,458,1,"easy math solver"
529,489,0,"Entity A refers to a children's soccer shoe and Entity B refers to a computer part for an HP G62 laptop, therefore they are not related and are not a match."
530,490,0,"ies in color and model, Entity A references the Air Max 90 Mid Winter collection in Czech Republic, while Entity B is the Air Max 90 Essential shoe which does not match in color or model number, therefore they are not a match.</s>"
531,491,0,"1. Entity A refers to Asics Gel-Zaraca shoes which are only available in blue and black color options, while Entity B refers to Puma IGNITE shoes that come in a variety of color options including red and silver. 2. Entity A is listed in Spanish with ""@es"" while Entity B is listed in Italian with ""@it"" which indicates a different language. 3. The product tags are structured differently. Entity A uses the tag ""@es"" which indicates the product language, while Entity B uses ""@it"" which indicates the product language. Entity B also uses the tag ""Blast-Arg"
337,492,1,"Both entities refer to children's soccer cleats that are part of the Concave Halo+ line, with the same model in blue and white, therefore they're a match.</s>"
532,493,1,"Both entities are ASICS Gel-Blade 5 shoes in different languages, therefore they are a match."
533,86,1,"g both entities are Nike Tiempo Legend VI football shoes in black, white and orange (Oro in Italian, Blanc in French and Or in Spanish), they share the same model number, and are intended for junior use, therefore they match.</s>"
534,494,1,"r_112"
535,495,0,"Both entities are soccer cleats, however Entity A is Puma’s Liga Classico in Black/White/Puma Silver color scheme while Entity B is Concave’s Quantum + in Black/White color scheme, therefore they are not a match."
536,468,0,"al while both entities refer to Air Jordan 5 Retro shoes, they differ in the color variant. Entity A only has white, while Entity B has White/Varsity Red-Obsidian, therefore they are not a match."
257,86,0,"29100"
537,496,0,"Both entities refer to shoes from two different brands, Nike and Puma, so they are not a match."
376,497,0,"Both entities refer to Nike shoes but Entity A is the Roshe Two while Entity B is the Roshe One with a gender specific name tag (GS), and also with a different price of 599 PLN in Poland. Therefore, they are not a match."
538,498,0,"123 Explanation: Both entities refer to ASICS shoes but Entity A has a specific name ""GEL-RESOLUTION 7"" and is intended for men (for herren in German) and for tennis shoes (Tenisschuhe), while Entity B is a separate shoe named ""ASICS GEL EXCITE 4"" in black (dark grey) and"
539,118,0,"79d81f15e7e6d572e08c6f5fc1e858ab"
540,499,0,"Both entities refer to ASICS running shoes, however Entity A is a NITROFUZE model, whereas Entity B is a GEL-BLADE 5 model, these are not matching as they are different models."
541,500,0,"Entity A refers to a Nike Football cleat called F.C. Free Hypervenom 2 - Black which is for men, while Entity B refers to a Nike Free Train Versatility - Nero/Bianco which is a running shoe for men. Even though they both have the color black and intended for men’s use, they are different models of shoes for different activities, therefore they are not a match."
542,351,0,"�Both entities refer to Puma evoSPEED shoes, but the colors are different. Entity A refers to a Noir Puma/Blanc Rouge colorway, while Entity B refers to a Nero Puma/Bianco Puma/Rosso colorway, therefore they are not a match."
543,501,1,"Both entities refer to Nike Junior Mercurial Victory shoes, with similar color schemes - Rouge Vif/ Violet Persan/ Noir (Red/Purple/Black) in French and Cremise Acceso/Violetto Persiano/Nero (Red/Purple/Black) in Italian, therefore they’re a match.</s> Explanation: Both entities refer to Nike Junior Mercurial Victory shoes, with similar color schemes - Rouge Vif/ Violet Persan/ Noir (Red/Purple/Black) in French and"
544,502,0,"While both entities refer to shoes by Nike, Entity A is a Lunarglide 7 for girls (Nicolle Lundberg) in a specific color scheme of Black/ Silver / Pink and Entity B is Air Max 1 for girls (Roxanne Cardenas) in another specific color scheme of White / Pink / Black, therefore they are not a match."
545,328,0,"although both entities refer to Nike shoes, the model name and color are different, therefore they are not a match."
546,503,1,"r> Entity A: [NAME] ""Keen McKenzie Brindle/Ensign Red""@fr ""Keen - ch_fr""@fr Entity B: [NAME] ""Keen McKenzie Brindle/Ensign Red""@da ""Keen - dk""@da Label: MATCH Explanation: Both entities are for Keen McKenzie shoes, Brindle and Ensign Red in color, therefore they match."
547,261,0,"Both entities refer to Jordan 5 shoes, but Entity A is a “camo” version that is designed with a green camouflage print, while Entity B is a Supreme x Air Jordan 5 version with a white and metallic white color scheme, therefore they are not a match."
548,504,1,"Note: This is a sample output generated based on the provided instruction. The actual response could differ depending on the context and the specific information being referred to."
549,505,0,"ies that are not ASICS, while Entity A are a collection made shoes that are custom-made and handcrafted by Hadrian, the color, brand and function of both entities are different, therefore they are not a match."
545,210,0,"g: The entities are not Nike Air Force or Air Jordan shoes, but instead Nike Sportswear Air Footscape Magista Flyknit and Nike Zoom Winflo 3 shoes, which are different models, therefore they are not a match.</s>"
550,506,0,"t2pe.t2p"
379,507,1,"</s> Both entities refer to Nike Air Force 1 shoes, despite slight color variations in the second entity. The first entity only mentions the brand name ""Air Force 1"" and the second entity provides more specific information about the shoes' color and style, but both entities still refer to the same general product, therefore they’re a match."
551,418,0,"While both entities refer to a Nike Free Run shoe, Entity A's color is purple and violet while Entity B's color is different: blue, green, black and red,"
552,508,1,"Both entities refer to Nike Hypervenom Phelon shoes, in the colors black and yellow (noir/volt), targeting a specific demographic of customers (juniors or children for entity A and men for entity B), both entities are a match."
553,509,0,"rboth entities refer to Nike shoes, but Entity A is the Nike Mercurial Victory IV Football shoes, which are different from Entity B that is the Nike Air Courtballistic 4.1 tennis shoes, therefore they are not a match."
554,510,1,"rueBoth entities refer to Keen Chandler CNX shoes in Black and Gargoyle color, and they are using the same name, so they match.</s>"
520,511,0,"1. While both entities refer to Nike soccer boots and both have the same abbreviation codes, Entity A is an SG-Pro and features Bright Mango/Metallic Silver/Hyper Turq colors while Entity B is an SG-Pro as well, featuring Nero/Bianco/Nero/Oro Metallico colors. Due to the differences in color and the language used in naming, Entity A and Entity B do not match."
555,437,1,"rkBoth entities refer to Nike Air Max shoes with the same color combination: Maize-Black-White and the same model number 537384-201."
271,512,1,"Both entities refer to Air Jordan 5 shoes with the same model number 136027-100, and with a similar description of white with black and fire red accents, so they match."
556,73,0,"1 Both entities are referring to the Nike Tiempo shoe,"
557,513,0,"1. Entity A refers to a specific type of Puma shoe, the evoPOWER 4.3 FG, while Entity B is an image file of swirls in green, which is not specific to a particular shoe brand or model, therefore they are not a match."
558,145,1,"Both entities refer to Classic Polo shirts with linen material, one of them is a vest while the other one is a Breton Tee, which are different in style but they have the same linen material, hence they are a match."
559,514,0,"1. Entity A refers to Nike LunarGlide shoes which are Flyknit while Entity B refers to Nike Air Zoom Structure shoes. 2. Entity A is model FA15 001 while Entity B is model CP. Therefore, both entities are different models of Nike shoes and do not match."
560,515,1,"2 both entities refer to the same product - Nike Air Mid shoes with the same model number 554724-110, and both are listed on Everysize.com, therefore they’re a match.</s>"
501,264,1,"Both entities refer to Nike Free shoes for women, in blue and navy color, they also have the same model number 404, therefore they’re a match."
561,516,1,"r Entity A and Entity B both refer to Nike Pro Rival bras in white/black/black color, so they match.</s>"
562,517,1,"This is a case of non-match, as Entity B provides an added discount code for shopping. While both entities refer to Salvarore Ferragamo Fersea Knee High Riding Boots, the second entity includes a sale code, making it a non-match."
563,518,0,"¡The language of the entities differs in English and Spanish. Also, the model and color of the shoe differs, therefore they are not a match.</s>"
564,519,1,"both entities refer to Nike Free Hypervenom shoes in black color, therefore they match."
565,520,1,"Both entities refer to the 2007 model of Nike Air Force shoes and have the same acronym WB which could stand for ""Women's Basketball"" or ""World's Best"" as both entities could be interpreted in different ways, making it a match"
67,150,0,"dEntity A refers to the GEL-LYTE III shoes specifically for Poland sold for PLN479.99, while Entity B refers to the GEL-Mai shoes for the international market sold for USD108, therefore they are not a match."
566,521,0,"1. Entity A is a product of a shoe brand called Scarpa, which is not a commonly known brand in the global market, whereas Nike is a well-known brand worldwide. 1. The product offered by Entity A is called Mojito Coral Red, which is a particular color combination not commonly found in Nike products. 1. In contrast, Entity B is a product of Nike Air Max shoes and the product is Team Red in color. It is worth mentioning that this is a limited edition shoe. 1. Finally, it is worth noting that while the color may"
567,522,0,"both entities refer to Puma evoPOWER soccer cleats, but Entity A has Blue Yonder/Puma White/Shocking Orange colors while Entity B has Bianco/Eclisse Totale/Lava Blast colors,"
568,31,0,"rEntity A is referring to a specific brand ""Adidas"" and product ""Adipure 360.4 W"" and it is a specific website ""Traininn"" which is an Italian brand and website that sells fitness apparel and equipment. On the other hand, Entity B refers to ASICS and a different product ""GEL-QUANTUM 360 KNIT"" at an Italian website ""it-it"". Therefore, they do not match because the brands, websites, and products are different."
569,79,0,"Both entities refer to Puma evoSPEED shoes but the colors are different. Entity A is Black/Yellow/White while Entity B is Black/White/Red Blast in color, therefore they are not a match."
570,523,0,"y-tter entity A refers to a specific colorway of Puma evoSPEED 5.5 Tricks FG shoes, namely ""Rosa Glo/Giallo Safety/Nero"", while entity B refers to a different colorway, ""Puma Biały/Puma Czarny/Szokujący Pomarańcz"", therefore they are not a match."
571,524,0,"rEntity A refers to the evoSPEED SL FG (FG stands for Football) in a color scheme of Eclisse Totale/Lava Blast/Bianco (Black/Orange/White), while Entity B refers to the evoSPEED 1.4 FG in a color scheme of Lava Blast/Bianco/Eclisse Totale (Orange/White/Black), therefore they are not a match."
572,525,0,"While both entities refer to Air Jordan shoes, they are not the same. Entity A is an Olive version, with Black/True Red-Light Olive color, while Entity B is a Bred version, with Black/Varsity Red-White color, therefore they are not a match."
573,332,0,"Both entities refer to Nike shoes, but Entity A is Nike Lunartempo shoes while Entity B is Nike Air Zoom Winflo shoes, which are two different shoe models, therefore, they are not a match even though they share some common features such as color."
574,526,0,"both entities refer to Keen shoes, however they differ in style and color: Entity A has a ""Presidio"" model, black color whereas Entity B has ""Yoyageur"" model, black olive and inca gold colors, therefore they are not a match."
575,326,0,"1. While both entities refer to ASICS Gel-Quantum shoes, Entity A is a Women's edition while Entity B is for Men. 1. Entity A is in White/Snow/Silver color whereas Entity B is in Black/White/Gray color. 1. The entities are for different regions: Entity A is for the US market and Entity B is for the Italian market, so they are not the same product. Thus, Entity A and Entity B do not match."
576,386,0,"While both entities refer to Puma evo shoes in football, Entity A is in English, Safety Yellow/Black/Atomic Blue in color, while Entity B is in French, Blanc Rouge/Noir in color, therefore they are not a match."
577,527,0,"15 While both entities refer to Nike shoes, Entity A refers to a Nike Zoom Winflo 3 in black, white and anthracite color combination, while Entity B refers to a Nike Zoom Speed TR3 in black, white and navy color combination, therefore they are not a match."
578,273,0,"While both entities refer to Nike Air Max shoes, Entity A is in pink (rosa) and Entity B is black (negro), in addition, Entity A is women's shoes (GS) while Entity B is men's shoes, therefore they are not a match."
493,528,1,"ome Entity A and Entity B both refer to Nike Tiempo Genio II shoes, but the colors of Entity A are different from those of Entity B. The color code and the colors are clear so we can conclude that they match."
579,529,0,"r1162"
580,530,0,"Even though both entities are Nike Free Run shoes, for women in black and white color scheme for Italy and in black, white, red and voltage colors for Spain they are made for different regions, therefore they don't match."
581,531,0,"Both entities refer to Air Jordan shoes sold at The Sneaker Authority, but Entity A is referring to Air Jordan 5 X Supreme Camo, and Entity B is referring to Air Jordan 11 Retro GG Velvet,"
582,532,1,"r Entity A and B both refer to Puma Classico SG shoes, they are of the same color (Black/White) and Puma brand, therefore they are a match."
420,533,1,"Both entities refer to Concave Quantum 1.0 SG shoes, black and white in color, so it's a match. Note that the entities have been provided in French and Dutch language tags, but the content is the same for both entities."
583,534,0,"1. While both entities refer to running shoes, they are from different brands, ASICS vs Nike. 2. The information provided such as the availability of the product, currency and region are different."
584,535,0,"While both entities refer to Air Jordan shoes, Entity A is a Royal Blue 2017 model while Entity B is an Air X 5663 model, therefore they are not a match."
585,536,0,"Entity A refers to a specific style of Air Jordans (Infrared) while Entity B uses the abbreviation ""VI"" for 6th version of Air Jordans, as it's written in French and does not mention the specific color. Also the language difference between English and French, also not the same sale options, therefore they are not a match."
586,305,0,"rue the entities both refer to men’s shoes for training and running, Entity A refers to Adidas Velleio Men’s Shoes which have a white, black, and silver color combination, while Entity B refers to Nike Zoom Speed Trainer Men’s Training Shoes which have a green, black, and white color combination. Therefore, they are not a match."
346,214,0,"While both entities refer to Air Jordan shoes for sale, Entity A is a specific version called Copper Statue that is White, Black, and Militia Green in color, while Entity B is Laney that is Varsity Royal/Black-Varsity Maize-White in color, therefore they are not a match."
587,230,0,"Both entities refer to Nike Air Max shoes, but Entity A is for Platino/Azul men shoes while Entity B is for white/cool grey and infrared black men shoes, with a different model number 819474-106, therefore they are not a match."
588,537,0,"r\* Both entities refer to a pair of shoes, but Entity A is labeled ""David Spencer Marco Casual Shoes"" in English, while Entity B is labeled ""Asics Fuze X Lyte 2 - Thunder Blauw/Zwart/Wit"" in Dutch, therefore they are not a match."
506,159,0,"entity A and entity B both mention the ASICS brand, but the models and colors are different. Entity A mentions a Donna Fuze X with a Black and Red color scheme while Entity B mentions a Gel-Respector Shadow in Black color. Therefore, they are not a match.</s>"
589,359,0,"rue Entity A is a Hi version of the Air Force 1 shoes in purple while Entity B is a Low version in white, furthermore Entity A is a Polish version (99 PLN) while Entity B is a European version (EUR), therefore they are not a match.</s>"
11,538,1,"Both entities refer to the same Puma soccer cleat called evoSPEED SL II, with a leather upper and tricks colorway,"
129,539,0,"1. Entity A is Hyper MD 6 shoes that are yellow in color while Entity B is Nike Free Run shoes that are purple in color, therefore they are not a match."
590,540,0,"The two entities refer to different Keen shoes. Entity A is the McKenzie Brindle/Ensign Red color, while Entity B is Clearwater CNX Black/Yellow color. Entity A uses @pt to represent ""Keen - pt""@pt (potentially Portuguese version of the shoe name) while Entity B uses @da to represent ""Keen - dk""@da (potentially Danish version of the shoe name). Therefore,"
591,541,0,"0 0 The second entity mentions ""Buty"" which is Polish for shoes and ""czarny"" which is Polish for black in contrast to the first entity that mentions ""Atletiek"""
592,542,0,"while both entities refer to shoes from the ASICS brand, they differ in their color (vielfarbig in German means multiple colors) and model number (T626N for Entity A and T630N for Entity B), also Entity A has a different product name ""ASICS GEL NOOSA TRI 11"" while Entity B is ""GEL-RESOLUTION 7"", therefore they do not match."
593,543,0,"While both entities refer to Puma shoes, Entity A is an evoPOWER 4.3 Youth FG model, which is available in Safety Yellow/Black/Atomic Blue, while Entity B is an evoPOWER 3.3 FG model available in Blu/Bianco Puma/Arancione, therefore they are not a match because the colors are different and also the model is different."
594,544,0,"While Entity A refers to Nike Air Force Low shoes in LE color way, Entity B is not in LE color way and is in Midnight Navy / White color way with the same model number, therefore they are not a match."
595,545,1,"both entities refer to the same Keen Daytona shoe model with the color ""Black Olive"", but are in different countries, Germany (de) and France (fr), so their labels are the same."
596,546,0,"While both entities are Puma soccer cleats, Entity A is the evoPOWER version which is Bleu/Blanc in color, while Entity B is the evoTOUCH version which is Negro/Blanco/Amarillo in color, so they are not a match.</s>"
597,547,0,"While both entities are Nike shoes, Entity A refers to a specific model of Free Run in Blue color, while Entity B refers to a different Nike product, the Free RN Women’s Running shoes in a different color, therefore they are not a match."
598,548,0,"giving the same name, Ariat Men's Fuse Rodeo and Nike Flex 2016 Run are not the same product. The first is a boots type of shoe while the second is a running shoe,"
152,549,0,"While both entities refer to Nike shoes, Entity A is Roshe Run, and Entity B is Air Max Tavas, they also differ in color, model, and availability, so they cannot be considered a match."
599,550,0,"Both entities refer to Nike children’s shoes, but they have different models (Nike MercurialX Pro IC vs. Nike HypervenomX Proximo IN), and also different colors (Schwarz/Gold/Rot vs Volt/Noir). Therefore, they are not a match."
600,551,0,"Both entities refer to shoes, one is Puma Basket while the other is Nike Train, although both are classic styles, they are made by different brands, therefore they are not a match."
601,476,0,"r_109"
602,552,0,"rity A refers to sandals while Entity B refers to a running shoe, therefore they are not a match, even though both brands are Nike and the color scheme is similar for both entities."
603,553,0,"Entity A: A pair of Nike Mercurial Vapor shoes in a limited edition, total cream, volt and red blast color. Entity B: A pair of Nike Mercurial Veloce shoes, in black and red. Explanation: Although they belong to the same Nike Mercurial Vapor line, the color combination of the shoes is different. Hence, they do not match."
270,554,0,"r while both entities can be categorized as images of shoes, Entity A represents a Cage Swirls style of Nike Air Jordan shoes, while Entity B represents a Puma evoSPEED shoe in specific colors, therefore they are not a match.</s>"
157,555,0,"e: while both entities are Nike shoes, Entity A refers to the Nike Free Train Versatility model while Entity B refers to the Nike Zoom Winflo 3 model, they are different shoes, therefore they are not a match."
604,556,0,"Both entities refer to Puma Suede shoes but Entity A has a different color combination 352634-05 (Black, White) while Entity B has a different combination 352634-03 (Black, White, Red) therefore they are not a match."
605,557,0,"1881"
606,558,0,"Though both entities refer to Nike shoes and have similar names, Entity A is Lunarglide 7 while Entity B is Lunartempo 2, even though they both have similar colors; therefore, they are not a match."
607,559,0,"2. While both entities refer to junior soccer shoes, Entity A is a Nike Mercurial Vortex III in black and pink, while Entity B is a Puma evoSPEED 5.5 Tricks in yellow, black and pink, therefore they are not a match.</s>"
141,560,0,"While both entities are Nike Tiempo shoes, Entity A is in Italian which refers to a Bianco/Nero/Arancione colorway (white/black/orange) while Entity B is in English which refers to a Black/White/Hyper Orange/Volt colorway (black/white/orange/volt) which is different from Entity A, so they are not a match."
369,561,0,"While both entities refer to Nike shoes on the website ""everysize.com"", the first entity is Nike Air Force Mid GS and has model number 314195 113, while the second entity is Nike Air Max Thea and has model number 599409 020, therefore they are not a match as they are two different types of shoes with different model numbers."
44,562,0,"1. The first entity is for men's Nike Air Max 1 Mid Sneakerboots, while the second entity is for Nike Air Max 90 Flash GS shoes for women. Therefore, they are not a match as they are not for the same gender. 2. The second entity's reference is for black summit and white Air Max 90 Flash GS shoes, while the first entity's reference is for black and brown Air Max 1 Mid Sneakerboots. Therefore, they are not a match as they are not referring to the same colorway."
608,563,0,"While both entities refer to Puma shoes, Entity A mentions evoSPEED 3.5 while Entity B mentions evoPOWER 4.3, and Entity A is in Spanish while Entity B is in French, therefore they are not a match."
609,564,1,"r39406393"
610,565,0,"r12345"
611,566,0,"f While both entities refer to shoes, they differ in the brand, design and color, therefore they are not a match."
116,567,0,"1. Entity A refers to the Nike Air Zoom Pegasus 33 in black/white/pink/green color for women, 2. Entity B refers to the Nike Air Zoom Pegasus 33 in black/white/cool gray color for women and 3. The color of the Nike Air Zoom Pegasus 33 is different in both entities, therefore they don't match."
612,326,1,"Both entities are referring to Gel Quantum 360 Knit running shoes by ASICS, one for women and the other in the Italian language, therefore they’re a match."
613,568,0,"Both entities are ASICS men's shoes, but while Entity A is a GEL-LYTE III in the ESP version, Entity B is a GEL-LYTE III Future Pack in the Mid-Blue version, therefore they are not a match."
614,569,1,"Both entities refer to the Nike HypervenomX Finale TF shoes, in Volt-Noir-Hyper Turquoise color, they also have the same name, Nike HypervenomX Finale TF, and model code, thus they are a match."
507,570,1,"Both entities refer to Nike Tiempo shoes with a similar design, however they are available in different colors, so they match even though the color is different in one entity compared to the other."
615,571,0,"Entity A refers to a Hogan brand of sneaker called ""Interactive Sneaker"" in color and style, sold in European countries by Brunarosso, while Entity B refers to an Asics brand of sneaker called ""Gel Kayano Trainer EVO H621N-4950"" in color and style, sold in Latin American countries by Longlou. Therefore, Entity A and Entity B are not a match."
616,572,0,"Both entities refer to Nike shoes, but Entity A is Tiempo Legend V FG and Entity B is Mercurial Superfly V Ronaldo FG, which are different models, the first one is a football shoe and the second one is a football boot, therefore they are not a match."
617,573,0,"Entity A refers to a men's shoe with a specific model name in Dutch, and it appears to be a GEL-RESOLUTION 7 with a specific color, and it is labeled as men's shoes. Entity B refers to a men's shoe with a specific model name in Italian, and it appears to be a GEL-EXCITE 4 with a specific color, and it is labeled as men's shoes. Therefore, while they are both the same shoe from the same brand, with similar features, the language in which they are labeled makes them not a match."
51,334,0,"Entity A is a general term used to refer to the Air Max 90 model, while Entity B is a specific version of the model called the ""Essential"" version in White color and the ""Purchaze"" feature, which makes it not a match."
618,504,0,"r Both entities are Nike shoes, but Entity A refers to the Women's version of Air Max Zero in Glacier Blue, while Entity B refers to the Men's version of Air Max 90 Ultra Essential in Black, therefore they are not a match."
619,574,1,"# Examples Entity A: [NAME] Nike Sportswear Air Force 1 - Midnight Navy’en Mens Shoes Nike Navy 488298-436 en Entity B: [NAME] ""Nike Air Force 1 ’07 Low midnight navy / white (488298-436)""eu (488298-436) | Bludshop.com"" eu ## Label: MATCH Explanation: Both entities refer to Nike Air Force shoes, navy in"
133,575,0,"Entity A refers to a women's Nike Classic Cortez shoe in black leather and white stripes while Entity B refers to a Classic Cortez Leather shoe in black leather and black stripes, so they are not a match."
620,576,0,"ies from the same brand and model, but Entity A is specifically the H7M4L 0202 variant which is a limited edition and Entity B is the H637Y-4242 variant which is not a limited edition, therefore they are not a match."
621,577,0,"Both entities refer to Nike shoes, but Entity A refers to the Nike Benassi JDI slippers and Entity B refers to the Roshe One, they have different models, colors and are different types of shoes, therefore they are not a match."
622,578,0,"r Both entities refer to Air Jordan shoes, but they are not the same model, Entity A has model 543830-010 which is Air Jordan 11 Low while Entity B is a model 543833-011 which is Air Jordan 5 Retro, Therefore they are not a match."
229,579,1,"Both entities refer to Puma IGNITE mesh shoes for women, in different colors with the same name, therefore they’re a match."
369,82,0,"ries A and B both refer to shoes but they have different brands, Entity A is Nike Air GS while Entity B is Basketmania Air Jordan I Retro High GS therefore they are not a match."
444,580,0,"ies, Entity A is a Tricks version while Entity B is a Piel II version, both have different models, the color in Entity A is different from Entity B, so they don't match."
483,581,0,"While both entities refer to black soccer shoes with voltage and white color, Entity A is a Puma Esito Classico SG shoe while Entity B is a Nike Tiempo Legend V FG shoe, therefore they are not a match."
294,582,0,"ies: ASICS. While the ASICS Gel-Lyte III may be a good option for men's running shoes, the colors of the split camo, black/bright green, do not match in Entity B."
623,583,0,"rWhile both entities refer to ASICS shoes with the same color (Donna), Entity A specifically mentions that it is a Women's Fast Running Shoe with the GEL-DS TRAINER 22 NC model, while Entity B refers to a Women's Road Running Shoe with the GEL-NIMBUS 19 model, therefore they are not a match."
624,584,0,"ies, while both entities refer to soccer shoes, Entity A is a Magista Opus shoe with a different design, while Entity B is a Hypervenom Phantom shoe with a different design, and different labels in the code, therefore they are not a match."
625,585,1,"Both entities refer to the same shoe model, the Puma Suede Classic, but in different colors (Czerwone/Białe vs Czerwoną), and the price, the second entity is more expensive than the first, therefore they’re a match.</s>"
626,351,0,"While Entity A and Entity B are both Puma evoSPEED shoes, Entity A is a 4.4 FG model with a Lava Blast/Bianco/Eclisse Totale color scheme, while Entity B is a 4.4 SL S II model with a Nero/Bianco/Rosso color scheme, therefore they are not a match."
411,586,0,"796 Both entities refer to Asics shoes, however Entity A refers to a specific model, Gel-Respector, black in color, while Entity B refers to a different model, Gel-Zaraca, with different colors, Methyl/Nero/Argento, therefore they are not a match.</s>"
94,175,0,"both entities are Nike shoes, but the model numbers do not match. 843937-002 and 882119-004 are for the Train Speed 4 and Zoom Complete models respectively, thus they are not a match."
627,587,0,"The two entities are not a match because they refer to different pairs of shoes, different colorways. The first pair is in black and gold, while the second pair is in white and lime."
628,588,0,"both entities refer to Nike soccer shoes, but the second entity is not a match because it’s the Spanish language version of the Nike Mercurial Victory V FG, which is black with red and yellow accents, while Entity A is not available in a Spanish version and features a platinum, black and orange colorway, therefore they are not a match.</s>"
629,589,1,"ors both entities refer to Top Winner Mesh Puma shoes, although in different colors, blue/yellow and blue/yellow respectively, but they both match the given criteria and therefore they are matches."
591,590,1,"2021 7 9 Both entities refer to Nike Junior Hypervenom Phantom II FG shoes, in colors Volt/Black/Hyper Turquoise and Volt/Nero/Hyper Turchese, therefore they are a match."
630,73,1,"2nd answer: Entities A and B both refer to Nike Tiempo shoes, and despite the slight differences in the order of the color names, the colors mentioned are the same and the shoes are also the same model, so they’re a match.</s>"
631,591,1,"r_both entities refer to Nike Air Force shoes, both in mid cut and white in color with the same model number 366731-100, therefore they are a match.</s>"
552,118,0,"yBoth entities refer to Nike Hypervenom shoes, with a silver/ black/ green color scheme and model number Phelon II FG, but Entity A is for children while Entity B is for men, therefore they are not a match."
632,592,1,"Explanation: Both entities refer to Air Jordan VI shoes, specifically the Retro GS Premium “Heiress” version with Black/White color and in a girls size. Entity B also mentions Heriress, which is the same name as that in Entity A. So, both entities match based on the criteria given."
633,172,0,"While both entities refer to ASICS shoes, Entity A is the GEL-Kayano Trainer Evo specifically in color Black, while Entity B does not specify the color and the price is different, therefore they are not a match."
367,593,0,"g. While both entities refer to cheap Air Jordan shoes, Entity A is Red Velvet while Entity B is Dunk From Above, and they also have different colors in their midsole, therefore they are not a match."
634,594,0,"While both entities are Nike Mercurial Victory FG shoes, they refer to different color schemes, as the first color is Mangue (Mango Reddish-Brown), while the second one is Persiano (Pinkish-Red), therefore they are not a match."
635,595,0,"1. Entity A mentions a retailer (Sneakersy) in Polish language ""pl"", while Entity B does not mention any retailer. 2. Entity B mentions a specific color combination (Midnight Navy/Mid White) while Entity A does not. 3. Entity A mentions a SKU number 537384111, which is different from the SKU number in Entity B"
392,36,1,"Explanation: Both entities refer to Nike Air Zoom shoes, while their colors are slightly different, white instead of electrolime green, but both entities still match as they belong to the same Air Zoom shoe line and have the same color palette of white and black."
636,347,0,"e. While both entities refer to Nike Mercurial Vapor shoes, they have different target demographic. Entity A is designed for Adults and Entity B is designed for Juniors, therefore they are not a match. Additionally, Entity A is Osso Chiaro/Nero/Nero and Entity B is Blu Squadron/Nero/Volt in color, they are not the same colors."
15,342,0,"rue to the different colors of the shoes. Entity A is black and has the model number 833928-004 while Entity B is grey and has the model number 511881-026, therefore they are not a match."
637,596,0,"1. Although the names of both entities are similar, they are referring to different models: Donna Fuze X Lyte vs Donna Fuze X. 2. The colors do not match: Onice/Bianco/Turchese vs Nero/Rosa Diva. 3. The text at the end of each entity is not the same, making them different products. Therefore they are not a match."
638,597,0,"ries for the two entities are different, Entity A is for men's shoes in black, white, antracyt and dark gray colors and Entity B is for women's shoes in black, white and cool gray colors, therefore they are not a match."
639,299,1,"ries A and B are both Air Max 1 shoes, however, Entity A is in English language and targets the English market with ""Sportswear"" and ""GS"" label for Girls' shoes, while Entity B is in French language and targets the French market with ""Fille"" label for female shoes, therefore they’re a match.</s>"
640,579,0,"ies are sneakers with similar design features, the two entities are not a match because one is labeled as a Fendi shoe and the other as a Puma shoe."
641,598,0,"While both entities refer to Puma soccer shoes, Entity A is evoSPEED 5.4 FG, Safety Yellow/Atomic Blue/White, while Entity B is evoPOWER 4.3 FG, Blu/Bianco/Arancione (Italian translation), therefore they are not a match. They are in different colors and model variations."
642,599,0,"Both entities refer to Puma shoes, but they are from different regions and in different colors, the American version is White-Atomic Blue-Red Blast while the Spanish version is Black/Asphalt/Red/Silver, therefore they are not a match."
643,600,0,"r While both entities refer to Nike soccer shoes for juniors, the color of the entities do not match. Entity A is black with a gold sole while Entity B is turquoise and the soles are silver, therefore they are not a match."
644,80,0,"iAlthough both entities refer to shoes, Entity A is the Puma Suede Classic in black, while Entity B is the Nike Tennis Classic in 683613 104 (black and orange), therefore they are not a match."
645,601,0,"Both entities refer to Nike Air Max shoes, however the product name, features and color on both websites are different, thus they are not a match. In addition, the language used for entity B is Spanish."
646,546,0,"Please note that the given information is incomplete and that the entities could match in another context or with additional information. This is only an example and the entities are considered as not a match based on the provided information, where both entities refer to different colors and collections of the same model, the EVOTOUCH 2, in Spanish and English respectively. Therefore, even though the name of the shoe is the same, the other attributes such as color and collection do not match."
119,272,0,"Both entities refer to ASICS GT-2000 shoes for men and women respectively but they’re in different languages, while the 5th colorway is different for men and women, therefore they are not a match."
647,303,0,"1. Entity A refers to ASICS Gel-Lyte III shoes that are black in color, while Entity B refers to an ASICS Gel-Lyte Runner in green and guava colors, which is a different shoe model. 1. The @fr and @eu tags refer to different languages. Therefore, they do not match as they refer to different shoe models and colors, and are written in different languages."
648,602,0,"While both entities refer to shoes, Entity A is Asics Lethal Speed SG which is Blu Elettrico/Bianco/Giallo Flash in color while Entity B is Concave Quantum + SG which is Noir/Blanc in color, therefore they are not a match."
649,603,0,"While both entities refer to Nike Free Run shoes, they are not a match because Entity A is designed for men and is Blue/White/Red in color, while Entity B is designed for women and is Blue/White/Gray in color."
310,604,0,"1. Entity A is Keen Harvest MJ while Entity B is Nike Dualtone Racer 2. Entity A is in midnight navy color while Entity B is in dualtone blue and white colors. 3. Entity A is a different brand than Entity B."
650,605,0,"While both entities refer to Nike Mercurial Vapor X shoes, Entity A is a FG (Firm Ground) version for men and in white with black accents, while Entity B is a FG version for kids and in blue with accents of black and yellow, therefore they are not a match."
651,606,0,"1. Both entities refer to Nike shoes and both models are the Flex 2016 Run, which is a cross platform running shoe. 2. However, the colors used to describe the shoe are different. The colors for Entity A are blue, black and white. While the colors for Entity B are black, silver, red and white. The shoes do not have an exact match in color when compared side by side."
652,528,0,"1 While both entities refer to Nike Tiempo Genio shoes, Entity A is Red/Silver color, while Entity B is White/Blue/Green color, therefore they are not a match. The entity labels are in different languages, en-US, fr and it, but this does not affect the fact that they are not a match based on the color of the shoes."
653,607,0,"1st Nike F.C. Air Footscape Magista FK is a men's shoe that is Rouge in color, while the 2nd Nike F.C. Roshe Tiempo VI is a men's shoe that is Black in color, therefore they do not match in terms of color.</s> Entity A: [NAME] ""Nike Air Max Thea Running Shoes - Women's 9.5""en "" Nike Air Max Thea 9.5 Running Shoes - Women's ""en Entity B: [NAME] ""Nike Air"
114,12,0,"2020"
654,325,0,"1. Both entities are different Nike shoes 2. Entity A uses English language ""@it"" character while Entity B uses Spanish language ""@es"" character 3. Entity A is Nike Air Vapormax while Entity B is Nike Air Footscape Magista Flyknit, therefore they are not a match."
655,508,0,"�While Entity A refers to an Nike Junior Hypervenom shoe and Entity B refers to a Nike Hypervenom Phelon II shoe, Entity A is in French language and Entity B is in Italian language."
656,608,1,"r66e35t"
657,138,0,"r Both entities refer to Nike soccer shoes, black and white colorway, however, the Entity A is the Tiempo Legend VI model while Entity B is the Tiempo Genio II model, thus they are not a match."
325,609,0,"Although both entities are Nike training shoes in similar styles, Entity A is the Speed Trainer in green, black, and white color, while Entity B is the Speed TR3 in blue, black, and white color, and since it is in a different language, it is not possible to determine if it is also the same shoe. Therefore, they are not a match."
658,610,1,"rue"
82,611,0,"Explanation: While both entities refer to Nike Tiempo shoes, Entity A is SG-Pro version which is Anthracite/ Noir/ Volt in color, while Entity B is Rio III version which is Giada Clear/Nero/Volt in color, therefore they are not a match."
528,612,0,"1. Entity A is in Italian while Entity B is in Polish. 2. The names of the shoes are different: Concave Volt vs Buty Concave Quantum and SG vs FG 3. The colors are different: Nero/Rosa vs Biały/Czarny, Therefore, Entity A and Entity B do not match in terms of name, language, and color of the shoes."
659,284,1,"Entity A and Entity B both mention Nike Hypervenom shoes and the abbreviation of FG, meaning Firm Ground, indicating that they are soccer shoes. The color difference of white for entity A versus Blanco/Negro/Naranja total/Volt for entity B is still a match because it’s referring to a different version of the shoe, the Nike Hypervenom Phelon II FG."
660,71,0,"In addition to"
661,613,0,"Both entities refer to Nike Lunartempo women's shoes but they come in different colors, while Entity A is orange/black/white and Entity B is blue/pink, therefore they are not a match."
662,383,0,"Both entities refer to Nike Air Zoom Pegasus shoes, however the colors are not the same. Entity A describes the shoe in Nero/Bianco/Antracide/Grigio or black/white/anthracite/gray color whereas Entity B describes the shoe in Bleu Marine/Argent/Carmin or blue navy/silver/maroon color, therefore they are not a match."
663,614,1,"Both entities refer to the same Nike Air Max 90 ULTRA 2.0 LTR shoe."
664,615,1,"Both entities refer to the same product, ASICS Kids Running Shoes GS, but one is listed in Dutch and the other in French, therefore they’re a match in terms of product but not of language."
474,248,1,"Entity A and Entity B both refer to Nike HypervenomX Finale TF shoes, in white, black and green color respectively, with the same model number ""@es"" ""@it"", therefore they are a match."
665,383,0,"Both entities are referring to Nike Air Zoom Pegasus shoes, however Entity A mentions the colors Viola, Bianco, Lyl Bl, Nero and Rosa, while Entity B mentions the colors Blue Marine, Argent and Carmin. These colors are different, therefore these two entities are not a match."
666,598,1,"both entities refer to Puma evoPOWER 4.3 FG shoes in blue and white color with ""Arancione"" (orange) as an accent color, so they are a match despite the language difference."
15,616,1,"al Both entities refer to Nike Roshe One Premium shoes in black, and the names are similarly labeled, ""Premium"" and ""Negro"", and ""Women"" and ""para mujer"" respectively, hence it's a match.</s>"
667,617,0,"Although both entities refer to cheap Air Jordan shoes, Entity A is a Retro Black/Infrared version of Air Jordans 6, while Entity B is a Bred version of Air Jordan 13 which is different in color, therefore they are not a match."
668,527,0,"1. The first entity refers to Nike Zoom Winflo 3 shoes in blue, white and black color while the second entity refers to Nike Zoom Speed TR3 shoes in vert (french for green), white and noir (french for black) colors. 2. The color difference between blue and vert can be considered substantial, so the entities are not considered a match."
35,618,0,"Entity A refers to Nike Jordan Air Jordan 1 shoe, specifically the 554724-040 model, sold at upclassics. Meanwhile, Entity B refers to Nike Air Vortex Leather shoe, with the model number 918206-002 and it’s sold at purchases. They are not a match as they are different models, even though they belong to the same brand."
669,381,0,"While both entities refer to Air Jordan shoes, Entity A is in Midnight Navy color, while Entity B is in Columbia color, therefore they are not a match."
670,619,0,"1. Both entities reference Concave Scarpe (shoes) with the same SG model, but Entity A has a Noir/Bianco color combination while Entity B is Noir/ Rose, 2. They are from different countries, Entity A is from Italy and Entity B is from France, 3. They have different branding, Entity A has the @it symbol and Entity B has the @fr symbol. Therefore, they are not a match."
671,620,0,"i Entity A refers to Nike Air Max shoes in black color with the code 302519-001, which is not the same as Entity B which refers to Nike Air Essential shoes with the code 537384-111, therefore they are not a match."
672,621,1,"Both entities refer to the Nike Sportswear Classic Cortez Nylon shoe in black color, with the same model number 807472-011, therefore they’re a match."
11,622,0,"r Entity A and Entity B are similar in their name and language (English vs Dutch), but Entity B uses ""Zwart"" for black which is a more common term in Dutch, ""Puma evoSPEED SL Leder II FG"" refers to the same shoe but in Dutch, ""evoSPEED SL II Leather Tricks FG"" in English, Entity A uses ""FG"" for football ground which is a more common term in English, ""The Soccer Factory"" also includes the specific soccer store information, whereas ""evoSPEED SL Leder II FG"" only mentions the shoes"
515,535,1,"rueEntity A refers to the Air Jordan 10 Retro “Steel” and Entity B refers to Air Jordan X both shoes are part of the Air Jordan Retro collection, they have the same release year of 2013, so they are a match."
673,623,1,"r1 Both entities refer to Scarpa shoes and are the same model name ""Mojito"" and color ""Coral Red"", and have the same code ""@de"" and ""@pt"" so they match.</s>"
674,624,0,"while both entities refer to Nike Jr Mercurial Victory shoes, Entity A is in Bright Crimson, Persian Violet and Black color whereas Entity B in White color, therefore they are not a match. Also the Entity B in German language while Entity A in English language, which means the product descriptions are different."
675,192,0,"1. Both entities are Soccer shoes 2. Both entities have the tag SG - Stand For Street soccer. 3. However, Entity A is not Nike, it's Concave shoes, and the colors are Noir/ Rose and not Jade/ Noir/ Volt, so they do not match."
676,625,1,"Both entities refer to Nike SB Stefan Janoski shoes with the same colorway of white and wolf grey, and have the same model number Zoom Stefan Janoski L. Therefore, they are a match.</s> Entity A: [NAME] ""Adidas NMD R1 Primeknit Boost Running Shoes in the color Black-Coral-White""en Entity B: [NAME] ""Adidas NMD R1 Primeknit Boost Running Shoes in the color Black-Pink-White""en Label: NOT A MATCH Explanation: While both entities refer"
677,356,0,"While both entities refer to cheap Air Jordan shoes on sale, Entity A is for the 2018 model which is Black/True Red/Light Olive in color, while Entity B is for the 2017 model which is Infrared 23/Black-Infrared 23 in color, therefore they are not a match."
678,626,0,"Both entities refer to Nike shoes, but Entity A is a Nike Air Max shoe, specifically the 90 ULTRA 2.0 model, while Entity B is a Nike Torba shoe which is a backpack, therefore they are not a match."
679,555,0,"While Entity A refers to Asics Gel-Trounce shoes, Entity B refers to Nike Zoom Winflo shoes, with different colors in both shoes. The Asics Gel-Trounce shoes are Indigo Blue/Silver/Flash Yellow in color, while the Nike Zoom Winflo shoes are Blue Racer/Blu Glow/Nero/Bianco. Therefore, they are not a match."
680,627,0,"Both entities mention Puma evoSPEED SL shoes but the model numbers are different, specifically Entity A's model number has an ""S II"" while Entity B's model number does not, and therefore it is not a match."
681,628,1,"1. Both entities refer to the same product, Keen Alamosa shoes 2. Both have the same colors - Chocolate Brown / Bronze Green. 3. Therefore, both entities match."
329,629,0,"Although both entities might deal with products (tires and shoes respectively), they are not related or match as they do not refer to the same brand or similar products."
148,630,0,"While both entities refer to Nike Hypervenom shoes, Entity A has an English name with silver, navy and green colors, while Entity B has an Italian name with black, orange and purple colors, therefore they are not a match."
682,631,1,"ries ""Nike Air Essential"" and Entity B also mention the same model number ""616730-113"", both of which are for women, therefore they are a match."
427,588,0,"While both entities refer to Nike football shoes, Entity A is a Tiempo Mystic V in the colors of silver, black, and orange, while Entity B is a Mercurial Victory V in the colors of yellow, red, and black, therefore they are not a match."
683,632,0,"The entities refer to different types of Nike shoes; Entity A is Nike Mercurial Vortex III shoes while Entity B is Nike Tiempo Legend V shoes. Entity A's color is Laser Orange/Black and Entity B's color is Azul/Blanco/Volt/Negro, therefore they are not a match."
684,633,0,"124 Entity A refers to Concave Halo+ shoes in blue/white color, while Entity B refers to Puma Youths evoSPEED 5.5 shoes in black/white/red color, therefore they are not a match."
685,634,0,"While both entities refer to Nike Air shoes, Entity A is Nike Air Max 97 - Summit White, while Entity B is Nike Air 2016 - 806771 001, therefore they are not a match. The"
165,635,1,"rBoth entities are variations of the same Nike soccer cleats, Nike Junior Mercurial Victory FG, in the same bright crimson color scheme with minor differences in the shades, therefor"
10,300,0,"While both entities refer to Air Jordan shoes, Entity A is a Laney version which is Maize-Black-White in color, while Entity B is a 2017 release that is White-Red-Black in color, therefore they are not a match."
686,636,0,"1. While both entities refer to Nike Air Footscape Magista shoes, Entity A has a Karminrot/Schwarz/Gold color scheme, while Entity B has a Rouge color scheme. 2. The name of the model in Entity A includes ""Magista Flyknit,"" which is not present in Entity B. 3. The names of the entities are in different languages, @de and @fr respectively, while the tagging information is also in different languages."
687,637,0,"Both entities refer to Air Jordan shoes and are from The Sneaker Authority, however they mention different models, colorways and product type, so they are not a match."
688,105,0,"Both entities refer to Nike shoes but Entity A is black/anthracite/white while Entity B is blue/black/white, therefore they are not a match, it is also important to note that the languages differ, the first is in english and the second in spanish."
689,638,0,"8395"
690,639,0,"11:27 AM on May 09, 2023"
2,640,0,"While both entities refer to female-specific Nike shoes, Entity A is Air Force 1 while Entity B is Air Max, thus they do not match despite having similar color and design number."
691,641,0,"Both entities refer to Nike shoes, but Entity A is a Roshe Run in Azul marino/Negro/Blanco (marine blue/black/white) color, while Entity B is a Free RN in 831508 100 color (unknown), therefore they are not a match.</s>"
692,642,1,"Although the names of the products are a bit different in each language. Both entities are referring to the same Nike product in terms of color-Carmin/Volt/Rosa (Crimson/Yellow/Pink) in each language."
589,643,0,"Entity A refers to a specific Nike Air Force 1 High shoe, in a limited edition CZARNY design, in black color and size 369, while Entity B refers to a different design of Air Force 1 Mid shoe,"
693,644,1,"r2020-07-13"
694,197,0,"both entities refer to Keen shoes with black uppers, however, Entity A is the Chandler CNX model with ""Gargoyle"" as the color name in French, while Entity B is the Wichita model with ""Drizzle"" as the color name in Dutch, therefore they are not a match.</s> I hope this helps!"
350,645,0,"while both entities are shoes made by Puma, Entity A refers to the Puma King II FG and the color is yellow and black, while Entity B refers to the evoSPEED 3.4, which has different colors - black, safety yellow, and white - so they are not a match."
654,646,1,"r Both entities refer to the same Nike product, the Air VaporMax Flyknit, which is black and is likely to be the same edition, thus it's a match."
553,647,1,"Both entities refer to the same product, Nike Mercurial Victory IV football boots in yellow color 555613 703, and are targeted at different countries, therefore they match.</s>"
695,648,0,"Both entities are referring to the same Nike Magista shoe, but one is ""enfant"" size and the other is ""homme"", meaning child size and adult size respectively, therefore, they don’t match."
241,649,1,"Both entities refer to ASICS GEL-Lyte shoes in black (India Ink color) so it is a match."
500,650,0,"while both entities refer to Nike Tiempo shoes, Entity A is a LV-SG-Pro version which is black and gold in color, while Entity B is an FG version which is black and volt in color, therefore they are not a match."
696,433,0,"r>While both entities mention a “lite-show” coloring in a shoe, Entity A refers to the Gel Kayano 24 model from Asics, while Entity B refers to the Gel Nimbus 19 model from ASICS for women, therefore they are not a match.</s>"
697,512,0,"While both entities mention Nike, and both are shoe-related, Entity A is related to Nike Dri-Fit shoes which are a specific brand, model, and color, while Entity B is related to Air Jordan shoes that are also a specific brand and model but a different one, therefore, they are not a match."
698,651,0,"While both entities refer to Nike shoes, Entity A refers to the Air Max 1 Premium SC, and Entity B refers to the Air Huarache Run Premium, both of which are different models and have different colors. Therefore, they are not a match.</s>"
178,652,1,"Both entities refer to the same Nike Air Max Thea shoe, with model number 599409-101 and is either in white or black color, therefore they’re a match."
699,653,1,"Both entities refer to Benassi chanclas from Nike Sportswear collection, blue and white in color for the Spanish market and midnight navy in color for the French market, the model number is the same 343880-403, therefore they are a match."
600,654,1,"ria] Both entities are variations of the Puma Basket Classic LFS shoe that is also available in white color, therefore, they are a match."
700,655,0,"1. Entity A has a model number of ""IC"" while Entity B does not mention a specific model number in its description. 2. The colors of the shoes are different: ""Purple Dynasty/Bright Citrus"" for Entity A and ""Radiant Reveal Pack"" for Entity B, which does not specify individual color options. 3. The purpose of the shoes, while both labeled as indoor boots, Entity A mentions the Nike MercurialX Finale II while Entity B does not specify the particular model. Therefore, both entities do not match based on these differences in"
701,323,1,"r1 Entity A and Entity B both refer to Adipure 360 shoes in white color and both offer to purchase, therefore they’re a match.</s>"
382,486,0,"While both entities refer to Nike shoes, Entity A is the Nike Air Zoom Mariah Flyknit Racer, specifically a women's shoe with the color code 917658-002, while Entity B is the Nike Air Max Tavas, with the color code 705149-009, therefore they are not a match."
702,308,0,"y both entities are Nike shoes designed for women, however, Entity A refers to a specific color combination of blue and fuchsia, while Entity B refers to a different color combination of white, black, rose and green, therefore, they are not a match."
630,656,0,"goth both entities refer to Nike Football shoes, Entity A is Tiempo Legend V FG, while Entity B is Mercurial Superfly V Ronaldo FG, therefore they are not a match."
703,657,1,"rel_attr Both entities refer to ASICS GEL-LYTE III shoes, navy in color with the same model number H5Z2N-5001, therefore they’re a match."
704,658,0,"Entity A refers to Nike Roshe Run shoes in black, while Entity B refers to Nike Air Max Tavas shoes in black and anthracite, therefore, they are not a match."
705,601,0,"While both entities are Nike shoes, Entity A refers to the Air Footscape Magista, specifically the Rot color while Entity B refers to the Air Max Zero Essential in Negreo, therefore they are not a match."
706,172,0,"ries Air Jordan shoes, Entity A is a Laney version which is Maize-Black-White in color, while Entity B is a Motorsports version which is Blue-Black in color, therefore they are not a match.</s> Entity A: [NAME] ""GEL-LYTE V""@de-de V | Unisex Men's Sneakers ASICS Tiger""@de-de Entity B: [NAME] ""ASICS GEL-KAYANO""@pl GEL-KAYANO | NIEBIESKI 299.9"
702,325,0,"Entity A is for female Nike shoes which are Bleu Royal/ Fuchsia in color, and Entity B is for male Nike shoes which are Azul/Blanco/Obsidiana in color, therefore they are not a match.</s>"
707,659,1,"1. Both entities are womens-specific Air Max shoes and 2. the Entity B model number is 819638-001 which also matches Entity A's model number"
708,660,0,"While both entities refer to Puma shoes, Entity A is a buty Puma Classico SG Junior, in color Czarny-Biały-Złoty (Black, White and Gold), while Entity B is a buty Puma evoPOWER 4.2 FG JR in color Peacoat-Biały-Bright Plasma (Navy Blue, White and Bright Yellow), therefore they are not a match."
709,138,0,"While Entity A refers to a Nike Magista shoe, it’s in Spanish and the color combination is Hyper Uva/Plateado metalizado/Verde fantasma, whereas Entity B refers to a Nike Tiempo Genio II shoe in French, the color combination is Noir/ Blanc/ Or, thus they are not a match."
710,153,0,"r 91 is the correct model name of the shoe. The negative symbol before the number is common in Spanish writing and can be removed without changing the meaning."
253,661,1,"y Both entities refer to Nike Free Run shoes for women, in the same model color of Hyper Violet/Black, therefore they’re a match."
327,411,0,"r131616 007 and 631616 007 are the same shoe model, but with different color codes, so ""NIKE TIEMPO GENIO LEATHER SG""@en and ""Nike Tiempo Rio III SG - Clear Jade/Zwart/Volt""@nl are not a match."
79,662,0,"while both entities refer to Nike Air Max shoes, Entity A is for men in blue and white color, while Entity B is for women in black and brown color, therefore they are not a match."
711,663,0,"1/2Entity A refers to ASICS running shoes, with the model number T500N 4207 and light blue color, while Entity B refers to Nike Soccer shoes with the model number 631522 418 and white/black/red color, therefore they are not a match as they belong to different categories and have different characteristics."
386,664,0,"Although both entities are Puma shoes, they are different models and do not match due to the specific color combination and design, as Entity A has a mesh top and Entity B has a Popcat design in different colors."
48,79,0,"rueBoth entities are soccer cleats but from different brands, Entity A is Nike Tiempo Genio II, while Entity B is Puma evoSPEED SL S II, therefore they are not a match."
712,76,0,"Both entities refer to soccer cleats, however, Entity A is made by Under Armour and Entity B is made by Puma. Additionally, the color schemes for the two pairs are different, Under Armour is black with neon coral while Puma is black with red, therefore they are not a match."
713,665,0,"While both entities are related to Nike shoes, Entity A is Roshe One GS model and color (599728-020), while Entity B is a junior version of Air Max 90 Flash model in Black/White color, therefore they are not a match."
34,479,1,"Both entities are referring to the Nike F.C. Free Hypervenom 2 shoes in different colors, black in one and Nero in the other. Despite the language and location differences, the entities are still referring to the same shoe model, therefore they match.</s>"
714,137,0,"ries A and B refer to Puma shoes. Entity A is Evotouch 1 while Entity B is Evospeed 3.4. Additionally Entity A is"
462,666,0,"1. Both entities are men’s and women’s shoes, but Entity A is a ""POUR HOMMES"" version in French, while Entity B is a ""LITE-SHOW STRASSENLAUF"" version in German, so they are not a match in language. 2. They are targeting different audiences, Entity A is targeting French speaking men, and Entity B is targeting German speaking women, so they are not a match in target audience."
715,667,0,"iTWO is a solution for inventory management, while IMS is inventory management software, therefore they are not the same thing."
716,639,1,"Both entities refer to the same Nike Kawa Adjustable Men's Slide Sandals in White/Black/White, with the same model name and number, and are classified as ""Sandals,"" therefore they are a match."
717,180,0,"Both entities refer to Nike pants for men, however Entity A refers to Noir/Blanc in color while Entity B refers to Negro/Blanco/Gris, and the ""pantalon imperméable"" refers to waterproof pants in french language, while ""Nike Flex 2016 Run"" refers to specific Nike shoes ""zapatillas"" in spanish language, therefore they are not a match."
714,668,1,"Both entities refer to Puma EvoTouch 1 shoes in black, white, and yellow color and the same model number 103672-01, therefore they are a match."
131,669,0,"1 While both entities refer to football cleats with a black and white colorway, Entity A has a specific color combination of Volt, Violet Persan, Hot Lava and Noir, while Entity B has a black and white colorway with no mention of specific colors, therefore they are not a match.</s>"
296,670,0,"While Entity A and Entity B both refer to children’s shoes, Entity A refers to Nike Air Max shoes, while Entity B refers to Nike MD Runner shoes, they also have different style and color, therefore they are not a match."
718,40,0,"While both entities refer to Concave shoes, Entity A refers to a model of the Quantum 1.0, specifically in the color White/Lime, while Entity B refers to the Halo+ model in the color White/Pink, therefore they are not a match."
719,573,0,"Both entities are shoes made by the brand ASICS, but the Entity A has ""FUJILYTE"" in its name while Entity B has ""EXCITE"" in its name, also Entity A is made for trail running while Entity B is made for general running, thus they are not a match."
634,249,0,"1. Nike Mercurial Victory shoes, the name 'Victory' is not found in Entity B 2. Entity B refers to 'Hypervenom Phelon II' shoes, whereas Entity A refers to 'Mercurial Victory V FG' shoes 3. Entity B is in Spanish and English, whereas Entity A is in French, so there might be a language barrier. Therefore, the two entities do not match due to language, shoe model name difference, and differences in style design between 'Mercurial' and 'Hypervenom' lines."
720,671,0,"Both entities refer to ASICS shoes but they have different designs and colors; Entity A is a Gel-Kayano which is available in white color, while Entity B is a Gel-Lyte III available in red color, therefore they are not a match."
721,672,0,"ration in terms of shoes, Entity A refers to a Nike Air More Uptempo, while Entity B refers to an Air Max 90 Essential. They are different designs and styles, and therefore they do not match."
412,597,0,"While Entity A refers to Nike Air Zoom Pegasus shoes for men in Concord/Blanco/Negro/Verde color, Entity B refers to the women's version in Black/White/Cool Gray, therefore they are not a match."
218,673,0,"While both entities refer to Nike shoes, Entity A refers specifically to the Nike Metcon 1 model, in the colors of Volt, White, Black and Platinum, while Entity B refers to the Nike Flylon Train Dynamic model, in the colors of Black, White, Dark Grey, and Volt, therefore they are not a match."
467,13,0,"Both entities refer to Nike shoes, but their names, the color, the version and the model number differ: while Entity A has the name ""Free RN Flyknit"", Entity B has the name ""Free Run"", Entity A is Blanco/Negro/Platino while Entity B is Blanco/Negro/Platino; their model numbers differ as well, Entity A has 831069 001 and Entity B has a different model number, therefore they are not a match."
722,674,0,"r2017"
723,675,1,"ries of Entity A and Entity B are white with a total orange stripe and black trims, with a similar design, which are referred to as “Nike Tiempo Legacy II FG” and are both used for soccer, therefore they are considered a match."
724,269,0,"1 While both entities are Nike products, Entity A refers to the Nike Tennis Classic model number 312498-130 while Entity B refers to the Air Max 90 Ultra Essential. The entities differ in their specific product names and model numbers, therefore they are not a match.</s>"
323,208,0,"While Entity A and Entity B both reference the same shoe, ""Puma Esito Classico FG - Negro/Blanco/Bronce"" in Spanish, Entity A is a FG version, which means that it is suitable for football, while Entity B is an SG version, which stands for street"
725,643,0,"ration of Nike Air Force shoes of the same model, but without further information such as color, size, style, or specific shoe, it cannot be determined if they match or not."
726,676,1,"Both entities refer to Nike Mercurial Vapor XI shoes with the same name and model number CR7, but they are available in different colors and regions, therefore they’re a match if the customer is looking for the specific color but in different regions."
727,677,1,"both entities refer to Nike Tiempo Legacy shoes in Firm Ground (FG) in the colors Anthracite/Black/Volt, while also referring to Nike Men's boots, and both entities use the same terms for the product, ""Nike Tiempo Legacy"" and ""Nike Scarpe Uomo Terreni Compatti"" in their respective languages, therefore they're a match."
728,277,0,"both entities refer to Nike Air Max shoes in black and white, but Entity A is for men's shoes while Entity B is for women's shoes, therefore they are not a match."
505,678,0,"While both entities refer to Retro Air Jordan shoes and for sale, the colors and the model are different, Entity A's French Blue and Flint Grey, and Entity B's Medium Grey and Cool Grey are different, therefore they are not a match."
729,679,0,"r15729 While both entities refer to Nike Roshe shoes in black, Entity A is targeted to a juvenile market with the Roshe One (GS) model, while Entity B is targeted to the general market with the Roshe Run model, therefore they are not a match."
730,83,0,"tEntity A refers to a men’s version of Nike Roshe GS (Nike Roshe GS - 599728-021) while Entity B refers to a women’s version of Nike Roshe GS (Nike WMNS One - 844994-002) therefore they are not a match."
731,680,0,"alty, both entities refer to sneakers in black color, but the first Entity A refers to Puma R698 Core shoes, while the second Entity B refers to Nike Metcon 3 shoes, therefore they are not a match as they belong to different shoe brands."
732,681,0,"1. The products are different, the first is a detergent for washing clothes while the second is a stair tread cover. 2. The entities have different properties, the first is plastic while the second is made of wood. 3. The entities have different sizes, the first is 9.7oz while the second is 42"". Therefore, both entities do not match, as they are not the same product and have different features."
733,682,1,"rue Both entities are Puma King shoes and have similar features: Allround, TT and TF, and have a similar color scheme in black and white, with one having gold accents. Therefore, they’re a match."
734,683,1,"r668x2Bx6"
735,222,0,"r Entity A and B are referring to different Nike shoes models. Entity A refers to the Nike Magista Ola II FG, while Entity B refers to the Tiempo Legend VI FG, therefore they are not a match."
736,684,0,"Both entities refer to Concave shoes, but Entity A specifically mentions Halo 1.0 and is in a Nero/Oro colorway, while Entity B mentions Quantum and is in Black/White, therefore they are not a match."
737,685,0,"Entity A and B both have the same name of Asics Gel-Lyte shoes but with different color in the name ""@es"" and ""@pl"" indicating Spanish and Polish language version, therefore they’re not a match."
738,442,0,"both entities refer to Nike Hypervenom shoes but the models and color options differ, the first being Nike Hypervenom Phatal II Neymar and the second is Nike Hypervenom Phatal II DF FG, therefore they are not a match."
235,686,1,"rEntity A and Entity B are both"
739,273,0,"1/While both entities refer to Nike shoes, Entity A is Air Zoom Pegasus 33 while Entity B is Air Max 2016, therefore they are not a match. 2/The second issue with Entity B is that it refers to men’s shoes only while Entity A also references all shoes, hence, they are not a match either. 3/The third issue with Entity B is that it references a specific style of Air Max 2016 which is not mentioned in Entity A,"
740,687,0,"Although both entities refer to Nike Mercurial shoes, they have different model numbers: Entity A has 831969-801, while Entity B has 813815-501, the color combinations are different: Entity A is Laser Orange/Black/White/Volt, while Entity B is Seaweed/Volt/Hasta/White, also the boot style is different: Entity A is Mercurial Vortex III FG and Entity B is Mercurial Superfly V Ronaldo FG, therefore they are not a"
485,228,0,"Entity A and Entity B refer to two different shoe brands Hogan and Nike, with distinct characteristics, the first being made of Wildleder in night blue and the second being an Air Max Thea Ultra Flyknit in platinum. While they are both sneakers for women, they belong to different brands and are not a match."
741,688,1,"Both entities refer to the same product ""adidas Adizero Malice FG"" that can be bought and sold on Goalinn, thus they are a match."
742,660,0,"both entities refer to Puma evoSPEED boots, but Entity A refers to a specific design of Peach color while Entity B refers to another specific design of Plasma color, they are not the same shoe, therefore they are not a match."
743,689,0,"The two entities are referring to different brands and products. Entity A is a 2017 Air Jordan 5 Camo version in Dark Stucco/Fire Red, while Entity B is a Nike Dri-Fit Pair Pack, a product by Nike, not Air Jordan. The Nike Dri-Fit Pack is for running and has cushioning feature, while the Air Jordan Camo has more unique features and color scheme."
450,690,0,"The problem with this task is that, without more context, we cannot properly compare the two entities. Both entities seem to be referring to Nike shoes for women, but without other features that are used to compare them, such as model name, color or version, we cannot determine if they match or not."
744,335,0,"While both entities are Nike shoes for women, Entity A is the Nike Flex 2017, while Entity B is the Nike Air Max 90 Mesh, therefore they are not a match."
745,308,0,"Both entities refer to Nike Air Zoom Pegasus 33 shoes, but Entity A is in the English language and has a dust purple color with the shoe number 831356-501 while Entity B is in Spanish and has a different shoe number, "" 831356-501 "". Therefore, they are not a match because they are not referring to the same product."
746,34,0,"1. Both entities refer to Air Max shoes, but the model number of Entity A ""705149-009"" is different from Entity B ""314192-009"". 2. The color codes used to describe the shoes in Entity A and Entity B are also different. Therefore, the two entities do not match as they refer to different Air Max models with different color codes."
747,441,0,"Explanation: While both entities refer to Nike shoes, the specific models are different, and the information provided differs, Entity A is Tiempo Genio II, Pelle TF - Platino Puro/Nero/Arancione Hyper, the color information is detailed in Italian, while Entity B is Nike Tiempo Legend VI and the color information is Black, therefore they are not a match."
748,31,0,"2. While both entities are running shoes from reputable brands, they are different in terms of brand, model, color and price, therefore they are not a match."
570,282,0,"�Although both entities refer to Puma shoes, Entity A is an evoSPEED shoe, 5.5, 3 colorways, Rosa Glo/Giallo Safety/Nero, while Entity B is an evoSPEED shoe, 3.5, 2 colorways, Bianco Puma/Nero Puma/rancione, therefore they are not a match."
494,242,0,"r11 While both entities are Nike Tiempo shoes, Entity A is an SG-SG model, while Entity B is SG-Pro, there is also a slight difference in their colors, ""Giada Clear/Nero/Volt"" for Entity A and ""Negro/Hyper turquesa"" for Entity B, therefore they are not a match.</s>"
643,691,1,"21960"
145,272,0,"r both entities refer to ASICS running shoes, but they are for different countries and in different languages. Entity A is for Poland and has the name ""ASICS GEL-CUMULUS 19"" in Polish, while Entity B is for Germany and has the name ""GT-2000 5"" in German, so they are not a match.</s> Entity A: [NAME] Nike Air Force 1 '90 Retro Barely There 1/9""en-US Entity B: [NAME] Nike Air Force 1 '90 Retro Barely"
383,692,1,"rBoth entities refer to Nike Premier football shoes in black-white color, with the same model number 599427-018, therefore they’re a match."
749,693,0,"Entity A and Entity B both refer to Nike Air Zoom Pegasus shoes, but they have different color schemes and models, Entity A is Total Orange/Ghost Green/Black while Entity B is SU16 400 and black, therefore they are not a match."
750,116,0,"While both entities refer to the same model of shoes, Concave Quantum + FG, Entity A refers to a Bianco/Nero version which is sold in Italy ( @it), while Entity B refers to the same model but in a Noir/ Blanc version sold in France ( @fr ). The language used and the sales region make it an"
664,694,0,"ries of both entities are not the same, GS for Grip Shoe and Zapatilla de running Gel-Quantum 360 knit para hombre for running shoes, while the other elements such as brand, color, and model number are different, therefore they are not a match."
751,695,0,"e Entity A and Entity B both refer to Air Max shoes but they have different colorways: Pure Platinum and Black/White/Red/Gray, and they are also offered in different languages: English and French, therefore they are not a match."
752,4,0,"r 1While both entities refer to Nike Junior shoes, Entity A is the Phelon FG version which is Nero/Nero/Nero/Arancione in color, while Entity B is the Mercurial Victory V version which is Szkarłatny/Perski fiolet/Czarny in color, therefore they are not a match because of the color difference."
753,97,0,"y both entities refer to shoes of the brand ASICS, but the names, product numbers and models are different, therefore they are not a match. The ""GT-2000 4 LITE-SHOW PLASMAGUARD"" is not the same as the ""NITROFUZE""."
754,696,1,"Both entities refer to Nike Air Max shoes and the model number ""90 Essential"" is the same, therefore they’re a match, and the language switch is possible since the entity name has no language tag."
755,697,1,"1. Both entities refer to the same model ASICS GEL-LYTE V. 2. Both entities are available for purchase with a similar color scheme of black and gray. 3. Both entities have the same number, though the second entity is marked for women."
711,698,1,"Both entities are variations of the ASICS GEL GT 2000 3 shoe model in blue (Azul) color, and although the name is in French or Spanish, they refer to the same shoe, therefore they’re a match."
251,699,0,"Both entities refer to shoes but Entity A is a Puma WMNS Suede Platform in black and white while Entity B is a Nike WMNS Benassi Jdi in black and white, therefore they are not a match as they are made by different brands and models."
244,354,0,"rExplanation: 1."
493,233,0,"While both entities are Nike cleats, Entity A refers to the Tiempo Genio II in Clear Jade, Black and Volt color, whereas Entity B refers to the Hypervenom Phelon II in Nero and Volt color, the models and color variations are not the same, therefore they are not a match."
756,424,0,"Both entities refer to Nike Air Max shoes in platinum color, however, they are two different models, Entity A being Air Max Thea Ultra Flyknit and Entity B being Air Max 1 Ultra SE, therefore they are not a match."
757,700,1,"The two entities describe shoes with similar design features: 5 3/4"" heel, black color, and patent platform, therefore they are a match."
432,701,1,"Although the names are slightly different, the colors of the shoes are identical, ""Carmin/ Obsidienne/ Violet"" and ""Cremise Total/Ossidiana/Violetta Vivido"", and both entities refer to the same Nike Hypervenom Phantom model, they are a match.</s>"
758,630,0,"Even though both entities refer to Nike boots with firm ground, they are not the same product as the colors and the names of the Nike products are different, therefore they are not a match."
516,702,1,"The two entities provide the names of Nike Magista Onda II TF shoes in different colors (Volt/Noir/Orange and Volt/Zwart/Total Oranje respectively) in different languages (French and Dutch), but they refer to the same model, therefore they match."
759,523,0,"Both entities refer to Puma shoes, however Entity A has a different model than Entity B, the evoPower 3.3 FG (3.3 in the model is the generation of the shoe) compared to evoSPEED 5.5 FG."
54,703,0,"1. Both entities mention a specific retro Air Jordan version; 2. Entity A references the Air Jordan 13 in ""brave blue"" color, while Entity B references the Air Jordan 14 in ""laney"" color. Therefore, they are not a match since the models, colors, and even the spelling of the color differ between them."
760,175,0,"Entity A refers to Nike Metcon shoes in black and grey color, while Entity B refers to Nike Zoom Complete shoes, they are not the same model and color, therefore they are not a match."
761,704,0,"Entity A refers to the Asics Gel Zaraca shoes in the 9099 color while Entity B refers to the same model of shoes, but in a different color, which is blue/black/silver, therefore they are not a match."
762,705,0,"both entities refer to Nike shoes, one is a Roshe Run (midnight navy, black, white) and the other is a Free Run (white, black), therefore they are not a match because they are two different types of shoes."
763,352,0,"While both entities refer to Puma shoes, Entity A is the Di FG King Top K in black, white, and gold, while Entity B is the Quantum + FG Concave in white and black, therefore they are not a match."
764,706,1,"r1719"
388,707,1,"1. Both entities refer to Asics Gel Kayano Trainer shoes 2. The only difference between them is the language used in the product names (Entity A in English and Entity B in French) and the model numbers, which are the same (H707N-9090)"
192,708,0,"Explanation: Both entities are Nike Air shoes, however the models are different. The Vomero 11 is a running shoe specifically designed for women, while the Pegasus 33 is a running shoe specifically designed for men, and the color is different as well. Therefore, the two entities are not a match."
765,709,0,"r Entity A and Entity B both refer to Puma evoSPEED shoes, but they have different color combinations, Entity A has Lava, Blanco, and Eclipse colors while Entity B has Nero, Bianco, and Rosso colors, therefore they are not a match."
766,710,0,"The entities refer to different lines of Nike soccer cleats, with different colors"
767,711,1,"r both entities refer to impervious Nike Foundation 12 pants, black and white in color, and share the same model number, thus they’re a match.</s>"
768,712,0,"r137 Both entities are Air Jordan shoes but Entity A refers to 2017 Air Jordan 11 UNC, which is White/Midnight Navy-University Blue, while Entity B refers to the Air Jordan 6 Retro Premium Heiress, a different model with a different color scheme (Midnight Navy-Black), therefore they are not a match."
769,713,1,"Entity A and B both refer to the same shoe model, Nike Tiempo Mystic V FG, and both are in the Football/Soccer shoe category, however Entity A has a different color configuration of Giada, Nero, and Volt while Entity B has a more neutral color configuration of White and Grey, therefore they are a match for the same model but different color options."
326,437,0,"Explanation: Although Entity A and Entity B both refer to Nike Air Max 90 shoes, Entity A's price is in PLN while Entity B's price is in USD. Furthermore, Entity A's SKU number ends with ""PL"" while Entity B's SKU number ends with ""201"" which may indicate a different style or color. As such, they are not a match."
245,714,0,"r While both entities refer to Air Jordan shoes, Entity A refers to the Air Jordan 11Lab4 which is specifically red in color, while Entity B refers to the Air Jordan 11 Retro shoe in general without specifying its color, therefore they are not a match.</s>"
770,6,1,"46 | Page 11 Both entities refer to a black Nike WMNS Benassi Just Do It shoe, the model number 343881-011, and also mention the same ""just do it"" slogan, therefore they’re a match.</s>"
771,715,0,"r It's not clear what Entity B refers to in this context, but Entity A is a Women’s Nike Air Zoom Pegasus 32 running shoes and Entity B is likely referring to a different model or color of Nike running shoes. Without more context, it is not possible to determine if they match or not."
772,487,0,"r Both entities are Nike sport shoes for different genders, Entity A is a Women’s shoe, and Entity B is a Men’s shoe. Entity A is in Blue color, while Entity B is in Hyper Cobalt Chiaro/Bianco/Blu Royal Scuro color, therefore they are not a match."
773,716,1,"Both entities refer to Nike WMNS Air Max 90 shoes, black in color with the same model number 325213-043, therefore they’re a match."
622,48,0,"entity A refers to an Air Jordan 11 Low White/Varsity Red version, while Entity B refers to an Air Jordan 5 Silver Tongue, therefore they are not a match. Even though they both have a similar color scheme, their different silhouette and model numbers make them non-matching."
774,717,0,"1. Both entities refer to Asics shoes 2. They both have a Gel-Lyte model 3. But the model numbers are different. H5V2L-8990 vs. HN6F0-8873 therefore they are not a match."
775,586,1,"r\* both entities refer to Asics Gel-Zaraca 4 shoes, \* with a navy and silver color combination in Entity A and \* with a blue methyl and silver color combination in Entity B, \* but both entities are in a similar color range and can be considered as a match."
533,138,0,"The two entities refer to different versions of the same shoe - Nike Tiempo - but for different age groups. Entity A is intended for children while Entity B is intended for adults, and they also have different names and model numbers."
430,718,0,"1/2022"
776,719,1,"Both entities mention Air Jordan 14 Retro Low shoes, however, they mention a different name (""Laney"" vs. 2017) and therefore are a match."
777,720,0,"While both entities refer to Nike shoes, Entity A is the Nike Flex 2016 Run shoe in Rosso University/Nero/Cremise color with a specific accesso/bianco detail, while Entity B is the Nike Free Train Versatility shoe in Black/Black/White color with no additional specific detail, therefore they are not a match."
778,721,1,"ors in both English and Dutch language referring to the same Keen Clearwater CNX Black/Yellow shoes, therefore they match.</s>"
223,722,0,"1. The first entity has no country code, while the second entity has ""@pl"", indicating the country is Poland, therefore they are not a match.</s> Entity A: [NAME] ""Nike Air Max Thea Nike WMNS Air Max Thea Purchaze ""en-US Purchaze""en-US Entity B: [NAME] ""Nike WMNS Air Max Thea""@de Thea Schwarz Grau Anthrazit Weiss 599409-007 - Purchaze""@de Label: MATCH Explanation: Both"
1,7,0,"1st Entity is for men and 2nd Entity is for men, therefore they are the same entity."
779,723,0,"While both entities refer to Nike shoes, they belong to different lines, ""Nike Sportswear"" and ""Nike Air Max,"" and have different color-ways: Entity A is Bright Crimson while Entity B is Black, therefore they are not a match."
780,724,1,"1. Both entities refer to Nike Air Pegasus shoes. 2. The first entity's color is mentioned as ""Black"" and the second entity's color is mentioned as ""Black"" as well. 3. The model number of the first entity is ""844888-001"" which matches the second entity's model number. 4. The label of the two entities also indicates that they are a match.</s>"
781,725,0,"While both entities refer to Patagonia shoes, Entity A is a Bisect tank, while Entity B is a split toe booties, also they are in different color Black (Entity A) vs Black (Entity B) therefore they are not a match."
365,726,0,"rEntity A and Entity B both describe shoes but they belong to different categories. Entity A is a suede platform shoe, which is not a specific model, while Entity B is a classic cortez leather shoe which has a different model number 807471-101 and different color way, ""White/Black White"" which doesn't match ""Midnight Navy"" in Entity A."
569,645,1,"1. Both entities are Nike shoes that are designed for sports and fitness. 2. Both entities are high-top sneakers that are worn on the feet. 3. Both entities are designed to provide stability, support, and flexibility for athletes and sports enthusiasts. Explanation: While the names, models and colors of the two entities are different, the function and features of the two shoes match, both of them are designed for sports and fitness, they are high-top sneakers that provide stability, support and flexibility for athletes and sports enthusiasts."
782,727,0,"al Both entities refer to ASICS GEL-LYTE III shoes, but Entity A is the Valentine’s Day pack which is red in color, while Entity B is not the Valentine’s Day pack and the price is also different, therefore they are not a match."
457,728,0,"r 11 and SONOMA 3 are different shoes made by ASICS, therefore they are not a match.</s>"
783,729,0,"Both entities refer to Nike shoes, but they are not Nike Air Force, they are a different shoe model "" Air Huarache Run and Air Force 1. They also differ in their color ""Linen"" for entity A and ""Black"" for entity B, and in their number ""683818-201"" for entity A and ""905345-001"" for entity B."
784,730,1,"rel=""stylesheet"" type=""text/css""> Both entities refer to Nike Roshe One shoes, black and gray color with the same model number 599728-020, therefore they’re a match.</s>"
691,731,0,"entity A refers to a Nike Roshe Run in blue color with white and black accents. Entity B refers to an Air Max 90 Ultra in a different model number 819477-400 which is not the same as Nike Roshe Run and has a different design, therefore they do not match."
175,677,0,"rBoth entities refer to Nike shoes, however, Entity A is a Premier version which is black and silver, while Entity B is Tiempo Legacy version which is Black/Red/yellow. Therefore, they are not a match."
785,732,0,"1 Entity A refers to Puma Ignite v2 shoes in black color with the Italian tag @it, while Entity B refers to Speed 1000 shoes in blue and red color with the Spanish tag @es, therefore they are not a match."
388,67,0,"Both entities refer to different Asics shoes, the first one is a Gel Kayano Trainer EVO H707N-9090, while the second one is a Gel-LYTE III Ns, which is a different model, thus they are not a match."
786,80,0,"While both entities refer to tennis shoes, Entity A is Suede Classic in style while Entity B is Tennis CS, therefore they are not a match. Entity A has a style code of 35263405 and Entity B has a style code of 683613 104."
787,733,0,"Entity A is in black while Entity B in White, even though they both have the same Air Force 1 07 model number and name but have been translated into a different language. The color difference in both entities makes them not a match."
788,734,0,"Both entities refer to Air shoes, but Entity A refers to a specific air pump ""Therm-A-Rest NeoAir Torrent Air Pump"", while Entity B refers to a specific model of shoes ""Nike WMNS Air Footscape Woven"", and also the labels are different. The French translations do not match either, therefore they are not a match."
664,735,0,"While both entities refer to ASICS shoes, Entity A mentions ""UNISex HARDLOOPSCHOENEN VOOR KINDEREN"", meaning that the shoe is specifically designed for children, whereas Entity B mentions ""GEL-DS TRAINER 22 LAUFSCHUH FÜR DAMEN"", which means it is for women. Therefore, these entities are not a match."
254,558,0,"1. Both entities are Nike shoes for men in color black. 2. While Nike FC Roshe Tiempo VI and Nike Lunartempo 2 are similar models, they are different shoes with different features and designs. 3. The Nike FC Roshe Tiempo VI features a unique design inspired by the timeless beauty of a soccer ball. The shoe features a bold, sporty look and advanced technology that helps you move quickly and comfortably on the field. 4. The Nike Lunartempo 2, on the other hand, is a running shoe with"
789,463,0,"1. The entities refer to two different models of shoes, Nike Free 5.0 and Nike Free Run Distance Femme, even though they are part of the same ""Free"" collection. 2. The entities have different languages; Entity A is in German and Entity B is in French, which means that they might not be the same product even though they might have a similar translation."
790,736,0,"while both entities refer to Nike shoes for men, Entity A is Tiempo Legend SG-Pro and comes in the colors of Antracite, Black, and Volt, while Entity B is Concave Volt + SG and comes in the colors of Black and Pink, therefore they are not a match."
791,226,1,"1. They have the same name “Asics Fuze X Lyte 2” 2. The colors of the shoes are similar: Thunder Blue/Black/White and 299. Therefore, they are a match.</s>"
792,737,0,"r3 Both entities refer to Nike shoes but Entity A is a Low Turf Alpha Huarache while Entity B is a Low-Top Free 5.0 Training Shoe, therefore they are not a match."
793,738,1,"Both entities are referring to NITROFUZE running shoes, the product and brand are the same in both entities and the languages used are different. Therefore they match."
794,739,0,"While both entities refer to the same shoe, Nike Air Max 90 Leather, Entity A mentions the specific model name 302519-113 in English language, while Entity B mentions the shoe in German language, therefore they are not a match."
795,740,0,"r2019"
796,83,1,"ies of the same Nike WMNS One shoe in different color variations, with Entity A being Black and Entity B being White, therefore they match."
797,741,0,"ries in the name of the shoe differ, Entity A being Retro and Entity B being GS Premium which indicates that the shoe is a girls' size, therefore they are not a match.</s>"
798,742,0,"Both entities are Nike Air Max shoes, however they are not a match because they are different models (Entity A is Essential and Entity B is Ultra 2.0) and Entity A does not mention the size of the shoe as compared to Entity B which includes information about the shoe size in its label, ""Znane marki ubrań i butów męskich ✓ Darmowa dostawa do domu ★ Sizeer ★""@pl, which is not relevant to the Nike Air Max shoe information, therefore they are not a match."
438,743,0,"�Entity A is in Italian while Entity B is in French, moreover Entity A features the Nike Scarpe Campi Coperti branding in its title while Entity B features the Nike Chaussures de football homme branding, therefore, they are not a match."
799,557,0,"t` While both entities refer to Nike soccer cleats for firm ground, Entity A's color is Black/Hyper Pink while Entity B's color is Volt/ Noir/ Hyper Turquoise, therefore they are not a match."
453,744,1,"rBoth entities refer to Air Jordan 5 Retro shoes in black color with Varsity Maize-Black-Red, which is the same model number 599531-111, therefore they are a match."
800,745,1,"Both entities refer to the same model of Nike Mercurial soccer cleats, Victory V FG, in Bright Mango/Metallic Silver/Hyper Turq (Entity A) and Mangue/Argent/Turquoise (Entity B), which are just different ways of spelling the same colors, therefore they match.</s> Entity A: [NAME] Air Jordan Retro 1 - Black / Green / Red / White ""Sales"" | Buy Cheap Air Jordans "" 2021 Sales "" Entity B: Air Jordan Retro 1 - Black / Green"
612,152,0,"While both entities refer to women’s running shoes, Entity A’s ASICS Gel-Quantum 360 Knit shoe has a knit upper and is designed for easy running, while Entity B’s Scarpa Da Strada Gel-Nimbus 19 Lite-Show Donna shoe has a more complex design, color and name therefore they are not a match."
801,746,1,"r794 Both entities refer to the same Nike Benassi JDI shoe model in black and white, with the same SKU/model number (343880-090) therefore they are a match, even though the language is different."
500,747,0,"While both entities refer to Tiempo Legend VI or SG-Pro shoes, they are from different regions (Italian vs French), and the colors are different, (Nero/Bianco/Nero/Oro Metallico vs Anthracite/ Noir/ Volt), therefore they are not a match."
667,748,0,"Entity A refers to the Air Jordan 6 Retro Black/Infrared, while Entity B refers to the Air Jordan 13 Retro French Blue/Flint Grey-White. These two models are different and therefore they do not match. Additionally, the Entity A does not mention the specific color scheme, which is the specific aspect of the shoes that Entity B highlights, hence the two entities do not match."
802,654,0,"0/0 (S"
803,749,0,"Both entities refer to Nike shoes but Entity A mentions the “Roshe One” model and a different color combination (black and white) while Entity B mentions the “Roshe Run” model and a different color combination (black and antracita). Therefore, they are not a match."
804,7,1,"2 entities have the same name Nike Zoom Speed TR3 and the same code (TR3), despite being in different colors, they refer to shoes that match"
805,120,0,"While both entities refer to men's clothing, Entity A is a Wax Jacket, specifically the Highland Wax Jacket from Crew Clothing Company, while Entity B is a running shoe, specifically the GT-2000 5 LITE-SHOW from ASICS, they are not a match as they are different types of garments."
806,750,0,"Both entities refer to athletic shoes with ""Black"" in color but Entity A refers to a Patagonia Bisect Tank and Entity B refers to a Keen Marshall MID WP shoes, which are different types of shoes, therefore they are not a match."
363,385,1,"Both entities refer to women's ASICS shoes, navy in color with the same model number H5V2L-8990, therefore they are a match.</s>"
807,751,0,"Both entities refer to Keen shoes, but Entity A is in Black/True Red color and Entity B is in Black Olive/Inca Gold color therefore they are not a match. Also Entity A is made in France while Entity B is made in Belgium, so their location is also different."
808,752,0,"1. Entity A is the American version of Nike Roshe One - Black in the style code 599729-014, while Entity B is the European version of Nike Roshe Run - Black in the style code 511881-010 2. Entity A is a female version of Nike Roshe One, denoted by ""GS"" in its title, while Entity B is a male version, denoted by the absence of any special code. 3. Entity A refers to the Nike Roshe Run, while Entity B refers to the Nike Ros"
809,641,0,"Please check the first character of the name. The first character of Entity B ""Free"" is different than the first character of Entity A ""Nike"", while Entity A refers to a female product with model number 831508 100, which is a Nike product and Entity B does not specify a brand and only mentions Nike in the title."
162,633,0,"0.1Both entities refer to soccer shoes for juniors, however Entity A is Nike Magista Onda IC and it has a different color scheme compared to Entity B which is Puma evoSPEED 5.5 FG, they are not a match in terms of the brand, model and color."
810,753,1,"Both entities refer to Nike Academy 16 Knit 2 training packs, both have the same color scheme University red/black/gym red/white, the only difference is the language they’re presented in, English and French, therefore they match."
811,754,0,"While both entities refer to soccer cleats, Entity A is a Nike Mercurial Vapor X shoe in white and black color, while Entity B is a Puma EvoSpeed SL II shoe in blue color, therefore they are not a match."
106,755,1,"Both entities refer to David Spencer shoes, specifically the model Marco, however the first entity also includes the size and color of the shoe, and is ""@en"" which indicates it's a link, therefore they're a match.</s>"
812,756,0,"1. Entity A refers to the Nike Air Pegasus 89, while Entity B refers to the Nike Air Max 90, therefore they are not the same entity. 2. Even though the colors of Entity B match the ones in Entity A (Black, White, Wolf Grey), the name of the entity refers to NIKE WMNS (Women, Men and Kids Sizes) Air Max 90, not Air Pegasus 89. 3. Additionally, Entity B refers to a purchase price in Polish Złoty (PLN), which is not an English"
813,757,1,"Both entities refer to Puma King shoes, with the same model name Di FG and the color combination of black, white, and gold, the only difference is the language, one is in Spanish and the other is in Dutch, therefore they match."
132,758,1,"`""````Entity A and B both refer to Nike MercurialX shoes for kids and have similar colors, ""Nero/Oro Metallic/Rosso"" for Entity A in Italian and ""Noir/Or/Rouge"" for Entity B in French, and both have the same model code ""IN Enfant"", therefore they are a match."
814,480,0,"Entity B refers to the Asics Gel Kayano 24 model which is available in M size, and it is called the Lite-Show M. It is not the same model as Entity A, which is Gel Sonoma 3, also has a black/onyx/carbon colorway. Therefore, they are not a match."
815,759,0,"1. While both entities refer to Keen shoes, Entity A is a Commuter III, which is a specific shoe type, while Entity B is a Newport, another specific shoe type, therefore they are not a match in terms of shoe type. 2. The ""@en"" and ""@fr"" symbols in the name represent the language code, meaning that they are targeted to different regions/countries, therefore they are not a match in terms of target audience."
816,331,0,"While both entities refer to Nike Zoom Speed shoes, they differ in the"
817,592,0,"r1Entity A refers to the Air Jordan 12 Bordeaux/Metallic Silver color scheme, while Entity B refers to the Air Jordan VI Retro color scheme, and even though both are cheap, they are not a match. They are also from different stores, Basketmania and Cheap Jordan Shoes."
809,78,0,"While both entities refer to Nike shoes for women, they are different models: Entity A refers to Nike Air Huarache Run Ultra, while Entity B refers to Nike Air Max 1 Ultra Moire, therefore they are not a match."
818,760,0,"alboth entities are related to Nike Tiempo shoes, but the models are different, Entity A is Genio II LEA TF and Entity B is Legacy II FG and the colors are different too, so they are not a match."
819,761,0,"While both entities refer to Nike Air Max shoes, Entity A is an Ultra 2.0 LTR Flax Sail Gum version while Entity B is an Ultra SE Khaki version, therefore they are not a match as they differ in color and design."
607,413,0,"Both entities refer to shoes for children but Entity A is Nike Junior Mercurial Vortex III FG in color Black-Rosa Blast while Entity B is Puma evoSPEED 5.5 Tricks Kids FG in color Pink Glo/Safety Yellow/Black, therefore they are not a match."
820,333,0,"While both entities refer to Nike soccer cleats, Entity A is the Proximo IC model, which is Black/Volt/Racer Blue in color, while Entity B is the SG-Pro model, which is Volt/Negro/Turquoise in color, therefore they are not a match."
821,154,0,"while both entities refer to Puma shoes, Entity A is the evoPOWER 2.3 in blue/white/orange color, while Entity B is the evoSPEED 4.4 in orange/white/blue color, therefore they are not a match."
605,648,1,"r 3 Both entities refer to Nike Magista Obra II shoes and have the same features and colors, so they are a match."
822,717,0,"Both entities refer to Asics shoes with green color, however Entity A is a ""Ugly Christmas Jumper"" version, while Entity B is a ""gecko green / guava"" version, therefore they are not a match due to the differences in design and color combination."
712,762,1,"Both entities are Under Armour Corespeed Force 3.0 FG Cleats, and come in Black and Black/Neon Coral and Black/Noir respectively, they also carry the same model number 1278818-006."
823,40,1,"i 17:09:23 AM"
824,763,0,"rBoth entities refer to Nike shoes, but Entity A is the Air Max LD Zero with the color code Nero, and Entity B is Air Max 90 Ultra Moire in color code Negro. Although the Nike logo and general design is the same, the specific models and color codes do not match, therefore they are not a match.</s>"
825,764,1,"2. Both entities refer to Nike Air Max shoes for women, with the same model year (2016) and color - Hyper Pink, therefore they're a match."
826,652,0,"r\^2^"
827,213,0,"While both entities refer to Nike shoes, Entity A is Nike Flex shoes which are Blue/Green/Red/White in color, while Entity B is Nike Zoom shoes which are Black/White in color, therefore they are not a match."
578,634,0,"Entity A refers to the Nike Women’s Air Max 2016 in Pink, while Entity B refers to the Nike Men’s Air Max 2016 in Black and White, therefore they are not a match."
828,214,0,"Both entities refer to Air Jordan shoes, however, Entity A's reference is to ""Champagne Bottle"" which is not a color, while Entity B is a Laney version which is Maize-Black-White in color, therefore they are not a match.</s>"
623,57,0,"1. Both Entity A and B refer to ASICS shoes, but 2. Entity A refers to the ""DA CORSA GEL-DS TRAINER 22 NC"" shoe which is for women, specifically labeled ""Donna"" and 3. Entity B refers to the ""Gel-Quantum 360 Knit"" shoe which is for men, with colors of white, snow, and silver. Therefore, they are not a match."
829,765,0,"务务务务务务务务务务务务务务务务务务务务务务务务务务务务务务务务务务务务 wurk | 2017 Air Jordan Shoes""@en-US Red-Black while Entity A is a collaboration between Supreme and Air Jordan 5 in white with metallic white, while Entity B is a Champagne Bottle version of Air Jordans 6 in metallic gold, chilling red and black, therefore they are not a match."
830,766,1,"Both entities refer to Patagonia R3 Wool Lined Split Toe Booties in black color and labeled in their respective language, English and Dutch, therefore they’re a match.</s>"
831,767,1,"ries and colors are the same between the two entities, and the language used is also similar in Dutch and English language so both of them are a match."
832,536,1,"Both entities refer to the same Air Jordan 6 Retro style sneaker in the color Infrared and the same model number 384664-061, thus they match."
833,768,1,"Both entities refer to retro low-top trainers with soft nubuck in color, therefore they are a match."
834,769,0,"Although both entities are Nike Air Max shoes, Entity A is in black, pink and white color and Entity B is in black and brown color, therefore they are not a match."
91,770,0,"Although both entities refer to Nike Free shoes, Entity A is the Versatility version which is in black and white color while Entity B is the Trainer 3.0 v4 version which is in black, green, yellow and white color, therefore they are not a match."
835,771,0,"While both entities refer to Nike soccer cleats, Entity A is the Victory VI Ronaldo IC version which is Seaweed/Volt/Hasta/White in color, while Entity B is the Victory V FG version which is White/Black/Volt/Total Orange in color, therefore they are not a match."
836,772,0,"rue A refers to a Nike Magista Ola II soccer shoes, which is green colored, while Entity B refers to a Nike Tiempo Legend VI FG shoes which are Jade-Noir-Volt colored, therefore they are not a match."
837,77,0,"Both entities refer to Concave football boots, however, Entity A is Quantum+ which has a different colorway (Black/White) than Entity B which is Halo+ (Blanc/Rose) and a different color code (FR for France, EN for English), therefore, they are not a match."
670,602,1,"1 Both entities refer to Nike Air Force shoes, navy in color with the same model number 488298-436, therefore they are a match.</s> Both entities are in French and English languages respectively. Explanation: While the Entity A and Entity B are in Italian and French respectively, the product mentioned is the same - Air Force 1 shoes, navy in color and same model number 488298-436, therefore, they’re a match."
644,773,0,"1 Both entities refer to different models, Zwart is a classic model, while LFS is the Basket Classic LFS model, therefore they are not a match. 2 Different color options are being referred to, Zwart for Entity A and White for Entity B, which further makes them not a match."
838,774,0,"While both entities reference Keen shoes, Entity A has a Brindle and Ensign Red color scheme while Entity B is Black and Yellow, thus they do not match."
839,775,0,"ration | Translation Nike Air Jordan 14 Retro Low “Laney” Varsity Royal/Varsity Maize-Black-White For Sale""en-US Sale | Cheap Jordans 2017""en-US Label: NOT A MATCH Explanation: While both entities refer to Nike Hypervenom shoes, Entity A is the Phelon II FG in Nero/Volt color, while Entity B is the Phatal II DF in Total Crimson/Obsidian/Vivid Purple color, therefore they are not a match"
497,776,0,"Although both entities refer to ASICS shoes, Entity A is a GEL-Pulse 8 in Pink/ White/ Dark Pink color, while Entity B is a GEL-CUMULUS 19 in Gray color, therefore they are not a match."
840,777,0,"Both entities are Nike products, but Entity A refers to the Nike MD Runner 2, while Entity B refers to the Nike Air Vibenna Prem, therefore they are not a match even though they are products from the same brand."
635,230,0,"Both Entity A and Entity B refer to Nike Air Max shoes, however, Entity A has a specific color combination and sells at a different price on a different website, Sneakersy, while Entity B also has a specific color combination and sells at a different price on a different website, Bludshop, therefore they are not a match."
813,778,0,"Entity A refers to Puma soccer cleats, black and white in color, with the model name ""Puma King Top K Di FG"", whereas Entity B refers to a different product, Concave Quantum+ soccer cleats, that have a black and rose color scheme. Additionally, the language used for both entities are different, Entity A is in Spanish and Entity B is in French."
225,656,0,"1. Both entities refer to Nike soccer cleats, 2. but the color combinations are different, Proximo II is Verde/Volt/Hasta/Bianco and Superfly V is Algue/Volt/Hasta/Blanc. Therefore, they do not match because they are two different versions with different colors."
841,779,1,"gEL-DS TRAINER 22 NC is a unisex model, and the text used to describe it in Entity A (voor damen) and Entity B (donna) indicate that both entities refer to women’s shoes, which is correct. Therefore, Entity A and Entity B match.</s>"
312,195,0,"While both entities refer to Nike shoes, Entity A is a Bruin Lite TXT shoe, and Entity B is a Free Run shoe, they’re not a match because they belong to different collections and are for different purposes."
842,228,0,"rationally and logically, Entity A and Entity B both describe Nike Air Max shoes, but they"
136,780,1,"Both entities refer to Nike Metcon Flyknit shoes in either grey or black and with the same model number 852930-003, therefore they’re a match.</s>"
843,781,0,"1. ""Concave"" is a brand name while ""Puma"" is not. 2. ""Halo+"" and ""evoTOUCH"" are product names, however, ""Microfibre"" and ""FG"" (football) are terms used to describe the features of the shoe. 3. The color description for Entity A and Entity B are different. ""Wit/Roze"" (white/pink) is different from ""Zwart/Wit/Safety Geel"" (black/white/safety yellow), therefore they are not a match"
214,782,1,"----------------------------------------------------------------------------"
844,783,0,"rue while both entities refer to ASICS GEL-Running shoes, the first one is the GEL-FUJITRABUCE 5 G-TX, specifically designed for mountain hiking, and the other is GEL-EXCITE 4, for trail running, and the latter is written in French language and the English version seems to be unavailable. Therefore they are not a match."
193,429,0,"y Although both entities refer to Nike shoes, Entity A is a Stef"
845,303,0,"Both entities refer to Asics shoes, however the model name is different for both. The first one is H5Z2N5001 while the second one is HN6F0-8873, and the color is also different, Asics Gel-Lyte Runner with Gecko green/Guava color and the first one is Baskets homme asics H5Z2N5001 gel-lyte 3 with black color, therefore they are not a match.</s>"
395,406,0,"1. Entity A refers to Nike Trout 4 shoes while Entity B refers to Adidas Icon 3 shoes. 2. Entity A is specifically for Turf and Coach while Entity B is for Running and Training. 3. Entity A is black, red, and grey, while Entity B is black, white, and blue, therefore they are not a match."
839,284,0,"2021. The 3rd entity refers to the Nike Hypervenom Phelon II in the colors Black, White and Volt, which is not a match to the previous 2nd entity which refers to the colors Nero/Volt."
453,103,0,"While both entities refer to Cheap Air Jordan shoes, Entity A is for Shen version which is Black/Varsity Maize-Varsity Royal/Black, while Entity B is for Retro version of Air Jordan XIII, which is 4815, therefore they are not a match."
27,740,0,"Both entities refer to Concave soccer cleats but Entity A is Blue/White while Entity B is Black/Gold, therefore they are not a match."
846,635,0,"Entity A and Entity B are both Nike football shoes. However, Entity A's Hypervenom Phantom FG is a high-performance shoe, while Entity B's Junior Mercurial Victory V FG is a shoe for children, therefore they are not a match."
847,784,0,"Both entities refer to Nike Free Run shoes, but the colors, design and model number differ. Entity A is black/white/volt/red, Entity B is blue/black/racer blue/bright crimson, and the model number for Entity A is Nike mujer-Zapatillas mujer-831509-404 while Entity B’s model number is 487544-007, therefore they are not a match."
848,785,1,"3 . Both entities refer to Nike youth soccer shoes in firm ground design and are available in blue, black, and volt color scheme therefore they are a match."
849,786,0,"r 11e. The two entities refer to different products: Entity A is a pair of Concave Volt 1.0 SG soft ground boots in black and white colors while Entity B is a pair of Puma evoSpeed 1.5 firm ground football boots in black color. The color of the boots is the key element that separates both pairs. Therefore, they do not match."
850,330,0,"alboth entities refer to the same type of shoe, however the Entity A is an evoSPEED 3.4 in Black/Safety Yellow/White color while Entity B is an evoSPEED 5.4 in Jaune/Bleu Atomique/Blanc color, therefore they are not a match."
851,664,1,"r 630408-026 and 3685396-002 respectively, referring to the same popcat shoe, with the only difference in color codes for each language (Blu instead of Azul, and Bianco instead of Blanco), therefore they’re a match.</s> Entity A: [NAME] ""Adidas Ultra Boost -Triple Black""@us "" Adidas - Triple Black Boost Running Shoes ""@us Entity B: [NAME] ""Adidas Ultra Boost -Black/White""@us """
852,787,0,"while both entities refer to Puma evoPower shoes, Entity A is the Plasma/Blanco/Peacoat colorway, while Entity B is the Blauw Yonder/Puma Wit/Shocking Oranje colorway, therefore they are not a match."
853,788,0,"r 51% (5/10)"
796,237,0,"1. Both entities refer to Nike shoes, but one is a men’s version and the other is a women’s version. 2. The shoes are of different designs: W Roshe One is a simple shoe design, while WMNS Suede Platform is a shoe with a platform. 3. The shoes are available in different sizes. 4. The prices of the shoes are different. 5. The shoes are sold on different platforms."
713,497,0,"d Entity A refers to a size specific Nike Roshe One shoe ""Nike Roshe GS - 599728-020"" (with no mention of color), Entity B also refers to the same shoe but it's in a different size ""@pl"" with a mention of color ""CZARNY 279.99 PLN"" and a different model number ""599728031"" which is not the same as the one in Entity A. Therefore, they are not a match."
854,308,0,"1. Entity A refers to a Nike Donna Air Zoom Fit 2 in black, white and dark gray, while Entity B refers to a Nike Air Zoom Pegasus 33 in black, white and pink for women, thus they are not a match."
855,789,1,"Both entities have the same title Nike Flex RN, are referring to the 2017 release and are available in a female version (WMNS), and are sold through the same online store (up8) at a price, they are a match.</s>"
2,313,1,"rue Both entities refer to Nike WMNS Air Force shoes, with a similar name and Upstep design, the only difference is the color, one is white and the other doesn't have a color tag, but based on the model number 833123-100 they are a match."
856,790,0,"While both entities refer to Nike Air Max shoes, Entity A is the Ultra 2.0 version with model number 924447-200, while Entity B is the Cuir (leather) version with model number 302519-001, therefore they are not a match."
857,300,0,"Although both entities refer to retro Air Jordan shoes, Entity A is a 2017 Chicago version which is White/Black-Red in color, while Entity B is a 2017 Fire Red/Black version which is not the same color scheme, therefore they are not a match."
724,659,0,"rWhile both entities refer to Nike shoes, Entity A is specifically a Tennis Classic model, while Entity B is a Women’s Air Max BW Ultra, therefore they are not a match."
735,791,1,"Both entities refer to Nike Magista Ola II FG Football shoes, therefore they are a match in terms of the shoes' model name, regardless of their color variations: Entity A ""FG"" - Football in green color, Entity B ""Rio Teal/Volt/Ossidiana/Giada Clear"" in clear color."
780,756,0,"1. Entity A refers to Nike Air Pegasus, while Entity B refers to Nike Air Max. 2. Entity A is the Women's version, while Entity B is the Womens"
292,792,0,"Entity A is a Nike Air Max 90 Ultra Essential shoe while Entity B is a Nike Air Max 90 Flash shoe with different colorways. The ""GS"" tag on Entity B indicates it is for kids, while Entity A does not have this tag, so they are not a match."
235,333,0,"r 1111111"
858,793,0,"0 while both entities refer to Nike soccer cleats, Entity A is the Tiempo Legend V, and Entity B is the Mercurial Victory V, therefore they are not a match."
859,214,0,"Entity A refers to Air Jordan 11 shoes, which have a distinct color combination of black, gym red, white, and anthracite. Entity B refers to Air Jordan 14 shoes, which have a different model number and a different color combination of varsity royal, black, varsity maize, and white. While both entities refer to Air Jordan shoes, they are not a match as the models, color combinations and details differ."
860,794,0,"The first entity refers to Keen Yoyageur shoes in Black Olive/Inca Gold color, while the second entity refers to Black/True Red-Light Olive Air Jordan 13 shoes. They are not the same product."
861,166,0,"While both entities refer to Nike shoes, Entity A is specific to football boots in color Bianco/Volt/Rosa Hyper/Nero, while Entity B is specific to football boots in color Blanc/ Noir/ Orange Total/ Volt, therefore they are not a match."
862,795,0,"Explanation: While both entities refer to the Nike Air Max shoe, Entity A is in black color while Entity B is in white, also the model name is different with Entity A having the Zero Essential while Entity B has the 90 Essential model, therefore they are not a match."
863,679,0,"1. Entity A refers to a Nike shoe model called Dualtone Racer in Midnight Navy and White color, with model number 918227-400. 2. Entity B refers to a Nike shoe model called Roshe Run, in Midnight Navy, Black, and White color, with model number not provided. 3. The two entities are not a match because they refer to different shoe models, and their color schemes differ, along with the model numbers."
864,796,1,"ries 251008007-1""@es Both entities refer to Joma N-10 football boots with white and black color, the only difference is the language"
865,797,1,"ria Both entities refer to Nike Tiempo shoes, with the same model number 819716 001 and the same colors, therefore they’re a match."
866,798,1,"1 2 Both entities refer to Nike Air Presto shoes, Navy in color, with the same model number 848132-401, therefore they’re a match."
56,730,0,"ies 7 and 8 are different versions of Nike’s Roshe line with a different colorway, 7 being a GS version, therefore they do not match."
867,799,1,"r1 Entity A and B both refer to Roshe Run shoes by Nike, one in grey and one in white and have the same model number 511881-023, therefore they are a match.</s>"
868,104,1,"rBoth entities refer to Nike Tiempo shoes, they are in the same color (Hellblau/Clear Blue) and model number 631522 418, therefore they’re a match."
869,800,0,"Both entities refer to Puma shoes, but while Entity A has the tag of TT for Allround, Entity B has M.I.I for Top, also the color combination is slightly different, while the tag is the same for both entities, therefore they are not a match."
870,159,0,"1. Entity A refers to the Asics Gel Saga shoe model, but it doesn’t specify a color. 2. Entity B refers to the ASICS Gel-Respector Shadow shoe model in black color. 3. Asics Gel-Respector Shadow is not a model of Gel Saga, therefore they are not a match."
871,79,0,"ily, Entity A is a Puma evoSPEED 1.3 Graphic FG shoe in white with sea pine and high risk red color, while Entity B is a Puma evoSPEED SL S II FG shoe in black with puma white and red blast color, therefore they are not a match."
872,801,0,"Entity A refers to an ASICS Tiger Gel Kayano trainer Evolutionary shoe, which is a specific model in a white color, while Entity B refers to an ASICS Gel Lyte III shoe, it’s not specified what color it is and it’s not the same model as Entity A, therefore they are not a match."
245,48,0,"r While both entities reference Air Jordan shoes, Entity A specifically mentions the 11Lab4 colorway, which is Red, while Entity B mentions the 5 Silver Tongue colorway, which is Silver, therefore they do not match."
873,802,0,"ia While both entities refer to Nike shoes for youths or kids, Entity A is a Magista Onda IC which is White/Black/Pink/Volt in color and is an indoor shoe, while Entity B is a Mercurial Vortex III FG which is Black/Pink Blast in color and is a firm ground shoe, therefore they are not a match."
874,803,1,"rEntity A: ""Nike Sportwear Air Zoom Pegasus 33 - Black/Carmin/White (849812-040)""@fr ""Nike chaussures pour femme noir carmin blanc ""@fr Label: NOT A MATCH Explanation: While both entities refer to Nike Air Zoom Pegasus shoes, Entity A is described as women’s shoe with a black colorway, while Entity B is described as a women’s shoe with a pink colorway, therefore they are not a match.</s>"
875,804,1,"r>Both entities refer to Nike Free Run shoes in Black/White color with the same model number 831069-001, therefore they’re a match.</s>"
199,805,0,"rEntity A refers to a Diadora GEMINI II LOW S1P SRC sneaker, while Entity B refers to a limited-edition Air Jordan 11 Retro Low sneaker, therefore they are not a match. The two entities are completely different brands and models of shoes.</s>"
274,806,0,"While both entities refer to black shoes from Vans and Puma respectively, Entity A's shoes are slip-ons, while Entity B's shoes are R698's, therefore they are not a match."
876,47,0,"8285"
138,105,0,"r/chatbotmatcher"
877,475,0,"Both entities are running shoes, but Entity A is a Gel GT 2000 in silver color while Entity B is a Gel Excite 4 in the Spanish market for men. Entity B is also targeted to the Spanish market. Therefore, they are not a match."
878,286,0,"1 While both entities refer to Nike soccer cleats, the model is different; Entity A refers to the Hypervenom Phantom II, while Entity B refers to the Phelon II. 2 The colors are also different; Entity A is in Cremise Total/Ossidiana/Viola Vivido, while Entity B is in Black/Volt. Therefore they are not a match.</s>"
39,496,0,"1. Both entities are basketball shoes made by well-known brands. 2. Entity A is a pair of Nike Air Vivenna shoes, while Entity B is Puma Basket Platform shoes. 3. The two pairs are not by the same brand, therefore, they are not a match."
879,807,0,"While both entities refer to Nike shoes, Entity A refers specifically to Roshe One Gs (599728-031), and Entity B refers to Roshe Run (820114-070) in Grey/White color, therefore they are not a match."
122,610,0,"r1/2 While both entities refer to soccer cleats, Entity A is the Nike Mercurial Veloce III with a specific color combination of blue, white and maroon which is not the same as Entity B which is the Concave Quantum+ FG with a white and pink color combination, therefore they are not a match."
880,363,0,"Entity A refers to Nike Roshe Two shoes and has a model number of 844656-001 while Entity B refers to Nike Hypervenom 2 shoes"
881,808,0,"While Entity A and Entity B both refer to Puma evoSPEED shoes with the same model numbers and colors, Entity A is only available in France, while Entity B is only available in Italy, therefore they are not a match."
882,763,1,"3. Both entities refer to Nike Air Max shoes with similar names ""Nike Sportswear Air Max 90 Ultra Moire"" and same model number ""Moire 891223-010"" which is different in name on a global level but essentially the same shoe with the same pattern, materials, design. The entities in different languages just have translated names."
883,760,0,"Both entities refer to Nike shoes, but Entity A is ""NIKE TIEMPO LEGACY IC"" which is blue in color and intended for court sports, while Entity B is ""NIKE TIEMPO LEGACY II FG"" which is white in color and intended for soccer or football, therefore they are not a match."
884,45,0,"While both entities refer to Puma evoPOWER football boots, Entity A is for Junior players, with a color of Grey, while Entity B is for Senior players, with a color of Blue, Orange and White, therefore they are not a match."
320,809,0,"3. Both entities refer to Air Jordan shoes, with a similar year of 2017, but Entity A is specifically the ""Air Jordan 11 retro ""72-10"" and Entity B is the ""2017 Cheap Air Jordan 13 Retro “Chicago” White/Black-Team Red Shoes"" - there is no overlap in color or model between the two entities."
885,172,0,"The two entities both have the name ""Gel Kayano"", but Entity A has ""Trainer EVO"" @en and Entity B has ""ASICS GEL-KAYANO"" @pl, which are two different shoes with two different designs in two different languages. Thus, they are not a match."
886,133,0,"r 1 While both entities refer to black and white Nike shoes, Entity A is a Kawa Boy’s Slide Sandals shoe, while Entity B is a Wmns Classic Cortez Leather shoe, with a different model number 807471-101, therefore they are not a match."
887,264,0,"While Entity A refers to the Nike Free Run Distance shoes, black in color with Hot Lava detailing, Entity B refers to the Nike Free RN Women's Running Shoes in black, but with different detailing and different codes 404 and FA16, therefore they are not a match."
232,810,0,"Both entities refer to Nike Zoom Train shoes, however Entity A's name is in Italian while Entity B's name is in Spanish, therefore they are not a match. The color schemes are also different, Grigio/Nero/Verde Ghost/Bianco for Entity A and Negro/Antracita/Blanco for Entity B."
888,811,0,"1. The color scheme of the shoes is different, with Entity A having a combination of Wolf Grey, Volt, Black and the Entity B having a combination of Volt, Blanco, Negro and Platino. 2. The language of the labels is different, with Entity A being in English and Entity B being in Spanish, which is not ideal for comparison."
833,812,0,"Both entities refer to shoes, but Entity A is talking about retro basketball sneakers, specifically, they're basket-weaved shoes, while Entity B is talking about Air Jordan sneakers. These are two completely different types of shoes, therefore they are not a match. The fact that Entity A is in French and Entity B is in English doesn't change that."
348,392,0,"Both entities refer to Air Jordan shoes but one is Retro 4 and the other is Retro 13, therefore they are not a match."
240,383,0,"Although both entities are Nike Air Zoom Pegasus 33 shoes, they are different versions. Entity A is available in White/Pink/Green color while Entity B is in Blue Marine/Argent/Carmine color, therefore they are not a match."
889,813,0,"While Entity A and Entity B are both ASICS shoes, Entity A is a GEL-MAI shoe while Entity B is a Gel-Craze TR 4 shoe, therefore they are not a match. The difference is that the former is a specific GEL shoe model, while the latter is part of the Gel-Craze TR line, even though they share some similarities such as the colors and materials."
711,475,0,"Despite having similar names and being products from the same brand, Entity A refers to the GEL GT 2000 3 running shoes in blue color (T500N 4207), while Entity B refers to the GEL-EXCITE 4 running shoes in no specific color information, therefore they are not a match."
890,249,0,"1/ Even though both entities are Nike Hypervenom soccer cleats, they are available in different color schemes and are targeted for different geographic regions - the French version ""Noir/ Rouge/ Blanc"" refers to the European market and is labeled ""@fr, while the Spanish version ""Volt/Negro/Hyper turquesa"" is labeled ""@es"
891,308,0,"e Both entities refer to different Nike shoes, Entity A is Air Zoom Structure Triax, for men in white color, while Entity B is Air Zoom Pegasus 33, for women in black and white with a different color combination, therefore they are not a match."
772,814,1,"Both entities refer to Nike Benassi JDI shoes in a similar color blue with similar textures/design. So, the two entities match despite the different region specific variations ""@fr"" ""@it""."
892,815,0,"t While both entities refer to Nike boots/shoes in black and white, with an orange accent color, Entity A is the Nike Premier SG while Entity B is the Nike Mercurial Victory V FG, the two models are different in design and color, therefore they are not a match."
893,816,0,"rue Both entities are Nike shoes made for children, but Entity A is Nike MD Runner shoes with a blue-green colorway, while Entity B is Nike Stefan Janoski Max shoes with a white colorway, therefore they are not a match."
894,242,0,"While both entities refer to Nike Tiempo boots, they are in different colorways: Clear Jade/Black/Volt for the American version, and Negro/Hyper turquesa for the Spanish version, therefore they are not a match."
895,376,0,"y Entity A refers to a model of soccer cleats called Concave Quantum + SG that come in two colors, black and white. Entity B is a similar but different product with the same name Concave Quantum + SG but it comes in different colors, white and limon, therefore they are not a match."
896,144,0,"### Note: We need to wait till we get a better sample in order to provide a more detailed explanation."
897,817,0,"1. While both entities refer to Nike football shoes, Entity A is an Air Footscape Magista while Entity B is a Zoom Mercurial XI. 2. They are different models 3. Entity A is specifically made for team use and marked with the symbol ""FC"" for football club. Entity B doesn't have this symbol and is intended for general training use. Therefore, Entity A and Entity B are not a match as they are different Nike football shoes with different models and intended for different use cases."
898,123,0,"While both entities refer to Puma evoSPEED shoes, they are not a match as Entity A is in Black and White color, while Entity B is in White, Black and Orange color, therefore they are not a match."
244,717,0,"al though both entities refer to Asics Gel Lyte shoes, Entity A is in Mid-Blue color, while Entity B is in Guava-Gecko Green color, and also the model numbers are different, therefore they are not a match."
899,786,0,"Both entities are Puma shoes, but Entity A refers to the evoPOWER 1.3 which is a football shoe, and comes in 4 colors: Rouge/ Blanc/ Noir/ Vert, while Entity B refers to the evoSpeed 1.5 which is a soccer boot, and comes in Black color only. Due to these differences in color and specific purpose, the two entities are not a match."
900,282,0,"Despite having the same brand, model and being the same shoe line, Entity A and Entity B have different colors, as Entity A is Lava Blast/Bianco/Eclisse Totale, while Entity B is Bianco Puma/Nero Puma/Rancione, therefore, they are not a match.</s>"
190,137,0,"While both entities refer to Puma evoSPEED shoes in the male category, Entity A is a v1.4 version in Lavender, White and Black color, while Entity B is a v3.4 version in Black, Yellow and White color, therefore they are not a match.</s>"
649,818,0,"1 Both entities describe Nike Free Run shoes, but the design and colors are different: Entity A has blue, black and red colors, while Entity B has black, white and gray colors, they do not match as they have different color combinations.</s>"
901,819,0,"Entity A and Entity B refer to different soccer cleats - Entity A refers to a Concave Kids Volt+ and Entity B refers to a Puma Enfant Top. Although they both have firm ground as part of their name, the brands, colors and models are different, therefore they are not a match."
652,266,1,"Both entities refer to Nike Tiempo Genio II shoes, rouge in color with the same model number 819213-608, therefore they’re a match."
557,645,0,"t The two entities both mention Puma shoes, however Entity A is the junior evoPOWER version in color blue/white/orange while Entity B is evoSPEED 3.4 in color black/yellow/white, therefore they are not a match.</s>"
22,820,1,"r Both entities refer to Puma evoSPEED shoes and both have the same color scheme of Lava/Blanco/Eclipse, therefore they are a match regardless of the different languages."
902,758,0,"Both entities refer to Nike soccer cleats with different design elements in the color scheme. Entity A has a Metallic Red Bronze/Black/White color and is marketed as the HypervenomX Proximo IC, while Entity B has a Black/Orange/Red color and is marketed as the MercurialX Pro IN Enfant, therefore they are not a match."
903,4,0,"While both entities refer to Nike soccer cleats, Entity A is Magista Opus FG in black and red with hyper rouge, while Entity B is Junior Mercurial Victory V FG in scarlet, blue and black, therefore they are not a match."
904,650,1,"Both entities refer to the same Nike Tiempo Legend VFG shoe, the only difference is the language, English in Entity A and Spanish in Entity B, so they match as the product is the same."
905,821,0,"ies refer to children’s football boots in different colors and made by different brands. While Entity A refers to Puma SG shoes, Entity B refers to Concave Quantum 1.0 shoes, therefore they are not a match."
906,822,0,"1. The first example is of a Ferragamo shoe, while the second example is a Nike shoe. 2. The first example is a knee-high boot while the second is a soccer cleat, therefore they do not have the same purpose. 3. The first example is for men only, whereas the second example is gender-neutral, thus they are not a match."
907,823,1,"번역번역번역번역번역번역번역번역번역번역번역번역번역번역번역번역번역번역번역번역번역번역번역번역번역번역번역번역번역번역번역번역번역번역번역번역번역번역번역번역번역번역번역번역번역번역번역번역번역번역번역번역번역번역번역번역번역번역번역번역번역번역번역번"
755,824,0,"Both entities refer to Asics shoes but have different names, different colors, and different model codes (EVO vs. 9090), therefore they are not a match."
792,825,1,"gotha@en """
908,826,0,"Entity A is a WMNS Air Max 90 Sneaker and it has the size code 325213043 and the price of 479.99 PLN. Entity B is also an Air Max Thea shoe but it's for women and it has the size code 599409-007 and the price of Purchaze (which is not a specific price). Also, the color of the shoe is different, the Air Max 90 is anthracite/anthracite and the Thea is dark grey/white. Therefore,"
909,558,1,"Both entities refer to Nike Lunartempo shoes, black in color and labeled as 818097-001 or 818097-002, both codes are for the same shoe with different color labeling, therefore they are a match."
910,827,1,"rBoth entities refer to Puma evoPOWER shoes with the same model number 10322801 and are available in Peacoat-Wit-Bright Plasma, as well as Peacoat/Bianco/Plasma Splendente colors, making them a match.</s>"
911,828,0,"115 0"
912,471,0,"y Entity A refers to the Noir/ Blanc color option while Entity B refers to the Wit/Roze color option, so they are not a match."
913,630,0,"1128200/8"
914,829,0,"Both entities refer to Nike shoes, but Entity A refers to the Hypervenom Phelon II FG in black and volt color while Entity B refers to the Hypervenom Phatal II DF FG in white, black, orange and volt color, therefore they are not a match."
602,830,1,"rBoth entities refer to Nike Benassi Solarsoft 2 Slide Sandals in midnight and Lyon blue color, therefore they’re a match.</s>"
861,420,1,"Both entities are referring to a Nike Mercurial Victory V FG shoe, the colors bianco/volt/rosa hyper/nero match the colors of the shoe in Entity A 651632-170, and Entity B is also referring to the same shoe 651632-170, therefore they are a match.</s>"
915,831,0,"Both entities refer to shoes of a similar design, however, the colors are different, and the brand is different. Entity A is Asics Lethal Speed SG which is blue/white/yellow, while Entity B is Concave Quantum + SG which is white/lime, therefore, they are not a match."
916,329,0,"i While both entities reference Air Jordan shoes, Entity A is the BRED version, which is a white and black shoe, while Entity B is the Red Suede version, which is a red and black shoe, therefore they are not a match.</s>"
169,570,0,"r1 Entity A refers to Tiempo Legends in Green color, while Entity B refers to Tiempo Legends in Black/White/Hyper Orange/Volt color, therefore they are not a match as they represent different color variations of the same shoe."
917,832,1,"Both entities refer to Nike Tiempo Legend VI shoes in Black and White colorway but the entities are written in different languages. Therefore, they match."
918,833,0,"Both entities refer to Nike Hypervenom shoes, however they have different colors and are in different languages. Entity A is in Polish and blue/volt while Entity B is in Spanish and Silver/Black/Grey, therefore they are not a match."
919,834,1,"Both entities refer to Concave Halo 1.0 shoes with a natural green and golden color respectively, and both are in the same collection and model, therefore they’re a match."
782,582,0,"Both entities refer to ASICS Gel-Lyte shoes but Entity A is Red in color and Entity B is Marcepanowy (Pink) in color, so they are not a match."
920,835,0,"Despite the brand being the same (Puma), the shoes in both entities are different models: evoPOWER 2.3 in Entity A, and evoTOUCH Pro in Entity B, and the color is also different: Blu/Bianco/Arancione in Entity A and Noir/Blanc/Jaune in Entity B, therefore they are not a match.</s>"
921,836,0,"�While both entities refer to men's shoes, Entity A is an Asics Gel-Noosa Tri 11 (T676Q-9090), while Entity B is a Nike Air Zoom Structure 19 - White/Black-Electric Green-Concord, therefore they are not a match."
922,709,0,"1. Both entities are not Air Jordan and 2. They are both a match because they are the same shoe model, evoSPEED 1.5 FG, however the colors are different, which is why the label is ""NOT A MATCH."""
923,456,0,"Entity A and Entity B are both Puma evoSPEED shoes, but Entity A is the second generation of the design, the ""evoSPEED SL Leder II,"" while Entity B is the third generation, the ""evoSPEED 3.4."" Additionally, the color schemes of the two models do not match either, Entity A is Black/White/Red Blast while Entity B is Black/Yellow/White. Thus, Entity A and Entity B do not match."
924,837,1,"1. Both entities refer to Puma Esito Classico shoes 2. The colors mentioned in both entities are the same (Black and White), therefore they are a match."
502,838,0,"Explanation: Both entities refer to Nike Air Max shoes, they are black in color, but Entity A is the Tavas model and the model number 401, while Entity B is the 90 Mid Winter model, with a different model number 300940, therefore they are not a match.</s>"
925,686,0,"Both entities refer to Nike football shoes for kids, however they are two different models and colors, therefore they are not a match."
51,839,1,"2 both entities refer to the Air Max 90 Nike shoe, in a black color and both are the same shoe, therefore they match.</s>"
104,129,0,"Both entities refer to shoes, but Entity A is a HYPER LD 5 model by ASICS while Entity B is TIEMPO LEGACY IC model by Nike, although they are both in blue color, therefore they are not a match."
926,840,0,"y Although Entity A and Entity B both refer to athletic shoes, the brands, model names, and colors differ. Entity A represents a FjallRaven Merano Canvasbelt in Dark Olive color, while Entity B is a Nike Flylon Train Dynamic in Black/White/Gray/Volt color, therefore they are not a match.</s>"
927,841,0,"1. While both entities refer to Puma evoSPEED football boots, Entity A has a different combination of colors which are Bright Plasma-White-Peacoat, while Entity B has different colors which are White/Black/Shocking Orange, therefore they are not a match.</s>"
928,742,1,"11.08.2022"
929,842,0,"Both entities refer to the same soccer cleats model, Concave Quantum + FG, the only difference being the colors, however they are not a match due to a mismatch in ""@en vs ""@en, a problem with consistency in labeling or formatting, which makes them difficult to compare."
396,843,0,"2. Although Entity A and Entity B both name Nike Free Run shoes, Entity A mentions ""DISTANCE"" and is available in hellblau color while Entity B mentions ""Concord/Nero/Blu"" and is not available in the color ""DISTANCE"", therefore they are not a match.</s>"
625,355,0,"2. while both entities refer to shoes, Entity A is Puma shoes, while Entity B is Nike shoes, therefore they are not a match."
469,844,1,"11.4"
930,845,0,"1 While both entities refer to Air Jordan shoes, Entity A has the color Champagne Bottle, which refers to a specific colorway, not a generic one like Black or Red that Entity B uses. Therefore they are not a match.</s>"
931,846,1,"ries A and B both mention the same Puma evoSPEED shoe model in 10301204, the only difference is their language, English and Italian respectively, so they match as they both are referring to the same shoe."
932,847,0,"Both entities are referring to Nike shoes but the color of the shoes are different, in Entity A it has Noir/ Blanc/ Gris/ Loup and Entity B it has Negro/Blanco/Antracita/Gris, therefore they’re not a match."
933,351,0,"While both entities refer to Puma shoes, Entity A is intended for junior players, which is a specific design with a ""evoSPEED 5.5"" and ""Junior"" label in text while Entity B is intended for adult players with a ""evoSPEED SL S II"" label, therefore they are not a match."
934,770,1,"rboth entities refer to Nike Free Trainer 3.0 shoes in black, green, solaire and white colors, and in french and italian, therefore they match.</s>"
935,831,1,"Both entities are shoes for a similar football boot brand and model, and they are available in similar colors, therefore they are a match."
936,622,0,"While both entities refer to Puma evoTOUCH shoes, Entity A is available in black, white, and yellow while Entity B is available in black, white and red blast, therefore they are not a match."
937,848,0,"y while both entities refer to sport bras, Entity A refers to Nike Pro Rival in white, black and black colors, while Entity B refers to Puma evoTOUCH Pro FG in black, white and safety yellow colors, therefore they are not a match."
438,849,1,"Both entities refer to Nike Junior Mercurial shoes in the same design and color but they are sold in different regions, Italy and France, therefore they match.</s>"
938,850,0,"Both entities refer to ASICS shoes, however Entity A is a Winter Trail Pack model H5T4N-9090 while Entity B is a men's shoe model H5W3L-9090, and the two models belong to different ASICS collections, therefore they are not a match."
939,76,0,"Both entities are soccer cleats of a specific color, Entity A is black and white while Entity B is noir, blanc rouge, therefore they are not a match."
407,851,0,"rEntity A is a mesh version of Nike Air Max 90 shoes, while Entity B is a leather version, so they are not a match.</s>"
940,309,0,"1. Both entities refer to different Air Jordan models, with Entity A having a Retro Low “University Blue” (#528895-106) and Entity B having a Retro Low “Brave Blue”. 2. Entity A has a specific color code (#528895-106) that doesn’t match with the one mentioned in Entity B, which doesn’t mention any specific code. Therefore, they are not a match."
547,852,0,"Both entities refer to Air Jordan shoes but Entity A is the “CAMO” version that has a unique pattern and color combination, while Entity B is the “Bordeaux” version which is purple and black in color, therefore they are not a match."
941,853,0,"Even though Entity A and Entity B are both Nike Air Max shoes, Entity A has the color Black, while Entity B has the color Pure Platinum or also written as Platinum, therefore they are not a match."
942,854,0,"Both entities refer to Nike soccer shoes, however the model and color combinations are different. Entity A is a Genio Leather SG in Black and White, while Entity B is a Legacy II SG in Platinum, Black and Orange, therefore they are not a match."
35,139,0,"1st, Entity A refers to ""NIKE JORDAN Air Jordan 1 Mid Shoe"" while Entity B does not mention Jordan, instead it refers to ""Shoes Air Jordan 1 Mid"", which makes it a different shoe. 2nd, Entity A has the model number ""554724-040"" while Entity B has no mention of the model number making it a different shoe. Therefore, Entity A and Entity B are not a match."
943,210,0,"Both entities are Nike shoes but they have different color combinations, therefore they do not match. While Entity A has Red, White, Black, and Crimson, Entity B has Blue, Blue Glow, Black and White."
192,855,0,"y Entity A refers to Nike Air Zoom Vomero 11 shoes for women, in Light Grey color with a specific model number 818100 405, and Entity B refers to Nike Air Zoom Pegasus 32 shoes for men, in Pink color with a different model number 749344 501. They are not a match because of the differences in gender, color and model number."
408,856,0,"Both entities refer to Nike HyperVenom Phatal soccer shoes but they are in different colors and it appears that one is intended for a US audience while the other for a Spanish speaking audience, therefore they are not a match."
121,857,1,"rntoBoth entities refer to 2017 Air Jordan 12 shoes with a Bordeaux colorway and similar color schemes, as well as the same model number 130690-617, and are therefore a match."
19,858,1,"y Both entities refer to a black Rumi top and both mention a discount, so they are considered a match.</s> Entity A: [NAME] "" Nike Air Force 1 Retro Low” en""en""en 488298-436 en Entity B: [NAME] ""Nike Air Force 1 Low “Barely Blue” en""en""en 488298-436 en Label: NOT A MATCH Explanation: The two entities both mention the same Air Force 1 model and the same model number 4"
944,497,1,"r both entities refer to Nike Roshe One shoes, black in color with the same model number 599728-031, therefore they’re a match.</s>"
945,695,0,"while both entities are Nike shoes, the color is different"
65,775,1,"Entity A and Entity B both refer to Nike Hypervenom Phatal II shoes, the color differences in ""Viola Vivid"" vs ""Vivid Purple"" and ""Obsidian"" vs ""Ossidiana"" are not substantial enough to be considered a significant difference. They are a match as they are the same product in different color options."
946,776,0,"While both entities refer to ASICS running shoes, Entity A is Gel Kayano 24 Lite Show while Entity B is Gel Cumulus 19, and the colors are different, therefore they are not a match."
848,632,0,"While both entities refer to Nike soccer shoes, Entity A is the X version in color Squadron Blue/Black/Volt, while Entity B is the V version in color Azul/Blanco/Volt/Negro, therefore they are not a match."
732,859,0,"The two entities belong to different product categories; the first one refers to a fabric softener while the second one refers to soccer shoes, therefore they do not match."
549,860,0,"While both entities refer to Asics shoes, Entity A is a ""‘48 by Hadrian"" model which is black, and Entity B is a Gel-Mai OG model which is blue, therefore they are not a match."
947,861,0,"While both entities refer to Asics Gel shoes with the same product code H534L-9090, Entity A specifically mentions the Valentines version, which is a different color than Entity B's Gel-Lyte III version, therefore they are not a match."
948,862,1,"r8Both entities refer to Nike Hypervenom shoes with a similar model number, colorway, and product type (football cleats), therefore they’re a match.</s>"
949,863,1,"2008 Both entities refer to the same type of Puma evoPOWER 1.2 FG football shoes in different colorways- peacoat-biały-bright plasmamake a peacoat-blanc-plasma combination. Since the color combination is the same in both entities, it's a match."
950,662,0,"Entity A refers to white and blue Nike Sportswear Air Max 1 Ultra Moire shoes for women in Spanish, while Entity B refers to black and brown Nike Sportswear Femme Air Max 1 Mid Sneakerboot shoes for women in French. Therefore they are not a match due to the different colors and"
951,864,0,"y While both entities refer to Nike Tiempo shoes, Entity A is for soccer boots (TF stands for turfy), with black, white, and green in color (referring to Polish colors), and Entity B is for regular soccer boots with Black, White, Hyper Orange and Volt in color, therefore they are not a match."
565,865,0,"Entity A refers to the Nike Air Force 1 '07 WB, the entity B refers to a color variant which is 'mid-white' while Entity A does not specify any color, therefore they are not a match."
952,866,0,"2021"
953,867,0,"1. The first entity refers to a specific color variant of the shoe, ""Obsidian"" which is not the same as ""WB"" referred in the second entity. 2. The second entity mentions a different location, ""Purchaze"" which is not the same as ""Sale"" mentioned in the first entity. 3. The shoe color referred in the second entity (""Hellbraun"" which means ""dark brown"" in German) is not the same as the ""Gum Light Brown"" color mentioned in the first entity, therefore they are not a match."
138,868,1,"Both entities refer to Nike Air Zoom Pegasus shoes, which come in black and grey shades, with the same model number 831352-004 in both languages, therefore they match.</s>"
325,1,0,"Both entities refer to Nike Zoom Speed Training shoes, however Entity A is the Speed Trainer version while Entity B is the Speed TR3 version, and they have different colors of green, black, and white as opposed to green and white, and black respectively, and they have different product names, ""@en vs. ""@it."
954,529,0,"1. While both entities refer to Nike shoes, Entity A specifically refers to the HypervenomX Finale TF, which is a football shoe in blue/green/white colors, while Entity B refers to the Tiempo Legend VI in white, therefore they are not a match. 2. Entity A is in French and Entity B is in German, so they may not be applicable to the same audience and market, therefore they are not a match."
955,869,0,"It is evident that the two entities do not match because one refers to a Patagonia R3 Wool Lined Split Toe Booties Black and the other refers to a pair of Nike Kawa Boy's Slide Sandals Black/White. These two products are not the same and therefore do not match."
956,870,0,"While both entities refer to Puma soccer boots, Entity A's colorway is Lava Blast/White/Total Eclipse and it's model is evoSPEED 4.4 FG, while Entity B's colorway is Cam and its model is evoSPEED SL FG. Additionally, the character encoding used in Entity A is Latin-1 while Entity B is Vietnamese-UTF-8, therefore they are not a match."
833,871,0,"While both entities refer to Air Jordan shoes, Entity A is a French term for retro basket-ball shoes with a soft material known as ""Nubuck"", while Entity B is an Air Jordan 11 Retro Low White Black-Concord which is a different model and color, therefore they are not a match."
957,872,1,"Both entities refer to the same brand and model of soccer cleat (concave Volt + SG) in different colors, plateado/azul in one and silver/blue in the other, but the descriptions and labels are in different languages, Spanish in one and English in the other, so they’re still a match.</s>"
958,64,1,"1 Both entities refer to Nike HyperVenom Phatal II shoes, which match in terms of color (White, Black, Orange, Volt) as well as the variation in fit (Dynamic Fit in Entity B)."
959,176,1,"Both entities refer to Nike Free Run shoes, black and white in color with the same model number 930115-001, therefore they’re a match.</s>"
906,873,0,"y Both entities refer to knee high boots but Entity A is from Ferragamo and labeled in English, while Entity B is from Nike and labeled in Dutch, therefore they are not a match."
960,174,0,"r2r0m"
961,874,0,"While both entities refer to Nike Women Air Zoom shoes, Entity A is for Air Zoom Pegasus 32 and it's available in gray, while Entity B is for Air Zoom Fit 2 and it's not the same model, therefore they are not a match."
334,875,0,"While both entities are Asics running shoes, Entity A refers to the specific model ""Gel GT 2000 4 Lite-Show Men's Running Shoes AW16 3093"" with additional specifications, and Entity B refers to the ""GEL-EXCITE 4"" without additional specifications, therefore they are not a match."
771,876,1,"rel_shoel"
551,877,0,"1. Both entities refer to Nike shoes for women, 2. Entity A's color scheme is Violeta/Morado/Azul while Entity B's color scheme is Naranja/Negro/Blanco, and 3. both Entity A and Entity B's color scheme doesn't match in each other, therefore they are not a match."
962,878,0,"Although both entities are Nike Tiempo shoes with similar name and model, Entity A is Legacy II with three color options, while Entity B is Genio II with two color options, therefore they are not a match."
706,879,0,"1/2 Both entities refer to ASICS Gel-Lyte shoes but differ in their model versions, the first is Gel-LYTE V while the second is Gel-Lyte III, therefore they are not a match."
362,880,0,"rue to the color they vary in the first entity it's Platinum/Wolf Gray/Clear Gray while in the second entity it's Black/Dark Gray/Cool Gray and also in the categories of the two entities, they vary in the first entity they're Training Shoes but in the second entity they're Running and Training Shoes so they are not a match.</s>"
208,758,0,"Both entities refer to Nike Mercurial shoes, but Entity A is Finale II version with a specific code 831974, while Entity B is Pro IN Enfant version, therefore they’re not a match."
963,736,0,"While both entities refer to Concave shoes, Entity A refers to the color Argento/Blu which means Silver/Blue, while Entity B refers to the color Nero/Rosa which means Black/Pink, therefore they are not a match."
841,694,0,"rle Entity A is the ASICS Gel-DS Trainer 22NC Hardloopschoen for women which is only available in the Netherlands, while Entity B is the ASICS Gel-Quantum 360 Knit for men which is available in Spanish, they are not a match because they are different countries and targeted to a specific gender."
400,871,0,"While both entities refer to new Air Jordan shoes, Entity A is a 2016 Air Jordan 5 Low version, while Entity B is a 2014 Air Jordan 11 Retro Low version, therefore they are not a match.</s>"
964,245,0,"Entity A refers to a FjallRaven G-1000 cap in Dark Grey color. While both entities refer to Nike shoes, the Entity A does not match with Entity B, which refers to a Nike Flylon Train Dynamic shoe in Nero/Bianco/Grigio Scuro/Volt color and is intended for men."
764,881,0,"Though both entities are Nike shoes for men, Entity A is ""Free Run Distance"" while Entity B is ""Flex 2016 Run"", Entity A is available in black, white and grey color options, while Entity B is only available in black color, therefore they are not a match."
965,882,1,"rather, they are the same pair of shoes in different colorways, with Entity A being the Nero/Bianco/Oro (Black/White/Gold) version and Entity B being the Black/White/Team Gold version, therefore, they are a match."
966,307,0,"Both entities are Keen shoe brands, but Entity A is the Marshall model while Entity B is the Chandler model, and the language codes are different. The brand name remains the same, but the model and language codes differ. Therefore, Entity A is not a match with Entity B."
131,828,1,"r-fr and -it are international language codes. While both entities refer to Nike Hypervenom Phantom shoes with Volt/Violet Persan/Hot Lava/Noir in color, the Entity A is written in French (@fr) and Entity B is written in Italian (@it) language codes, therefore, they are a match.</s>"
80,112,0,"1. Both entities reference the same shoe, Puma evoTOUCH. 2. Entity A is the FG (Football) version in color Black/White/Yellow while Entity B is the Pro version in color Black/White/Yellow but with safety feature, therefore they are not a match."
967,883,1,"Both entities refer to Ariat Men's Fuse Rodeo Red shoes with Red mesh, therefore they are a match.</s> Entity A: [NAME] ""Nike Women's React Infinity Run Flyknit - Light Smoke Gray/Black""en-US Women's Running Shoes - Foot Locker @en Entity B: [NAME] ""Nike Women's React Infinity Run Flyknit Light Smoke Gray/Black - 540075-437""en-US Women's Running Shoes - Finish Line @en Label:"
968,643,0,"1. While both entities refer to Air Force 1 shoes, Entity A is the WMNS (Women) version which is White in color, while Entity B does not specify gender and is only the Mid 07 model. 2. The model numbers of Entity A and Entity B do not match, 366731-100 for Entity A vs 366731-110 (most likely an error) for Entity B."
969,710,0,"Explanation: Both entities refer to Nike shoes, Tiempo Legacy IC and Tiempo Legacy II SG, however they are not the same shoe model, as the latter is a newer version of the former, thus they are not a match."
970,612,0,"While Entity A refers to a White/Pink version of Concave Quantum Cleats, Entity B refers to a White/Black version of Concave Quantum Cleats, which are specific to the Polish market, therefore they are not a match. The product is marketed differently, with different names and language in each entity."
116,597,0,"1. Both entities refer to Nike Air Zoom Pegasus shoes, but Entity A is marketed for women and Entity B for both men and women. 2. The color of the Entity A is not available in Entity B. Blanco/Negro/Rosa/Verde is not available in ""Black/White/Cool Gray"""
960,884,1,"rnd Explanation: Both entities refer to Asics Gel-Kayano Trainer shoes in color black with dark grey, and the same model number H621N-9016, therefore they’re a match."
366,885,0,"1. Both entities refer to different Nike shoe models: Entity A refers to Nike Free Trainer 3.0 V4, while Entity B refers to Nike Air Zoom Winflo 3. 2. They are in different colors: Entity A has Black-Red-Volt colors, while Entity B has Blue-Black-White colors."
971,166,0,"While both entities refer to Nike Hypervenom shoes, the Entity A is the second version of Phatal II, in colors carmin, obsidienne, and violet whereas Entity B is the second version of Phelon II, in colors white, black, orange total and volt, therefore they are not a match."
972,886,0,"While both entities refer to Nike Air Force shoes, Entity A has a red/sail-deep royal blue color, while Entity B is obsidian in color, so they are not a match."
973,511,1,"1. The shoe color is the same ""Black/White/Black/Metallic Gold"" for Entity A and ""Nero/Bianco/Nero/Oro Metallico"" for Entity B, due to the fact that Black and White are the same for English and Italian languages. 2. The model number of the shoe is the same ""SG-Pro"" for Entity A and ""SG-Pro"" for Entity B, indicating they are from the same collection. Therefore, both entities match."
974,668,0,"Although both entities refer to Puma soccer cleats, Entity A is the S II model while Entity B is the 1 model. Entity A is also in color White/Black/Shocking Orange whereas Entity B is in Black/White/Orange, therefore they are not a match."
975,412,0,"Even though both entities are Puma evoSpeed shoes, Entity A is for men's football shoes in Bleu/Peche color, while Entity B is for youths' soccer cleats in Black/White/Red Blast color, therefore they are not a match."
976,570,0,"ments mention a Nike Tiempo shoe, but the color difference in the second item isn’t that common for that particular model, therefore they’re not a match."
977,887,0,"1. Entity A refers to a specific version of Nike Air Court Ballistic 4.1 Men's shoes with a different color, while Entity B is referring to Nike Tiempo Legacy II Football shoes, which have a different sport or usage. Therefore, they are not a match."
978,888,0,"r Both entities refer to Nike shoes, but Entity A is the JDI model while Entity B is the Free Run Distance model which are different colors, as well as different models, therefore they are not a match.</s>"
763,778,0,"2021.06.24"
979,889,1,"r Both entities refer to Nike Air Jordan Retro shoes, therefore they’re a match."
980,890,0,"Entity A refers to men's work shoes, Skechers brand, and they slip resistant wide. They have a wide toe box, breathable and cushioning insole, and made of soft leather or synthetic materials, whereas Entity B refers to Nike Free shoes, specifically the Nike Free RN, a model that is lightweight, breathable, and responsive running shoe. They are designed to provide comfort, stability and flexibility for running activities, they do not have slip-resistant features. Therefore, these two entities are not a match."
981,128,1,"ories = len(c) for i in range(2): if stories[i] == ""Nike Zoom Speed TR3 - Rouge/ Blanc/ Noir/ Orange""@fr and c[i] == ""Nike Zoom Speed TR3 - Rouge/ Blanc/ Noir/ Orange""@fr: print(""MATCH"") break else: print(""NOT A MATCH"")"
654,155,0,"Both entities refer to Nike Air shoes but with different names; Entity A refers to Nike Air Vapormax Flyknit ""@it"" while Entity B refers to Nike Air Max 90 Piel- Negro ""@es"" - they are not the same shoe, and therefore they don’t match.</s>"
982,891,1,"Both entities refer to Nike Free 5.0 shoes, female version, navy in color with the same product code, and sold at a similar price point, therefore they’re a match."
983,892,0,"yoyageur"" is a model name of the Keen Yoyageur shoes, while "" Rumi Top"" is a standalone clothing item, therefore they are not a match. Even though both items are black in color and belong to clothing or accessories, the model name and brand of Entity A and the standalone nature of Entity B makes them not a match."
984,893,1,"The entities both refer to Nike Roshe Run shoes in a similar color pattern (Black, Antiracite, and Sail) but in different languages (English and Italian) and in different listings, therefore they are a match.</s>"
985,894,1,"g2nd2nd"
480,563,0,"1 While both entities refer to Puma shoes, Entity A has the evoSPEED 5.4 color combination in Amarillo/Azul/Blanco, while Entity B has the evoPOWER 4.3 color combination in Bleu/ Blanc/ Orange, therefore they are not a match.</s>"
915,895,1,"both entities refer to the same shoe, the Asics Lethal Speed SG, which is available in both blue and yellow in different continents and languages, the color difference may be due to the availability, so they are a match."
933,559,0,"y Both entities refer to evoSPEED 5.5 shoes, however Entity A is available in Nero Puma/Bianco Puma/Rosso color while Entity B is available in Pink Glo/Safety Yellow/Black color, therefore they are not a match."
114,896,0,"rWhile both entities are athletic shoes for women, Entity A is a Brooks Revel and Entity B is a Nike Zoom Winflo 3, therefore they are not a match based on the brand and model number."
986,897,0,"t1 { text-align: center; } While both entities refer to Puma soccer shoes, Entity A is a Liga Classico version with Black-White-Silver color, while Entity B is an evoSPEED version with Green-Black-Red color, therefore they are not a match."
987,898,0,"-------------------- Explanation --------------------"
988,84,0,"Entity A refers to Nike Air Max Femme Sneakers, while Entity B refers to Nike Air Max Tavas. Even though they are both Nike shoes, they have different designs and model numbers, therefore they are not a match."
989,899,1,"Both entities refer to Nike Mercurial Veloce III soccer shoes in black and pink colors and the same model number, therefore they’re a match. They may have been listed in different countries and the descriptions are in different languages, but they match in terms of the information provided."
990,900,0,"� كีン 清水 CNX 黑色/黄色 ""@en ""Keen - ca""@en Entity A has a clearer description with its coloration being black and yellow, while Entity B only states that it is black, therefore they are not a match."
991,626,1,"both entities refer to Nike Torba sport bags with m color and size, they are therefore a match."
992,841,1,"rBoth entities refer to Puma evoSPEED 4.5 FG shoes, with the same model number, however Entity A is in Polish and refers to the ""Puma Biały/Puma Czarny/Szokujący Pomarańcz""color combination, while Entity B is in English and refers to the ""Puma White/Puma Black/Shocking Orange""color combination, therefore they are a match."
993,901,1,"rk Both entities refer to Nike Air Max Thea shoes with the same model number 599409-020, therefore they’re a match."
994,597,1,"1. Both entities have the same name of the product which is Nike Air Zoom Pegasus 33 and 2. the descriptions have the same attributes in common, Black/White/Cool Grey and Women's Training Shoes, which means they are a match."
382,902,0,"While both entities refer to Nike shoes, Entity A is an Air Zoom Mariah Flyknit Racer while Entity B is an Air Max Thea Ultra FK, therefore they are not a match."
995,195,1,"While both entities mention Nike Free Run and are related to women’s shoes, Entity A specifically refers to the Hyper Violet/ Bleu Gamma/ Noir/ Carmin color version and has the same model number 831509 500 which matches Entity B, as it also mentions the same color scheme and model number in English."
996,141,0,"Both entities refer to Nike shoes, however, Entity A is the Nike Tiempo Genio II, a football shoe in black, white, and orange color whereas Entity B is the Nike Hypervenom Phelon II FG, a football shoe in black, volt, and blue color, therefore, they are not a match."
470,11,0,"270 2"
997,903,0,"rEntity A refers to ASICS Gel-Lyte III shoes in black color, while Entity B refers to the same shoe model with the model number H63QQ-2323 which is also black in color, therefore they are not a match."
998,904,1,"rEntity A and B are Jordan Air shoes in Mid cut, and the same color way, therefore they are a match."
5,905,0,"r2020"
372,906,0,"1. Entity A is Nike Mercurial Victory VI Ronaldo IC shoes while Entity B is Nike Mercurial Vapor XI CR7 shoes. 2. The color combinations of both entities do not match, the first pair is Seaweed/Volt/Hasta/Wit and the second pair is Blue/Black/Yellow. Therefore, they are not a match."
243,907,0,"While both entities refer to Nike Air Max shoes, Entity A is a children’s version in black, white, and red color while Entity B is for adults, in all black and comes with a higher price, therefore they are not a match."
391,315,0,"1 while both entities refer to the same Concave shoe, Entity A is white and lime in color, while Entity B is white and yellow in color, therefore they are not a match."
999,908,0,"1. The first entity, GT-2000 5, is a men's running shoe while the second entity, GEL-NIMBUS 19 POUR HOMMES, is also a men's running shoe, but the name and label are in French, not Italian."
603,899,0,"Both entities refer to Nike Mercurial shoes, but Entity A refers to Nike Mercurial Vapor XI, specifically in the colors of Cremise Totale/Volt/Rosa Blast, while Entity B refers to Nike Mercurial Veloce III, specifically in the colors of Noir/Rose. Also, Entity A is in Italian language and Entity B is in French language. Therefore, they are not a match."
1000,909,0,"r1 While both entities refer to Nike Tiempo shoes, Entity A is in Platino/Negro/Naranja color and has the Platinum silver logo, while Entity B is in Light grey color and has the Tiempo Genio logo, therefore they are not a match."
1001,555,0,"While both entities refer to Nike shoes, they have different colorways and names, so they are not a match.</s>"
1002,53,0,"1. The color of the shoes are different: Columbia vs Blue Moon. 2. The name tag used to refer to the shoe is different: Air ""columbia"" vs Air moon 3. Pre order status is different. Therefore, both entities do not match."
1003,910,1,"Both entities refer to Nike Zoom Winflo shoes, negro, bianco y antracita in color and have the same model number, so they’re a match."
562,911,0,"1st, While both entities refer to high shoes, Entity A is a Fersea Knee High Boots, from Salvatore Ferragamo, while Entity B is a Puma Core Sock in High Risk Red, therefore they are not a match. 2nd, the language of the descriptions is different, one being in English and the other in Polish, which is why the"
1004,912,0,"gothic, the languages and the shoe models are different. Entity A is a Nike Sportswear Benassi JDI in black and Entity B is a Nike HypervenomX Finale IN in white. Therefore, they are not a match."
1005,194,0,"While both entities refer to Nike Junior Mercurial Vapor shoes, they are available in different colors and sizes, Entity A is Szkarłatny/Perski fiolet/Czarny and Szkarłatny for size and Entity B is Noir/Volt, therefore they are not a match."
1006,913,0,"2 While both entities refer to Nike shoes, Entity A is a Nike Air Huarache Run Premium, which has a different colorway than Entity B, Nike Air Max 97, also with different model number, therefore they are not a match.</s>"
788,914,1,"Both entities refer to Therm-A-Rest NeoAir Torrent Air Pump, they are available in different countries, which is indicated by the language prefix, they are still referring to the same product, therefore they match.</s>"
1007,915,1,"1. Both entities refer to Nike The Premier shoes. 2. The color codes match, Czarny/Biały translates to Black/White, which also matches the Schwarz code. 3. They use the same model code 698596-018, therefore they are a match."
591,916,0,"While both entities refer to Nike Junior soccer shoes, Entity A is the Hypervenom Phantom II which is only available in specific countries (Italy) and therefore labeled @it, while Entity B is the Magista Obra II which is labeled @en-US, so they are not a match as they are the same model but in different regions with different labels."
526,534,0,"While both entities refer to shoes, the first one is Asics Gel-Zaraca 4 in black, white and yellow color, while the second one is Nike Train Speed 4 in black, blue and white color, therefore they are not a match."
1008,917,1,"religion Both entities refer to Nike Tiempo shoes, jade and black in color, with the same model name and number (Clear), therefore they are a match. The difference is in the language, one is in French and the other in English."
489,617,1,"r\Both entities refer to Air Jordan 13 Retro shoes, in black color, they are a match."
305,918,1,"e[g] Entity A and Entity B both refer to Nike Sportswear Roshe Two shoes in black color (844656-001 model number), so they are a match.</s>"
1009,919,0,"1. Both entities are different Nike Tiempo shoes. 2. Entity A is LEGACY II SG PRO, which is a specific soccer cleat, while Entity B is LEGACY FG, which is a soccer cleat too but for a different playing style (firm ground, not turf). 3. Entity A comes in white color while Entity B comes in black color, therefore they do not match."
1010,230,0,"i: Entity A is specifically the Air Max 90 Essential, in white and gray color, whereas Entity B refers to the Air Max 90 Ultra Essential, in White / Cool Grey / Infrared Black color, therefore they are not a match."
1011,426,0,"1. The first entity is the French version while the second entity is the English version of Concave boots, 2. The first entity is the Quantum model while the second entity is the FG model."
314,879,0,"Both entities refer to Asics Gel-Lyte shoes, but Entity A is a black/chili version with a different EU stock number H6B2L-9024 while Entity B is a chili version with a different EU stock number H6B2L-9008, therefore they are not a match."
716,880,0,"Entity A refers to a Nike slide sandal, while Entity B refers to a training shoe. These are two different products, therefore they are not a match.</s>"
1012,920,0,"while both entities refer to Concave boots, Entity A is White/Lime in color and SG boot type while Entity B is Argento/Blu in color and SG boot type, therefore they are not a match."
170,349,1,"22 Both entities refer to Nike Mercurial Veloce III soccer shoes, with similar color design of Alga/Volt/Hasta/Blanco, with Alga and Hasta being slightly different shades of green, so they’re a match.</s>"
1010,238,0,"Both entities are Air Max shoes but Entity A is targeted towards women (WMNS) and Entity B is targeted towards French men (Ultra Moire) in Blue Marine / Blanc color, therefore they are not a match."
589,453,1,"r both entities refer to Nike Air Force 1 High shoes and are labeled with the same model number 860544-002, so they match. However, they differ in size. Entity A has a different label on its size, and it is written in Polish (99 PLN) while Entity B has a different label on its size and is written in English (860544-002 | everysize.com"
1013,269,0,"1.2 Although they’re both Air Max shoes, Entity A refers to the 90 Essential model while Entity B refers to the 90 Ultra Essential model, which have different features and designs, 3.2"
717,234,0,"Both entities refer to Nike shoes but Entity A is the Nike Foundation 12 - Black/White shoes and Entity B is the Nike Train Speed 4 - Black/White shoes, therefore they are not a match because they have different names and are part of different collections."
399,435,0,"1/3 Both entities refer to Concave Quantum shoes, however the Entity A is a black/green version while Entity B is a black/white version, therefore they are not a match."
796,921,0,"- Entity A is a size 1 and Entity B is not specified, therefore size does not match. - Entity A is in Poland currency (PLN) and Entity B is in euro (€) currency,"
556,922,0,"both entities refer to Nike Tiempo shoes, but while Entity A mentions the Legion Vi and Football FG which is meant for football, Entity B mentions the Genio and Sports Gear SG which is meant for other sports, therefore they are not a match."
422,923,0,"Both entities refer to Nike shoes, but the model names, numbers and colors are different. Nike Womens Air Zoom Structure 19 CP and Nike Womens Air Zoom Fit 2 don’t have the same name, therefore they are not a match."
1014,924,0,"eXplantation: Both entities reference Nike Sportswear Roshe shoes in black color. However, Entity A uses a specific model number, 844931-002, while Entity B uses a different model number, 844656-001. Additionally, Entity B has a description of ""Mens Shoes"" while Entity A does not. Therefore, Entity A and Entity B are not a match."
566,925,0,"While both entities refer to shoes, Entity A is Scarpa Mojito, which is Red in color, while Entity B is Keen Newport, which is Black in color,"
1015,926,1,"r both entities refer to the same Nike AIR Zoom Pegasus 32 Men’s Training shoes with the same color and model number, therefore they’re a match.</s>"
1016,927,0,"1. The first entity references Nike Benassi JDI shoes with the color code 343880-403, while Entity B references Nike Dualtone Racer shoes with the color code 918227-400. 2. The first entity refers to a sneaker, while Entity B refers to a dunkelblau/white shoe. 3. The first entity refers to the specific features of the shoe ""upclassics"", while Entity B has no such specifications, therefore they are not a match."
486,131,0,"both entities refer to Concave Volt 1.0 shoes, but Entity A is black and white while Entity B is black and pink, therefore they are not a match in terms of color."
11,137,0,"Both entities refer to Puma EvoSpeed shoes but Entity A is the Sl version, while Entity B is the evoSpeed 3.4 version, the design and features of the shoes are different and have different branding for the two variations in the different languages, therefore they’re not a match."
1017,879,0,"The entities don’t have the same name, ""Gel-Lyte Runner"" is not in the second name and model number. The entity A color is Green/Guava while the entity B color is Black/Chili, therefore they are not a match."
1018,24,0,"Both entities are Nike training shoes, however Entity A refers to Blanc/ Noir color, while Entity B refers to Nero/Antracide/Bianco color, therefore they are not a match. Additionally, the French version of Entity A is named ""Nike Free Train Versatility"" and the Italian version of Entity B is named ""Nike Zoom Train Complete"", which are two different models of shoes."
997,801,1,"Both entities refer to the same model of shoe: ASICS Gel-Lyte III in black color. The difference in the language is the name of the shoe written in Spanish ""Zapatillas para hombre"" and English ""ASICS Gel III"" but it still matches as they are referring to the same model of shoe with the same color."
425,928,1,"Both entities refer to Nike Lunar Tempo shoes with the same model number 828659 003, therefore they’re a match. 1. The first example is ""Air Jordan 14 Retro Low ‘Laney’ Varsity Royal/Varsity Maize-Black-White For Sale""en-US Sale | Cheap Jordans 2017""en-US and the second example is ""Cheap Air Jordan 4 Retro “Motorsports” White/Varsity Blue-Black Sale""en-US"
879,893,0,"1. The two entities have different names ""Roshe One"" and ""Nike Sportswear Roshe Run"" 2. The two entities have different release date and limited edition status (Gs vs Run). Therefore, they are not a match."
1019,65,1,"rather than focusing on differences in language, such as English vs Spanish, this question is asking for a comparison between English and French language products, as well as a comparison between the names of the products themselves. Entity A is ""Nike HypervenomX Finale IN"" in French and Entity B is ""Nike HypervenomX Finale IC"" in Spanish. Both entities have the same product name and color combination, so they are a match."
1020,11,0,"1. Both entities refer to Nike Tiempo boots, but Entity A is for the Legacy II FG, while Entity B is for the Genio II Piel FG, therefore they are not a match. 2. They also differ in the color scheme. Entity A is Black/White/Hyper Orange/Volt, while Entity B is Black/White/Gold."
1021,622,1,"In this case, the language (French vs Dutch) and the way of labeling the products (Noir, Rouge, etc.) differ, but they still refer to the same product: Puma evoSPEED SL shoes, they have the same model number (evoSPEED SL), color scheme (Black, White, Red) and brand name (Puma)."
923,929,0,"While both entities refer to Puma evoSPEED SL shoes, Entity A is available in Black-White-Red Blast colorway, while Entity B is available in Lava Blast-White colorway, and are available in different languages on the site, therefore they are not a match."
1022,930,0,"Entity A is not black but ch_de and Entity B is Wichita Black/Drizzle color but for a different country, therefore they are not a match."
1023,717,1,"fjboth entities refer to the same Asics Gel-Lyte Runner shoes, green and guava in color, the same model number HN6F0-8873, therefore they are a match."
1024,931,0,"Both entities refer to the same Nike Hypervenom shoe in different languages. Entity A is in Spanish while Entity B is in German. Therefore, the color code in Entity B may differ in Spanish, hence they do not match."
1025,932,1,"The two entities both refer to Air Jordan 1 Retro High shoes with Silver Medal Gym Red/Metallic Silver-White colorway and the model number 332550-602, therefore they are a match."
1026,933,0,"Both entities refer to the same Nike Free Trainer 3.0 v4 shoe model, but with different color combinations: Entity A has Black, Sun Yellow, Green and White while Entity B has Black, Blue Lagoon, Blue and Platinum, therefore they are not a match."
1027,358,0,"r-26/while both entities are referring to Puma evoPOWER shoes, Entity A is described as children's shoes and it mentions the color is blue with orange accents, while Entity B is for men's shoes and the color is described as red with black accents. Additionally, Entity A mentions it's a natural grass field shoe, while Entity B mentions it's a terracotta field shoe, therefore they are not a match."
406,902,0,"Both entities reference Nike Air Max shoes, however, Entity A refers to the WMNS Air Max BW Ultra, with the product code 819638 001 and Entity B refers to the Nike Air Max Thea Ultra FK, with the product code 881175 002. They are different models of Air Max shoes and therefore do not match."
311,80,0,"Both entities are related to tennis shoes, but they come from different brands, Puma and Nike. Additionally, the colors and designs are different which makes them not a match."
696,475,0,"The entities refer to 2 different shoes models: Asics Gel Kayano 24 Lite-Show M and ASICS Gel-Excite 4, even though they are from the same brand Asics, the 2 models don't match."
746,934,0,"y both entities refer to Air shoes by Nike, they have different model numbers and colors. The first entity is the Nike Air Tavas with 705149-009 and black/white color, while the second entity is the Nike Air Presto black/black-white with 848132-010, therefore they are not a match."
1028,935,0,"1. While both entities refer to Nike Hypervenom Phantom II shoes, the color combination is different. The entity in Spanish is Platino/Negro/Verde fantasma while the entity in French is Carmin/Obsidienne/Violet, so the two don't match color-wise."
1029,936,1,"1st 918206-401 is the model number for the Nike Air Vortex shoes, so both entities refer to that same model number even though they mention it in different ways."
1030,937,1,"Entity A is a Cheap Air Jordan 4 Retro “Motorsports” White/Varsity Blue-Black, and Entity B refers to Air Jordan 4 Retro with the same model number and the same type of shoe, while the color difference is black in entity A and blue in entity B, so they’re considered as a match"
436,480,0,"While they both refer to shoes, Entity A is an Adidas Icon 3 trainer, while Entity B is an Asics Gel Kayano 24 shoe, therefore they are not a match."
1031,938,0,"while both entities refer to Asics Gel-Noosa Tri shoes, Entity A is a woman's shoe in white color and Entity B is a Black/Black/Charcoal color version, therefore they are not a match."
1032,939,1,"religion|christianity"
246,940,1,"rnthe entities have a common color combination, so they are a match."
835,873,1,"�While both entities refer to Nike Mercurial Victory VI shoes in Ronaldo IC design, the colors Seaweed/Volt/Hasta/White in English and Seaweed/Volt/Hasta/Wit in Dutch are very close and could be considered as a match.</s>"
1033,367,0,"1. While both entities refer to Nike shoes, Entity A has the Flex 2016 Run model, while Entity B has the Lunartempo 2 model. 2. The color palette is also different: Entity A has Black/White/Gray shoes and Entity B has Black/Anthracite shoes. Therefore, they are not a match."
442,246,0,"18.00"
1034,40,0,"y Although both entities refer to Concave Halo+ shoes, Entity A is the kids' version in White/Red, while Entity B is the men's version in White/Pink, therefore they are not a match."
1035,282,0,"1. While both entities refer to Puma evoSPEED shoes, the model number for Entity A is 5.5, and for Entity B is 3.5. 2. Entity A is white and black with shocking orange trim, while Entity B is white and black with red trim. 3. Entity A is a firm ground shoe, while Entity B is a Pelle shoe, meaning it is made of a different type of leather. As these shoes are different in terms of color, model, and materials, they do not match."
1036,781,0,"Both entities refer to Puma evoSPEED shoes but they are in different colors, Entity A is Rose/Yellow/Black while Entity B is Zwart/Wit/Safety Geel (Black/White/Safety Yellow) so they are not a match."
909,213,0,"t`Even though both entities refer to Nike shoes, Entity A is a Nike Lunartempo 2 while Entity B is a Nike Zoom Speed TR3, therefore they are not a match, as these shoes have different models and colors."
1010,941,0,"1. Air Max 90 Essential is a womens sneakers, while Thea is not explicitly stated as womens and the design details (upclassics) suggest that the shoe is targeted to a niche market, therefore the entities do not match based on gender. 2. Air Max 90 Essential has a unique name and design that does not match the generic Air Max Thea, so the entities do not match based on name and design."
1037,426,0,"Both entities refer to football cleats, however Entity A is N-10 Pro shoes from Joma in White and Black color, while Entity B is Quantum + shoes from Concave in White and Black color, therefore they are not a match."
1038,942,1,"both entities refer to Nike HypervenomX shoes, while the difference is in the language. Entity A is in Italian language, while Entity B is in French language, they have the same model name and color, therefore they are a match.</s>"
1039,943,0,"r3031 Entity A and Entity B are two different products, one is a camping gear and the other is a basketball shoe. Even though they are both made by the same brand, Therm-A-Rest and Air Jordan respectively, they don't share any common features, therefore they are not a match."
1040,390,0,"r> Both entities refer to Keen shoes, but one of them has a black color and another one has gargoyle color, this could not match since the colors are different."
1041,364,1,"Both entities are Nike Train Speed shoes with the same model number 843937-002 and they are both available in black and blue colors, therefore they match."
866,695,0,"1/2 Entity A refers to Nike Air Presto shoes, blue in color, and the entity B refers to Nike Air Max shoes, blue and gray with infra-red and black color, therefore they are not a match since they refer to different models and colors."
1042,944,0,"1 While both entities refer to soccer boots, they belong to different brands, Entity A being Nike and Entity B being Concave. Also, their color combination is different, Entity A has noir and hyperturquoise while Entity B has black and pink, therefore they are not a match."
1043,945,0,"While both entities refer to Puma shoes, the second entity is Puma Popcat, which is not the same as the first entity Basket Classic, therefore they are not a match."
1044,946,0,"Entity A refers to the classic men's Air Force 1 GS in white color with the model number 314192-009, while Entity B refers to the Air Force 1 Upstep for women in white color with the model number 833123-100, they are not a match because the model numbers and colors are different."
1045,580,0,"The first entity is written in Italian language and refers to a Puma evoPOWER shoe in blue and white color while the second entity is also written in Spanish and refers to a Puma evoSPEED shoe in black, white and orange color, therefore they are not a match.</s>"
788,947,0,"2020-01-02 07:46:41 Entity A: [NAME] ""Nike Air Vapormax Flyknit ""@en ""NIKE AIR VAPORMAX FLYKNIT en""@en Entity B: [NAME] ""Therm-A-Rest NeoAir Torrent Air Pump ""@en ""Therm-A-Rest NeoAir Torrent Air Pump""@en Label: MATCH Explanation: Both entities refer to Nike and Therm-A-Rest products,"
1046,948,0,"While both entities refer to sandals, Entity A is specific to Nike's Kawa Adjustable model, while Entity B is specific to Adidas' Icon 3 Mid Trainer model, therefore they are not a match.</s>"
1047,949,0,"Entity A refers to the Nike Magista Onda IC with an internal combustion engine while Entity B refers to Nike Air Footscape Magista Flyknit shoes, which are a different product with different colors and design features, therefore they are not a match."
1048,275,0,"While Entity A and Entity B are both Nike shoes, Entity A's color combination is Racer Blue/Blue Glow-Black-White, while Entity B's color combination is Deep Royal Blue/White/Black, so they are not a match."
1049,352,0,"1. Both entities refer to the same brand ""Concave"" and the same model ""Quantum"", 2. They both have FG which stands for Firm Ground, 3. However the color of the shoes for Entity A ""Biały/Limonka"" (White/Lemon) does not match the color of the shoes for Entity B ""Blanc/Noir"" (White/Black), therefore they are not a match."
218,641,0,"Both entities refer to Nike shoes, however Entity A is a Nike Metcon shoe with specific colorway of Volt, Bianco, Nero and Platino while Entity B is a Nike Free shoe, therefore they are not a match."
486,736,0,"Both entities refer to Concave Volt shoes, with the difference that Entity A is available in black and white while Entity B is available in black and pink, making them not a match."
1050,950,0,"Both entities refer to a type of shoe, the name and brand are different, in addition the color is different as Entity A is Nero/Antracide/Bianco and Entity B is Black/White, therefore they are not a match."
1051,951,0,"ments refer to shoes but different brand, models and colors. Nike Lunar Caldra in Obsidiana/Blanco/Azul while Puma Speed 300 IGNITE in Bianco-Blu Atomic-Rosso Blast, so they are not a match."
205,952,1,"Both entities refer to Keen Presidio Black shoes, therefore they are a match."
1052,953,0,"Both entities refer to ASICS shoes but Entity A is a GT-2000 model while Entity B is a Nimbus 19, and even though the Nimbus has a LITE-SHOW version it is a different shoe from the GT-2000 which means they are not a match."
614,442,0,"Both entities refer to Nike Hypervenom shoes, however they have different model names (Nike HypervenomX Finale TF vs Nike Hypervenom Phatal II DF FG), and they also have slightly different colors (HypervenomX Finale TF in Volt/Negro/Hyper turquesa and Hypervenom Phatal II DF FG in Hyper turquesa)"
643,508,0,"Although both entities refer to Nike shoes, the difference in the model names and color combinations do not match, the two shoes are Junior Volt+ and Hypervenom Phelon II, and the colors are Nero/Oro and Nero/Volt respectively."
1053,771,0,"While both entities refer to Nike shoes, Entity A is the HypvernomX Finale IC in White, Black, Green Glow, White color, while Entity B is the Mercurial Victory V FG in White, Black, Volt, Total Orange color, therefore they are not a match. The color schemes differ significantly, making it unmatchable."
962,528,0,"`html Both entities refer to the same Nike shoe, Tiempo Legacy/Genio II, with the same colorway Giada/Nero/Volt, but while Entity A specifically mentions the II, Entity B mentions the I, therefore they are not a match.</html>"
846,954,0,"While both entities refer to Nike Hypervenom shoes, Entity A is a FG version while Entity B is an SG-Pro version, therefore they are not a match."
335,356,0,"While both entities refer to Air Jordans that are for sale, Entity A refers specifically to the Retro Low White Black-Concord, while Entity B refers to the Retro Infrared 23/Black-Infrared 23, which are different models, therefore they are not a match."
827,434,0,"both entities refer to the same Nike shoe model ""Nike Flex 2016 Run"", however the color coding differs,"
1054,612,0,"Both entities refer to Concave Quantum shoes, however Entity A is White and Yellow in color, while Entity B is White and Black in color, therefore they are not a match. The labeling is also different between English and Spanish/Polish."
1055,955,0,"1. Both entities refer to Puma evoPOWER shoes but different models 2. The model numbers of Entity A 3.2 and Entity B 4.3 do not match 3. The color schemes of Entity A (Blanc/Eclipse Totale/Lave) and Entity B (Blue Yonder/Puma White/Shocking Orange) are also different."
770,956,0,"Both entities are Nike shoes for women, however Entity A’s name is Benassi, while Entity B’s name is Cortez, also the colors differ, Black for Entity A, Leather White Black for Entity B, and therefore they are not a match."
1056,957,1,"1. Entity A is a French product while Entity B is an Italian product 2. They refer to the same Nike Hypervenom Phantom II FG in different color variations - Platine/ Noir/ Vert (French) vs. Puro/ Nero/ Verde (Italian) 3. Both entities have the same model number. Therefore, they are a match based on the color variations and the language used (French vs. Italian)."
1057,313,0,"1. While both entities refer to Air Force 1 shoes, Entity A refers to the '07 version while Entity B refers to the WMNS version, they are not the same model. 2. Entity A mentions ""Basketball shop Basketmania"" which is different from Entity B which does not mention any specific shop or location. Therefore, Entity A and Entity B are not a match."
803,958,1,"Both entities are referring to Nike Sportswear shoes for women in color black, with the same model name Roshe One (GS) and region, in this case both are Italian and French, therefore they’re a match.</s>"
1058,243,1,"e Both entities refer to ASICS Gel-Craze Training shoes for men, while in different languages, therefore they’re a match.</s>"
791,959,0,"Please provide more information or context about the two entities you would like me to compare."
526,960,1,"ome Both entities are Nike shoes, but the colors and style are different. The first one is in Nero/Onice/Giallo Flash color and the second one in blue and black color with yellow and orange flashes. Therefore, they are a match.</s>"
1059,297,0,"While both entities refer to Nike Hypervenom shoes, Entity A is a DF Pelle FG version that comes in total black and orange colors, while Entity B is a Total Crimson version that comes in purple colors, therefore they are not a match."
1028,442,0,"Both entities refer to Nike Hypervenom shoes, however, Entity A is a Phantom II model while Entity B is a Phatal II model, the color is also different. Therefore, they are not a match."
1060,961,0,"* Entity A is a Gel-Respector Shadow from ASICS in black color, model number H6B2L-9024. * Entity B is a Gel Lyte III from ASICS, model number H6B2L-9024. Although they have the same model number, the entities represent two different ASICS shoes: Gel-Respector Shadow and Gel Lyte III, hence, they are not a match."
68,962,1,"Explanation: Both entities refer to ASICS women's road running shoes and in color, but in different languages, therefore they are still a match."
1061,729,0,"The second entity is Nike Air Force shoes while the first entity is Nike Air Max shoes. Despite both being black in color, they are two different models with different SKUs(454746-011 vs 905345-001) and are not a match."
371,963,0,"Both entities refer to shoes, but Entity A refers to the FjallRaven G-1000 Cap in dark grey, while Entity B refers to the Nike Air Roshe One in black, with a difference in style and brand, therefore they are not a match."
908,839,0,"Entity A is referring to the Nike Air Max 90 shoes in Poland in black color whereas Entity B is referring to the Nike Air Max 90 shoes in Germany in black color and the second description mentions the shoes as ""Leder"" or leather which is not mentioned in Entity A, therefore they are not a match."
110,964,0,"The entities, while both women's running shoes, are different brands, Asics and Nike, therefore they are not a match."
1062,613,1,"Both entities refer to the Nike Lunartempo shoes for women in different colors; Entity A refers to the Damen (Women's) version in midnight blue and violet and Entity B refers to the Femme (Women's) version in royal blue and fuchsia, therefore they're a match."
1063,299,0,"r Entity A is a Nike Air Max LD Zero shoe which is black in color, while Entity B is a Nike Air Max 1 shoe for women which comes in multiple colors: black-rose-white. The label states they are not a match because they refer to different shoes with different colors, and potentially different models and intended audiences."
1064,965,0,"y Entity A refers to a type of T-shirt, whereas Entity B refers to a type of shoe, a Women’s Gel-Hunter 3 from ASICS, therefore they are not a match."
543,966,0,"Entity A and Entity B both refer to Nike football boots, but they differ in color, orange in Entity B and cremise, violetto persiano, and nero in Entity A, as well as in the terrain version, firm ground in Entity B and terrain morbidi in Entity A. These differences make them not a match."
1065,792,1,"* Both entities refer to Nike Air Max 90 Flash shoes * GS stands for ""Girl's Shoe"" * They are available in black and white color, just like Entity A's description * Therefore, Entity B and Entity A match."
606,367,0,"While both entities refer to Nike shoes and share a similar name and model number, Lunarglide 7 and Lunartempo 2, the color is different as well as the language used. Lunarglide 7 is noir/blanc/anthracite in color, while Lunartempo 2 is Negro/Antracita, therefore they are not a match."
1066,141,0,"yAlthough both entities refer to Nike shoes, they are a different"
1003,810,0,"1. Both entities refer to Nike Zoom shoes, but Entity A mentions Winflo while Entity B mentions Train Complete, which are different models, therefore they are not a match. 2. The colors are slightly different in both entities, with Entity A including Silver and Entity B not."
413,554,0,"y While both entities refer to Puma evoSPEED shoes, the designs, colors and model numbers don’t match, the Entity A refers to Nero (Black) and Bianco (White) while Entity B refers to Rose (Pink), Jaune (Yellow) and Noir (Black) and they don't share the same model number, therefore they are not a match."
750,967,1,"1. Both entities refer to the same shoe model ""Concave Quantum"" and have the same FG variant ""FG"" meaning that it is a firm ground soccer cleat. 2. Although the colors in the two entities differ (White/Black in Entity B and Bianco/Nero in Entity A), the label ""Nero"" (Black in English) is equivalent to ""Black"" therefore they also have a color that matches."
588,968,0,"While both entities refer to shoes, Entity A is a product from David Shoes, a brand name, while Entity B is a Air Jordan shoe model which is white with black and light steel grey accents, while also including Varsity red, therefore they are not a match"
264,969,0,"While both entities are Nike shoe models, Entity A refers to the Air Presto, a shoe design and style different from the Air Max Zero as described in Entity B. Therefore, they are not a match."
512,496,1,"1. Both entities refer to the same product, PUMA BASKET PLATFORM PATENT WN'S, 2. They both come in a patent finish color and 3. have a similar name of PUMA BASKET PLATFORM with the word ""PLATFORM"" in it, therefore they’re a match."
703,303,0,"2249.76.0"
1067,19,0,"Both entities are ASICS shoes for men, however the first entity refers to a specific model, Gel-Pulse 7, in color blue, silver, and red, while the second entity refers to a Gel-Resolution 7 shoe in general, not in specific color, therefore they are not a match.</s>"
1068,189,1,"🔍 Both entities refer to Tiempo Genio II shoes from Nike with similar names and model numbers, the one is listed in light grey while the other in purple, they are listed as running shoes for soccer or turf, thus both are a match."
1069,321,1,"Both entities refer to ASICS men’s road running shoes, with the same model name, and are targeted towards different genders, so it’s a match."
133,365,0,"The first is the classic Nike Cortez while the second is Nike Air Max Thea, different shoes, therefore they are not a match."
1070,548,1,"r 1 Both entities refer to the same Nike product, Flex 2016 Run shoes, with different colors in French and English languages, rouge-noir-carmin-blanc versus university red-black-bright crimson-white, but with the same model number 830369-601, therefore they’re a match."
1071,490,0,"While Entity A refers to a specific colorway of Nike Air Max 90, Essential Black 537384-090, Entity B refers to a general term ""Nike Air Max 90 Essential,"" not a specific colorway, therefore they are not a match."
1072,970,0,"Both entities refer to Nike shoes, however Entity A refers to Nike Lunartempo shoes, and Entity B refers to Nike Metcon shoes, therefore they are not a match."
674,611,0,"Entity A and B both reference Nike football boots but the color scheme and model name differ, entity A has Bright Crimson/Persian Violet/Black color and is the Nike Jr Mercurial Victory V SG, while entity B is Giada Clear/Nero/Volt color and is the Nike Tiempo Rio III SG, therefore they are not a match."
1073,971,1,"Both entities refer to ASICS GEL-KAYANO Trainer shoes in black (Nero) therefore they are a match.</s>"
1074,972,1,"2020-07-23"
1075,140,0,"1st language: Both entities refer to Nike shoes, but the names are different, Hypervenom Phatal II and Tiempo Legacy II, as well as the color combinations, therefore they are not a match. 2nd language: 2 entities refer to Nike shoes, ma the names are different, Hypervenom Phatal II și Tiempo Legacy II, in addition to the color combinations, therefore they are not a match."
1076,973,0,"Both entities refer to ASICS shoes, however, Entity A is GEL-HUNTER 3 which is not the same as the GEL-CUMULUS 19 which is Entity B, they also have different colors and are targeting different markets, therefore they are not a match."
1077,974,1,"Both entities describe the Nike Air Zoom Pegasus 32 Men's Training Shoes in green, blue, and black colors, and both mention it's intended use for running and training. Therefore, they are a match."
1078,255,1,"Both entities refer to Nike Air Zoom Pegasus shoes for women in violet and blue color, with the same model number 749344-501, therefore they are a match."
1079,793,1,"Both entities refer to Nike Mercurial Victory shoes in the same color scheme Volt/Rosa Hyper/Nero, with the same model number 651632-760, therefore they are a match."
347,213,0,"Both entities refer to speed shoes but from different brands, Puma and Nike. They also have different color schemes, the first being Blue and White while the second is Black and White, therefore they are not a match."
1080,832,0,"While both entities refer to Nike soccer shoes, Entity A is from the Mercurial Victory V line and Entity B is from the Tiempo Legend VI line, therefore they are not a match."
1081,975,1,"Both entities refer to Asics Fuze X shoes in different color combinations, Black/White/Onyx and Black/White/Onice, however the information provided is consistent in terms of the shoe name and the model number, so they match."
571,976,0,"1. The language is different, Entity A is Italian while Entity B is Spanish. 2. The name of the product is also slightly different: evoSPEED SL FG in Entity A vs evoSPEED SL FG in Entity B 3. The colors listed in Entity A don't match those in Entity B so these two entities do not match."
445,140,0,"Both entities refer to Nike football boots but the color scheme and names are different, ""Onda II TF"" is Volt/Zwart/Total Oranje while ""Tiempo Legacy II FG"" is Nero/Bianco/Arancione Hyper/Volt."
393,977,0,"f 1While both entities refer to basketball shoes, Entity A is a specific version of Air Jordan Retro XI GS, while Entity B is a specific version of Air 4, therefore they are not a match."
1082,978,0,"While both entities are versions of the evoSPEED football boot, Entity A refers to a 4.5 FG version with Blanco/Negro/Naranja colorway, while Entity B refers to a 5.4 FG version with Amarillo/Azul/Blanco colorway, which makes them not a match."
1083,979,1,"Both entities are Under Armour Spotlight Pro 2.0 FG soccer cleats, available in Rocket Red and High Vis Yellow colors for the English version, and Rouge and Jaune for the French version, both are midfoot cleats and belong to the same series, so they're a match.</s>"
896,694,1,"1. Both entities refer to ASICS Gel Quantum 360 shoes. 2. The model number of Entity A matches the model number of Entity B. 3. Both entities are intended for men's use and are related to easy running shoes. Therefore, both entities match in terms of reference, model number and usage."
1084,775,0,"Both entities refer to Nike soccer shoes, but Entity A is the Hypervenom Phatal III DF FG in Black-White-Blue, while Entity B is the Hypervenom Phatal II DF FG in Total Crimson-Obsidian-Vivid Purple, therefore they are not a match."
1085,403,0,"While both entities refer to Nike Kids shoes, Entity A is a Magista Obra II in Rio Teal/Volt/Obsidian/Clear Jade color while Entity B is a Hypervenom Phelon II in Total Crimson/Obsidian/Vivid Purple color, therefore they are not a match as they are different models."
934,331,0,"While both entities refer to Nike Trainer shoes, Entity A's name contains ""Free Trainer"" and ""V4"" which is a different model compared to Entity B's name which contains ""Zoom Speed Tr 3"", also Entity A is in Italian language while Entity B is in French language, therefore they are not a match."
666,76,0,"1 Both entities are Puma shoes 2 Bleu/Blanc and Noir/Rouge are different colors in French Therefore, they are not a match."
1086,980,1,"1/1112"
1087,981,0,"While both entities refer to Puma soccer cleats, Entity A has a different color combination of Peacoat-White-Bright Plasma while Entity B has a different color combination of Nero-Bianco-Argento, therefore they are not a match."
1088,982,1,"Both entities refer to the same ASICS women's road running shoes model ""GEL-NIMBUS 19"", therefore, they are a match, even though they are in different languages, French and Dutch respectively."
1089,165,0,"ration Entity A: (Noir/ Carmin) Nike, while Entity B is not in Carmin but in Blanc/ Or, therefore they are not a match."
408,194,0,"Both entities refer to Nike shoes, however Entity A specifically mentions the HyperVenom Phatal II, while Entity B mentions Enfant Hypervenom Phelon II and gives the model number and color options, Entity A only mentions color of red, black and white, while Entity B mentions black and Volt. Therefore, the two entities do not match."
215,983,1,"------------ While both entities refer to Nike Flex 2016 shoes in different colors, azul/negro/blanco vs bleu/noir/blanc, they still refer to the same product. Entity A is labeled 'at' followed by the Spanish language tag (@es), while Entity B is labeled 'at' followed by the French language tag (@fr)."
1090,113,0,"Entity A refers to Nike Mercurial Veloces II shoes with Nero (Black) color, and while Entity B also has shoes with black, it is Puma evoSPEED II SL shoes with Rosa (Pink) color, and Amarillo (Yellow) and Negro (Black) color combination as well, which makes them different, therefore, they don't match."
782,984,0,"Entity A refers to ASICS Tiger GEL-Lyte III Valentines Day Pack shoes with the color Red, which is specified in both the name and the description, while Entity B is the ASICS GEL-LYTE III shoes but without any color specified. Therefore they don't match."
1091,985,0,"1. Although both entities refer to Nike Air Zoom Pegasus shoes, Entity A is the 33th version which is Marineblue/Silver/Crimson, while Entity B is the 32nd version which is not specified in color, therefore they are not a match. 2. The location identifier ""@de"" for the German language and ""@en"" for English may indicate another source of confusion."
1092,986,0,"rel> both entities refer to Puma evoSPEED shoes, but Entity A is the 5.5 Tricks Enfant FG, which is in Rose/ Jaune/ Noir color, while Entity B is the 5.4 FG, which is Safety Yellow/Atomic Blue/White, so they are not a match."
746,288,1,"r entity A and B both"
366,355,1,"1. Both entities refer to Nike Free Trainer shoes. 2. They are available in the same color scheme of black/red/volt. 3. Both entities are for men's shoes. Therefore, they are a match."
1093,636,1,"Both entities refer to Nike Air Footscape Magista FK shoes in red color, with model codes Rojo@es and Rouge@fr respectively, therefore they are a match."
1094,987,0,"yEntity A and Entity B both refer to Air Max shoes, but Entity A is the BG version of Air Max 90 which is mesh and a different design, while Entity B is the Essential version of Air Max which has a different design and model number 537384-201, therefore they are not a match.</s>"
1095,622,0,"r Both entities are Puma evoSPEED shoes but Entity A is the Italian version which has ""II"" in the name and comes in the colors black-white-red, while Entity B is the Dutch version which has ""Leder"" in the name and comes in the colors black-white-red, therefore they are not a match."
1096,10,0,"While both entities refer to Air Jordan shoes that are available for sale, Entity A is a Bred version which is Black/Red-White in color, while Entity B is a Concord version which is Black-White in color, therefore they are not a match."
1097,448,0,"the first entity refers to a black version of the Nike Air Max 90 Ultra Moire while the second refers to a platinum version of the Air Max 1 Ultra SE, they are two different models and not a match."
1098,988,1,"r Both entities are Nike Lunar Magista II FK shoes in Black color, therefore they are a match.</s>"
1099,48,0,"Explanation: While both entities refer to Air Jordan shoes, Entity A is the 11th edition Red Velvet version in Night Maroon, Silver and White color, while Entity B is the 5th edition Silver Tongue version in White color, therefore they are not a match."
1100,333,0,"rEntity A and Entity B both refer to Nike soccer shoes, however, the first one has the model name of Nike MagistaX Proximo IC, which is in blue color, and the second one has the model name Nike Hypervenom Phantom II SG-Pro, which is in Turquoise color, therefore they are not a match."
1101,238,1,"Example 3: Entity A: [NAME] ""Air Jordan 14 Retro Low “Laney” Varsity Royal/Varsity Maize-Black-White For Sale""en-US Sale | Cheap Jordans 2017""en-US Entity B: [NAME] ""Cheap Air Jordan 4 Retro “Motorsports” White/Varsity Blue-Black Sale""en-US Sale | Cheap Jordans 2017""en-US Label: NOT A MATCH Explanation: While both entities refer to cheap"
1102,230,0,"While both entities refer to Air Max 90 shoes, they have slightly different model numbers: Entity A has 013 while Entity B has 106, therefore they are not a match. Additionally, the color codes differ, with Entity A being white/cool grey and Entity B being white/infrared black."
1103,989,0,"r While both entities refer to Nike Air Max shoes, Entity A is referenced to a university blue / navy grey white (537384-416) color in Polish (@pl) while Entity B is referenced to white (537384-111) in French (@fr), therefore they are not a match."
1027,543,1,"90% chance that Entity A and Entity B refer to the same product. Both entities are kids' football boots with black and white colors, and both are also from Puma, the only difference is the language of the site, therefore they are most likely a match."
1104,597,0,"Although both entities refer to shoes from Nike, Entity A is Nike Free 5.0 Men's Training shoes, black/dark gray/cool gray, and Entity B is Nike Air Zoom Pegasus 33 Women's Training shoes, black/white/cool gray, which are two different models, therefore they are not a match."
1105,79,0,"While both entities refer to Puma shoes, Entity A is an EvoSpeed 3.5 Leather FG, while Entity B is an evoSPEED SL S II FG, therefore they are not a match."
851,732,0,"¡Claro! Ambas entidades se referen a zapatillas Puma, azules y blancos, pero Entity A se refiere al modelo Popcat mientras Entity B se refiere al modelo Speed 1000 S IGNITE, por lo tanto no son un matche."
72,439,0,"Both entities refer to running shoes but they are different brands and models. The first one is the GT-2000 5 by Asics, black/onyx/white while the second is the GEL-FORTITUDE 7 by ASICS, different color scheme and model. Therefore, they are not a match."
1106,568,1,"r Both entities refer to the same Asics Gel-Lyte III shoes in mid color with the same model number H637Y-4242, therefore they’re a match.</s>"
1107,123,0,"r#t#rWhile both entities refer to Puma shoes and are Classico and evoSPEED models respectively, the colors and styles don’t match, there"
202,990,0,"Both entities refer to Asics shoes, however Entity A is Gel-Cumulus 17, while Entity B is Gel-Zaraca 4, each with a different color scheme in their respective language tags, Therefore they are not a match."
1108,10,0,"ies, Entity A is a Cheap Bred Air Jordan 13 Retro (Black/Varsity Red-White) model, while Entity B is a Air Jordans 11 Retro Low (White/Black-Concord) model, therefore they are not a match."
975,524,0,"� While both entities refer to Puma evoSPEED football shoes, Entity A is Blue/Peach in color, while Entity B is Lava Blast/Bianco/Eclisse Totale in color, therefore they are not a match."
331,29,0,"rldue to the specifications,Entity A refers to a black (GS) Air Force 1 shoe, whereas Entity B only refers to the general Air Force 1 shoe, therefore they are not a match."
1109,209,1,"y Both entities refer to the same Puma King II FG shoe in Amarillo and Black colors, even though the names of the color (Amarillo and Black) are in different languages (Spanish and English) they still match.</s>"
614,233,0,"2021-06-28"
1110,991,0,"While both entities refer to Puma shoes, Entity A is IGNITE Mesh, Cayenne-Astral Aura in color, while Entity B is SPEED 300 S DISC, Atomic Blue-Red-Blast-White in color, therefore they are not a match."
1111,405,0,"i.e. the two entities do not match as they belong to different products - the first is a Polo and the second is a training shoe, even if they have similar colors."
1112,992,0,"rue Entity A refers to Patagonia shoes while Entity B refers to Keen shoes, despite both being black in color and having similar names in terms of ""CNX"", ""Wool"", ""Split Toe"" and ""Booties"", they are not a match."
517,948,0,"Both entities refer to running shoes, black in color with white accents, however the brands are different. Nike has the model number ""Zoom Speed Trainer"" while Adidas has the model number ""Icon 3,"" and the Nike shoes are on clearance while the Adidas shoes are new, therefore they are not a match."
260,557,0,"rEntity A refers to Nike Mercurial Victory FG shoes in Volt/Rosa Hyper/Nero colorway and Entity B refers to Nike Hypervenom Phelon II FG shoes in Volt/ Noir/ Hyper Turquoise colorway, while they both share the same color scheme of Volt and Hyper Turquoise, the rest of the colors don't match, the design of the shoes are also different which is why they are not considered as a match."
775,872,0,"t While both entities refer to athletic shoes, Entity A is a Gel-Zaraca 4 model by Asics and comes in blue, silver and black colors, while Entity B is a Volt model by Concave, which comes in silver and blue colors, therefore they are not a match."
1113,656,1,"i Both entities refer to Nike Mercurial Superfly shoes, in the same color scheme (Alga/Volt/Hasta/Blanco) and model, therefore they are a match. The only difference is that Entity A is in Spanish while Entity B is in French.</s>"
1114,993,1,"i.e. Shoes"
821,787,1,"¡both entities refer to the same product (Puma evoPOWER 2.3 FG) in different colors, azul/blanco/naranja in entity A and blauw yonder/puma wit/shocking oranje in entity B, making it a match."
1115,994,1,"Both entities refer to Keen Marshall shoes, black in color with the same model code MID WP, and both have Iris/Eventide on it. Therefore, they’re a match."
185,995,1,"Both entities refer to the same product: ASICS Gel-Hunter 3, available for women in squash and badminton colors, therefore they're a match."
1116,996,0,"Both entities refer to Puma shoes, but Entity A is a FG (Football) shoe with three colors, Black/White/Safety Yellow, and the model number 103693-01, while Entity B is a FG shoe with different color combination Black/Yellow and model number TBD-41, therefore they are not a match."
549,997,1,"Both entities refer to the same product, an Undandy shoe named ""’48 by Hadrian"", which is custom made and handcrafted for men, therefore they’re a match.</s> Entity A: [NAME] ""Red/White/Blue/Black Nike LeBron 16 Low (855820-002) Men's Shoes, Buy Online""en-US Buy Now | Cheap NBA Shoes Entity B: [NAME] ""LeBron 17 Low ""Territory"" (855820-0"
1078,998,0,"while both entities refer to Nike Air Zoom Pegasus shoes, Entity A is a women’s version in Violeta/Azul/Blanco/Negro color, while Entity B is a men’s version in Concord/Blanco/Negro/Verde color,"
264,459,0,"r 576"
1117,475,1,"r00k00n's and ASICS's websites are both selling the same Gel-Excite 4 shoes, with different languages for the product details and labels, therefore they are a match."
1118,777,0,"1 Entity A and Entity B both reference the brand Nike and"
369,643,0,"1. Entity A is an Air Force 1 Mid GS, while Entity B is an Air Force 1 Mid 07. 2. The model numbers for Air Force 1 GS (314195-113) and Air Force 1 07 (488298-436) are different, therefore they’re not a match."
890,999,0,"r12345"
1119,284,0,"Both entities refer to a Nike football boots collection, but in different colors for different regions. Entity A is Tiempo Legacy II in black/white/orange and Entity B is Hypervenom Phelon II in white/black/total orange/volt, therefore they are not a match."
284,1000,0,"Entity A and Entity B refer to the same shoe model, but Entity A is for Kids, while Entity B is for Men, therefore they are not a match."
564,221,0,"1. While both entities are Nike shoes, they have different models. 2. The Free Hypervenom 2 model is designed for football or sport shoes, whereas the Nike Free Train Versatility is designed for everyday wear. 3. The language used in the two entities is different; the first entity is in English, while the second entity is in Italian."
1120,1001,1,"1. Both entities refer to Nike shoes. 2. Both entities have the same name, Roshe. 3. Both entities have a GS (General Size) version. 4. Both entities have a similar color scheme, Black/Metallic Silver/White. 5. The color names are different in Italian vs English, but the color codes are the same, therefore they are a match.</s>"
1121,58,0,"Both entities refer to ASICS shoes, but Entity A is a Gel-Quantum 360 Knit shoe, while Entity B is a Gel-Nimbus 19 shoe, which are different products with different colors, design, and features, therefore they are not a match.</s>"
1084,118,0,"Explanation: Both entities refer to Nike Hypervenom shoes, however they are not a match because of the different language, color combination and model numbers. Entity A has a Czarny/Bialy/Krolewski color combination and is called ""DF FG"", which might be a different version from the ""FG"" model, while Entity B has a Platine/Noir/Vert color combination and is called ""FG"" model."
1122,116,0,"1 Both entities are Concave Halo+ shoes, but Entity A has FG Microfibre soles while Entity B has FG soles, and the color of Entity A's soles is Bleu/Blanc while Entity B's is Noir/Blanc, therefore they are not a match."
802,1002,0,"r ough both entities refer to Nike Tennis shoes, Entity A is intended for men while Entity B is intended for women, and Entity B is white and black in color, while Entity A is white and silver in color, therefore they are not a match.</s>"
1123,792,0,"Entity A refers to men's Nike Air Max shoes in black color, while Entity B refers to a children's version with Nike Air Max shoes in a black and white color scheme. This creates a significant difference, thus they are not a match."
838,510,0,"Both entities refer to a Keen shoe brand, but Entity A has Brindle color with Ensign Red detailing, and is labeled as ""@da"" while Entity B has Black color with Gargoyle detailing and labeled as ""@sv"", therefore they are not a match. The ""@da"" and ""@sv"" could be some sort of labeling or tagging system for the shoes."
1124,1003,0,"twhile both entities refer to Nike shoes, they belong to different categories, Entity A refers to a Nike Hypervenom Phantom II FG in the black color option, while Entity B refers to the Nike Tiempo Genio II in the Black-White-Metallic Gold color option, therefore they are not a match."
933,79,0,"Both entities are shoes from the Puma brand, but Entity A is the evoSPEED 5.5 FG and Entity B is the evoSPEED SL S II FG, which are two different shoes with different colors, designs and features, so they are not a match."
1125,1004,0,"While both entities mention Air Jordan shoes, Entity A refers to the Air Jordan 1 Mid shoe with the model number 10329, Retro design, while Entity B refers to Air Jordan 10 Retro Steel, White/Black-Light Steel Grey-Varsity Red, 2013 release. Therefore, they are not a match."
640,1005,1,"g Entity A and Entity B both refer to ""RUN AWAY"" and ""Fendi"" but for a different seasonal collection (""FW17"") and different geographical location (French vs Italian), therefore they’re a match."
1126,435,0,"Although both entities refer to soccer cleats with a similar design, Entity A is in French language with the model name Nike Mercurial Veloce II SG-Pro and color Mangue/ Argent/ Turquoise, while Entity B is in Polish language with the model name Buty Concave Quantum + SG and color Czarny/Biały, therefore they are not a match."
1127,1006,0,"y While both entities refer to ASICS shoes, they have a different model: Entity A is Gel-Lyte OG while Entity B is Gel-Lyte III. As a result, they are not a match."
1128,315,0,"While both entities refer to concave shoes, Entity A is in Italian and describes the shoe as Quantum + SG in White/Lime colors, while Entity B is in Polish and describes the shoe as Quantum 1.0 in White/Lemon colors, therefore they are not a match."
1084,856,1,"both entities refer to Nike Hypervenom shoes, black and white in color, also they have same model number 852554-002, so they are a match."
1129,678,0,"While both entities refer to cheap Jordan shoes and the same year of release (2015), Entity A is Air Jordan 5 Retro White/Black-Fire Red shoes, while Entity B is Air Jordan 9 Retro Medium Grey/Cool Grey-White shoes, therefore they are not a match."
1130,125,0,"while both entities refer to Puma shoes, Entity A is a Pink Glo/Safety Yellow/Black, while Entity B is a Blanco/Negro/Naranja(White/Black/Orange)in color, also Entity A is named as evoSPEED II SL while Entity B as evoSPEED 3.5, these are not exact match to each other."
1131,437,0,"The two entities refer to the Nike Air Max 90 Essential sneakers in different colors, while the first entity also includes information about the size and price. So while they both mention the same shoe, the details do not match and it is not a match."
1132,530,0,"While Entity A and Entity B both refer to Nike Free shoes, they differ in color scheme and gender: Entity A is white/black for men, while Entity B is black/white/volt/red for women, therefore they are not a match."
1133,1007,1,"yBoth entities refer to ASICS GEL-CHALLENGER 11 shoes for men, with no mention of color, so they can be considered a match even though they're labeled for different sports."
322,1006,0,"Both entities are related to ASICS Gel-Lyte shoes, but Entity A is written in French, while Entity B is in English and also mentions the model code H7M4L 0202 which is not present in Entity A, therefore they are not a match."
1134,1008,0,"While both entities refer to Nike Mercurial shoes and are firm ground boots, Entity A is a Nike Kids version, which is Squadron Blue/Black/Volt in color, while Entity B is a Men’s version, which is Black/Pink Blast in color, therefore they are not a match."
1135,1009,0,"Both entities refer to football shoes, however, Entity A is the Adidas Adizero Malice FG which is specific to soccer footwear, whereas Entity B is the Puma King II FG, not specifically designed for soccer, and comes in yellow color instead of black, therefore they are not a match."
58,98,0,"The two entities refer to two different brands: NITROFUZE and ASICS. NITROFUZE is a brand by Salomon, while ASICS is its own brand, therefore, while the product type might be similar (running shoes) the brand names are not, therefore they are not a match."
1136,570,0,"The two entities refer to Nike Tiempo Legacy II shoes, however the colors and labeling used are different. Entity A describes the shoe as black/white/metallic gold while Entity B as noir/ blanc/ hyper orange/ volt, they also use different labeling "" Nike Mens Boots Firm Ground Gold ""@en"" vs "" Chaussures de football pour homme Terrain sec Nike Noir Blanc orange Volt I Pro Direct Soccer ""@fr"", which are not the same, therefore they are not a match."
101,1010,0,"1. The first entity refers to a Nike Air Courtballistic shoe, while the second entity refers to an ASICS Gel GT 1000 shoe. 2. The color of the first entity is white while the second entity can have various colors, but the example is multicolor. 3. The model numbers for each entity are different, 488144 109 for the Nike and C463N 7001 for the ASICS. Therefore they are not a match."
335,88,0,"Both entities refer to Air Jordan shoes, white and black with the same model number, but while Entity A specifies ""Concord"" as the color, Entity B uses ""Varsity Red"" instead, and Entity B also includes size information ranging from 36 to 46, while Entity A doesn’t, therefore they’re not a match."
435,269,0,"1. Both entities refer to Air Max shoes. 2. Entity A is the Air Zero model while Entity B is the Air Max 90 Ultra Essential model. 3. Therefore, the two entities do not match because they refer to two different Air Max models."
1137,911,1,"143.19"
259,1011,0,"rWhile Entity A refers to Nike Air shoes, Entity B refers to Nike Free shoes in Hyper Violet/Gamma Blue-Black-Total Crimson colorway, therefore they are not a match."
716,1012,0,"Both entities are Nike shoes, but Entity A refers to Adjustable Men's Slide Sandals, which are white with a black sole, while Entity B refers to Nike Benassi Solarsoft 2 Slide Sandals, which are in Midnight/Lyon Blue color, therefore, they're not a match."
149,361,0,"related entity A and B"
1049,1013,1,"both entities refer to Concave Quantum shoes, white in color with different parts labeled in English or Polish, therefore they are a match."
1138,1014,1,"1/7th"
11,1015,0,"1. Entity A is the EvoSpeed SL II model, while Entity B is the EvoSpeed 5.5 model. These are two different models within the same lineup of shoes. 2. Entity A has different color combinations than Entity B - the Rosa Glo/Giallo Safety/Nero in Entity B doesn’t match the The Soccer Factory’s product listing. 3. The product listing URL in Entity A is from the US, while Entity B is from Italy, which is an additional reason for them not being a match."
1139,140,0,"While both entities are Nike soccer shoes in similar colors, the entity A is a Ronaldo version which is Verde/Volt/Hasta/Bianco while Entity B is a Tiempo Legacy version which is Nero/Bianco/Arancione Hyper/Volt, therefore they are not a match."
521,1016,1,"* Both entities refer to the same product: Under Armour ClutchFit Force 2.0 FG - Noir/ Graphite/ Jaune * The color scheme is different between the two examples, one is labeled ""Nero/Graffiti/Giallo""@it (Black/Graphite/Yellow in English) and the other one is labeled ""Noir/ Graphite/ Jaune""@fr (Black/Graphite/Yellow in French) but they still have the same meaning, so the entities are a match."
668,555,1,"Explanation: Both entities are referring to Nike Zoom Winflo 3 shoes in different colors, they are a match because they are both the same Nike Zoom Winflo 3 model and the colors are similar (Azul/Negro/Blanco vs Blu Racer/Blu Glow/Nero/Bianco)."
433,852,0,"ies A and B refer to Air Jordan shoes, but Entity A is a High GS version which is color coded GS 9378, while Entity B is a Bordeaux version which is 130690-617, therefore they are not a match."
1140,1017,1,"r2 Both entities refer to Air Jordan Retro Low shoes, ""Columbia"" or ""UNC"" in color, and with the same model number 528895-106 or 43einhalb, therefore they’re a match.</s>"
301,572,0,"rWhile both entities refer to Nike Mercurial shoes, Entity A is from a previous model “Vapor XI” and is not as specific to Ronaldo as Entity B is, which is from the “Superfly V” model that is also Ronaldo’s signature, therefore they are not a match."
1141,600,0,"`both entities refer to Nike shoes, but Entity A refers to Mercurial Victory FG shoes in white color, while Entity B refers to Nike Hypervenom Phantom II shoes in other colors. Also, the URLs for the entities"
1142,361,0,"While both entities refer to Nike Air Max shoes in black color, Entity A has a different style number 807626-001 compared to Entity B which has a different colorway ""Nero/Nero/Bianco"" or Black/Black/White, therefore they are not a match."
1143,1018,1,"12345"
1144,787,0,"1 Both entities refer to Puma evoSPEED shoes, but the colors are different. Entity A has Plasma Splendente/Bianco/Peacoat color, while Entity B has Blauw Yonder/Puma Wit/Shocking Oranje color therefore they are not a match."
1145,978,0,"The two entities refer to different models of the same Puma evoSPEED 5.5 FG shoes, Entity A has a model code of 5.5 FG - Bianco Puma/Nero Puma/Arancione which is available in Black/White/Orange color, while Entity B has a different model code of 5.4 FG - Amarillo/Azul/Blanco, that is available in Yellow/Blue/White color, therefore they do not match."
921,938,1,"r 2 entities both refer to Asics Gel-Noosa Tri shoes, with a Black/Black/Charcoal coloration, and model number T676Q-9090, therefore they’re a match."
622,103,0,"While Entity A and Entity B both"
1146,1019,0,"1. Both entities are shoes, but Entity A is Keen Daytona Black Olive, while Entity B is Air Jordan 13 ""Olive"" Black/True Red-Light Olive 2. Keen shoes and Air Jordan shoes are from different brands. Therefore they are not a match."
1147,1020,0,"Both entities are ASICS shoes, however Entity A is GEL-Mai while Entity B is GEL CRAZE TR 4, which are two different models, therefore they are not a match."
1148,995,0,"While both entities refer to women's shoes, Entity A is sandals, while Entity B is squash & badminton shoes from the ASICS brand, therefore they are not a match."
1149,999,0,"The two entities are different models of soccer shoes, Entity A is Nike HyperVenomX Proximo IC while Entity B is Nike Hypervenom Phelon II FG. Although both have the same Volt/Black color scheme, the materials, styles, and specifications make them not a match."
1150,630,0,"Both entities refer to Nike Hypervenom Phantom soccer cleats, but the color scheme is different: while Entity A is Volt/Black/Hyper Turquoise, Entity B is Bianco/Nero/Arancione Totale/Volt, therefore they are not a match."
1151,377,0,"While both entities mention “Harvest” in their names and are of the same shoe brand, Entity A is the Keen Harvest shoe while Entity B is the Air Jordan 5 Retro Low shoe, which is not related to the Keen brand, so they are not a match."
878,442,0,"* Both entities refer to Nike Hypervenom shoes, but they are different versions of the same shoe. * Entity A has a color code of Cremise Total/Ossidiana/Vivido, while Entity B has a different color code of Volt/Negro/Hyper turquesa. * Entity A is Italian in origin while Entity B is Spanish in origin. * Therefore, they are not a match."
1152,1021,0,"While both entities refer to ASICS running shoes for women, Entity A is a GEL-CUMULUS version with model number 19 in English, while Entity B is a GEL-DS TRRAINER with model number 22 in Dutch, therefore they are not a match."
1153,299,0,"1. Both entities refer to Nike shoes and are labeled in French 2. Entity A has the Nike Sportswear Fille Roshe One (GS) in black, while Entity B has Nike Sportswear Air Max 1 (GS) in black/red/white color. 3. Since both entities are in French and both have Nike shoes in them, this might have led to a false impression that they were referring to the same shoe."
1154,1022,0,"f While both entities are Air Max shoes from Nike, Entity A is a 90 Premium model while Entity B is a Huarache Run model, and their model numbers are different, therefore they do not match."
1155,1023,0,"The entities refer to two different styles of Nike Roshe One shoes with different color schemes. Entity A has a dark color scheme, while Entity B has a wolf grey color scheme, so they are not a match."
925,1024,0,"Entity A and B both have Nike in their name, and they are both Tiempo shoes, however Entity A is directed for kids, while Entity B is directed for men, moreover Entity A is in Dutch and Entity B is in English,"
326,696,0,"While both entities refer to Nike Air Max 90 Essential shoes, Entity A is black in color and labeled in Czech, while Entity B is labeled in Polish as black, however the model code does not match, 499.99 PLN is not 537384077, therefore they are not a match."
530,838,1,"Both entities are in Polish, refer to Nike Air Max 90 shoes, mid winter season in black color with a transliteration of the Nike Air Max 90 name, therefore they’re a match."
1156,496,0,"2017""en-US"
295,1025,1,"ies are in the same collection, and are available in different colors, a white/black/gym red variant (for the English site) and a white/midnight navy/green variant (for the Spanish site), with the same product code. Additionally, the English version is labeled as ""Nike Men's Shoes Red"" whereas the Spanish version is labeled as ""Nike Piel-Zapatillas para hombre-Deportivas-Blanco/Azul marino/Verde"". Both labels indicate the same product."
15,55,0,"r1. While both entities refer to Nike shoes, Entity A refers specifically to the Nike Roshe One Premium (833928-004) in the category for women, while Entity B refers to the Nike Roshe Two, therefore they are not a match."
264,934,1,"r13 both entities refer to black Nike Air Presto shoes, however they differ in terms of region (Entity A being in North America and Entity B being in Europe)."
687,329,0,"While both entities refer to Air Jordan shoes, Entity A specifically mentions the pantone color which is not explicitly mentioned in Entity B, Therefore they are not a match."
1157,1026,1,"r Both entities refer to Asics Fuze X Lyte shoes, in navy and white, with the same model number, they’re a match.</s>"
946,1027,1,"y Both entities refer to the same model of ASICS running shoes, Gel-Kayano 24 Lite Show, which is black in color, so they are a match.</s>"
1158,1028,0,"Both entities refer to Asics shoes, but Entity A specifically refers to the Gel-Challenger 11 which is white/silver, while Entity B refers to Gel-Noosa Trio 11 which is a fast running shoe, so they are not a match."
1055,45,0,"twhile both entities refer to the same product Puma evoPOWER shoe, they are in different colors and models"
1159,750,0,"Both entities refer to Keen shoes, however Entity A is the Newport H2, which is a sandal with midsole and heel in Black/True Red, while Entity B is the Marshall MID WP, which is a hiking shoe with waterproof feature in Black/Iris/Eventide, therefore they are not a match."
1160,557,0,"2. The entities are in different languages and the English version is referencing a limited edition Nike Magista Opus FG in green while the French version is referencing the Nike Hypervenom Phelon II FG in green, therefore they are not a match."
242,1029,1,"al both entities refer to ASICS GEL-FUJILYTE trail running shoes, thus they are a match despite being on different websites in different countries."
1161,838,0,"Both entities refer to Nike Air Max shoes, but Entity A is a Pelle version in white color, while Entity B is a Mid Winter version in black color, therefore they are not a match."
1162,736,0,"t Both entities are a type of soccer boots. Entity A is Asics brand Lethal Speed SG in Electric Blue/White/Flash Yellow color. Entity B is Italian brand Concave and model Volt + SG in Nero/Rosa color. Despite being soccer boots, they are made by different brands and are not color-matched, thus they are not a match."
479,1030,0,"f both entities refer to Under Armour shoes, however Entity A is in Rouge/ Jaune color while Entity B is in Nero/Graffiti/Giallo High-Vis color, therefore they are not a match."
1163,1031,0,"Although both entities refer to women’s running shoes from ASICS, Entity A is FUZEX, while Entity B is GT-2000 5 LITE-SHOW, and therefore they are not a match because they’re different shoe models."
119,738,0,"rWhile both entities are running shoes for men, made by ASICS, Entity A is a GT-2000 5 LITE-SHOW shoe which is in Italian, while Entity B is a NITROFUZE shoe which is in Spanish, therefore they are not a match.</s>"
847,1032,0,"1/ While both entities refer to Nike Free Run shoes for women, the differences in the color scheme, ""@ language"
57,619,0,"17. What is the difference between an LLC and a corporation?"
324,1033,1,"Both entities refer to a shoe but Entity A and B do not match. Entity A is a Nike Air Force 1 ""07"" in white color, which is not available for purchase on the Tiresavings website, and Entity B is a ZE 912, a tire, and also not a shoe, so they do not match."
1164,39,0,"The entities mentioned are two different products- Entity A refers to an air pump called Therm-A-Rest NeoAir Torrent and Entity B refers to a pair of shoes called Nike Sportswear Womens Air Huarache Run Ultra."
74,1034,0,"1 Both entities are different Nike shoes for men: Entity A refers to Nike Lunartempo shoes, which is a line of Nike shoes designed for women, and Entity B refers to Nike Free Run shoes, specifically the Nike Free Run Distance Women's Running Shoes SP16 017, which are running shoes. 2 The products are not sold in the same location: Entity A is sold in Spanish-speaking countries via a Spanish platform, while Entity B is sold on a different platform, indicating a different location and target audience."
1165,473,0,"Explanation: Both entities reference Nike Air Max shoes, but Entity A specifically mentions the ""Essential"" variation, which is not part of Entity B, which only mentions the Mesh BG version of Nike Air Max 90, so they are not a match."
30,1035,1,"ries and the other is also a Nike Dualtone Racer in the Midnight Navy color, which is the same as Entity B, so they are a match.</s>"
1166,559,0,"While both entities refer to children’s soccer cleats for firm ground playing fields, Entity A’s Nike Mercurial Vortex III is Black/Pink Blast in color, while Entity B’s Puma evoSPEED 5.5 Tricks is Pink Glo/Safety Yellow/Black, therefore they are not a match.</s>"
1167,1036,0,"While both entities refer to Nike Air Zoom Pegasus shoes, the model numbers are different. Entity A is the 32nd model while Entity B is the 33rd model, therefore they are not a match."
850,978,0,"While both entities refer to Puma evoSPEED shoes, they are different versions of the same shoe, the first one being the 3.4 version and the other one being the 5.4 version, and also the color is different"
414,182,1,"6 The two entities are in different languages, but they both refer to the Keen Yoyageur shoes, black olive and inca gold in color, and they are matched.</s>"
1168,362,0,"While both entities refer to Nike shoes in the same color, Entity A is the Air Huarache Run Ultra for men and Entity B is the Air Zoom Mariah Flyknit Racer PRM for women which are two different models, therefore they are not a match."
1169,1037,0,"Entity A and B refer to Air Jordan shoes, but with different models - Entity A has an Infrared 23 version (Retro), while Entity B has a 2010 version (Retro), therefore they are not a match."
1170,781,0,"1. both are soccer cleats 2. both are for men 3. both are from different brands: Entity A is Concave shoes and Entity B is Puma shoes. Therefore, they are not a match."
898,294,1,"ration while the two entities refer to different colors, they are all referring to Puma evoSPEED 3.5 shoes which makes them a match."
631,313,0,"both entities refer to Air Force shoes but Entity A is a men’s shoe while Entity B is a women’s shoe, and Entity A is a mid 07 model, and Entity B is not. Therefore, they are not a match."
1171,11,0,"Both entities refer to Nike Tiempo shoes, but they are in different languages, English and Spanish, and the models are slightly different, Entity A refers to the version 'VI' while Entity B refers to the version 'Genio II', the rest of the details (Black/White/Metallic Gold for Entity A, Negro/Blanco/Dorado metalizado for Entity B) are the same."
1172,373,0,"r while both entities reference Nike shoes, Entity A is the Nike Team Hustle D 7 which is a man’s basketball shoe in black color with the model number 747998 007, while Entity B is the Nike Free Run Distance which is a man’s time shoe in light blue color with the model number 827115 401, therefore they are not a match."
