id,title
0,"""Puma Popcat - Bleu/ Blanc""@fr "" Puma chaussures pour homme bleu blanc ""@fr"
1,"""Nike Zoom Speed TR3 - Karminrot/Schwarz/Volt""@de "" Nike Herrenschuhe Karminrot/Schwarz/Volt ""@de"
2,"""Nike WMNS Air Force 1 Low Upstep BR white (833123-100)""@eu (833123-100) | Bludshop.com""@eu"
3,"""Concave Junior Halo+ FG - Nero/Oro""@it "" Concave Terreni Compatti Nero/Oro ""@it"
4,"""Nike Junior Mercurial Vapor X FG - Rouge Vif/ Violet Persan/ Noir""@fr "" chaussures de football junior Nike terrain sec enfant- rouge vif-violet persan-noir ""@fr"
5,"""Air Jordan 6 (VI) Retro “Champagne Bottle” Pro Green/Metallic Gold-Chilling Red-Black""@en-US Red-Black | New Jordans 2015""@en-US"
6,"""Nike WMNS Tennis Classic""@en Classic White Black 312498-130 - Purchaze""@en"
7,"""Zoom Speed Tr 3""@fr 00 € modèle homme""@fr speed tr 3 nike noir et vert à partir de 63"
8,"""Suede Classic""@en"
9,""" Keen Commuter III Black/Gargoyle ""@en ""Keen - en""@en"
10,"""Air Jordan 14 Low ‘Laney’ Varsity Royal/Black-Varsity Maize-White""@en-US Maize-White – Hoop Jordan""@en-US"
11,"""Puma EvoSpeed SL II Leather Tricks FG – The Soccer Factory""@en-US"
12,"""Free RN"" ""Nike Free RN - 831508 100 | everysize.com"""
13,"""NIKE FREE RN""@pl RN | SZARY 349 99 PLN Running 831508101 - UP8.com""@pl"
14,"""Puma King Pro SG - Black/White/Team Gold""@en "" Puma Mens Boots Soft Ground Gold ""@en"
15,"""NIKE Roshe One Premium (833928-004) Sneakers for Women @ upclassics"""
16,"""Asics Gel-Craze TR 4 - Black/Black/White""@en "" Asics Black/Black/White Mens Shoes S705N-9099 ""@en"
17,"""Basketball shoes Air Jordan VI Retro PRM Heriress""@en Heriress | Shoes \ %SALE% - Basketball shop Basketmania""@en"
18,"""Puma Speed 1000 S IGNITE -Azul/Rojo/Blanco""@es "" Puma -Zapatillas para hombre-Azul/Rojo/Blanco ""@es"
19,""" Rumi Top in Black"" ""AMANDA UPRICHARD Joan Penny Ruffle Dresses and many more @ SINGER22"""
20,"""GEL-CRAZE TR 4""@fr-fr 4 | Men CHAUSSURES FITNESS & TRAINING POUR HOMMES ASICS""@fr-fr"
21,"""Zapatillas Asics Gel-Kayano Trainer Evo black-dark grey"""
22,"""Puma evoSPEED SL FG - Lava/Blanco/Eclipse total""@es "" Puma Botas de futbol Puma- Terrenos firmes-Lava-Blanco-Eclipse total ""@es"
23,"""Nike Sportswear Air Max 90 Essential - University Blue""@en "" Mens Shoes Nike Blue 537384-416 ""@en"
24,"""NIKE JR MERCURIAL VICTORY FG""@en apparel and sports equipment""@en FG - SOCCER SHOES Nike colour White 651634 107 Athletic footwear"
25,"""Nike Zoom Train Complete - Negro/Antracita/Blanco""@es "" Nike -Zapatillas de deporte-Negro/Antracita/Blanco ""@es"
26,"""2017 New Arrival Air Jordan 11 “Midnight Navy” University Blue White For Sale""@en-US Sale | Jordans 2017""@en-US"
27,"""Concave Halo+ FG Microfiber - Blue/White""@en "" Concave Mens Soccer Cleats Firm Ground Blue/White ""@en"
28,"""NIKE JR TIEMPO LEGEND VI FG""@de FG - KIND FUßBALLSCHUHE NOCKEN Nike Farbe Grün 819186 307 Der Online-Shop für deine Sportbekleidung""@de"
29,"""Buty Puma evoPOWER 4.2 FG JR - Peacoat-Biały-Bright Plasma""@pl "" Korki Dziecięce buty piłkarskie Twarde podłoże Trawa naturalna Lanki Plasma 10322801 ""@pl"
30,"""Nike Dualtone Racer""@de Racer Dunkelblau Weiss 918227-400 - Purchaze""@de"
31,"""Nike Zoom Speed TR3 - Nero/Bianco""@it "" Nike Scarpe Uomo Nero/Bianco ""@it"
32,"""KANMEI GS""@en-fr GS | Unisex Kids Running Shoes ASICS""@en-fr"
33,"""Nike Free RN - White/Black-Pure Platinum""@en "" Nike Platinum Mens Shoes 831508-101 ""@en"
34,"""Nike F.C. Free Hypervenom 2 - Nero""@it "" Scarpe Uomo 3rd Oct Nike Nero ""@it"
35,"""NIKE JORDAN Air Jordan 1 Mid Shoe (554724-040) Sneakers for Men @ upclassics"""
36,"""Air Force 1 07""@en"
37,"""Nike Air Zoom Structure 19 CP - Noir/ Blanc/ Volt""@fr "" Nike chaussures pour homme noir-blanc-volt ""@fr"
38,""" Maple Veneer Stair Tread Cover - 42"" ""@en, ""@en"
39,"""NIKE AIR VIBENNA PREM""@pl ""Buty obuwie sportowe męskie Nike. ✓ Darmowa dostawa ★ Sizeer ★""@pl"
40,"""Nike Sportswear Damen Air Huarache Run Ultra - Schwarz""@de "" Damenschuhe Nike Schwarz Sneakers ""@de"
41,"""Concave Quantum + FG - Zwart/Wit""@nl "" Concave Heren Voetbalschoenen Ferme Grond Zwart-Wit ""@nl"
42,"""Buty Puma evoSPEED 1.2 K FG - Niebieski/Pomarańczowy""@pl "" Buty piłkarskie Zwarta Murawa Lanki Niebieski-Pomarańczowy ""@pl"
43,"""Nike Tiempo Mystic V FG - Noir/ Blanc/ Hyper Orange/ Volt""@fr "" Chaussures de football pour homme Terrain sec Nike Noir Blanc orange Volt I Pro Direct Soccer ""@fr"
44,"""Nike Damen Sportswear Air Max 1 Mid Sneakerboots - Schwarz/Braun""@de "" Nike Womens Sneakerboot Damenschuhe Schwarz/Braun ""@de"
45,"""Air Jordan 9 Retro ""militia / statue""""@en statue"" - Featured – The Sneaker Authority""@en"
46,"""Asics Fuze X - Bleu Asics/ Bleu/ Orange""@fr "" Asics chaussures pour homme bleu asics orange ""@fr"
47,"""New Air Jordan 4 Retro 11Lab4 “Red Patent Leather”""@en-US Leather” | Women Jordans 2017""@en-US"
48,"""Nike Tiempo Genio II Cuir TF - Blanc/ Noir/ Orange Total""@fr "" Nike chaussures pour homme terrain synthetique blanc noir orange total ""@fr"
49,"""2017 All-Star Air Jordan 6 “Chameleon” Black/Metallic Silver""@en-US Silver | New Jordans 2015""@en-US"
50,"""Air Jordans 6 Retro Infrared 23/Black-Infrared 23 For Sale""@en-US Sale | Cheap KD 9""@en-US"
51,"""Air Max 90 Leather""@en"
52,"""Nike Mercurial Veloce III DF FG - Nero/Rosa Blast""@it "" Nike Scarpe Uomo Terreni Compatti Blast ""@it"
53,"""adidas Adizero Malice FG"" FG comprar y ofertas en Goalinn"""
54,""" Air Jordan 13 Retro Low ""brave blue""""@en ""Air blue"" - Pre Order – The Sneaker Authority""@en"
55,"""Asics Fuze X - Azul/Naranja""@es "" Asics Zapatillas de entrenamiento-Azul/Naranja ""@es"
56,"""Nike Sportswear Womens Roshe Two - Black""@en "" Shoes Nike Black / 844931-004 ""@en"
57,"""Nike Tiempo Legend VI SG-Pro - Nero/Turchese""@it "" Nike Scarpe Uomo Terreni Morbidi Nero/Turchese ""@it"
58,"""NITROFUZE""@it-it ""NITROFUZE | Men SCARPE DA RUNNING PER UOMO ASICS""@it-it"
59,"""GEL-PULSE 8""@de-de 8 | Women DAMEN LAUFSCHUHE ASICS""@de-de"
60,""" x Kylie Jenner Iconic Sunglasses in Black/Silver"" ""Accessories | New Arrivals From Mother Denim Misa Los Angeles Citizens"" Frame"
61,"""Nike Free 5.0 Flash Men's Training Shoe - Silver/Gray/Jade""@en ""Clearance Footwear""@en"
62,"""Puma evoSPEED 4.2 AG Junior - Bleu/Pêche""@fr "" Chaussure de Football Puma Terrain Artificiel Enfant Bleu-Peche ""@fr"
63,"""Nike Mercurial Vapor X FG Enfant - Bleu/ Noir/ Volt""@fr "" Nike enfant chaussures terrain sec bleu-noir-volt ""@fr"
64,"""Cheap Nike Air More Uptempo OG White Gum 414962-103 For Sale""@en-US Sale | Jordan 11 Legend Blue"
65,"""Nike Hypervenom Phatal II DF FG - Cremise Total/Ossidiana/Viola Vivid""@it "" Nike Scarpe Uomo Terreni Compatti Vivid ""@it"
66,"""Nike MercurialX Finale II IC - Viola Dynasty/Agrume Citrus""@it "" Nike Scarpe Uomo Campi Coperti Citrus ""@it"
67,"""ASICS GEL-LYTE III NS""@pl NS | SZARY 479.99 PLN Sneakersy H715N9097""@pl"
68,"""GT-2000 5 LITE-SHOW WEGSCHOEN VOOR DAMES""@nl-nl DAMES | Women Women's Road Running Shoes ASICS""@nl-nl"
69,"""Puma IGNITE v2 -Negro/Asfalto/Rojo/Plateado""@es "" Puma -Zapatillas de correr-Negro/Asfalto/Rojo/Plateado ""@es"
70,"""‘48 by Hadrian""@en ""Shoes | Undandy Custom made Handcrafted Men's Shoes""@en"
71,"""Nike Free Run - Blanco/Negro/Platino""@es "" Nike Zapatillas de correr- Blanco/Negro/Platino ""@es"
72,"""Asics Womens GT-2000 5 - Black/Onyx/White""@en "" Asics Black/Onyx/White Shoes T757N-9099 ""@en"
73,"""Nike Mercurial Victory V FG - Blanco/Negro/Volt/Naranja total""@es "" Nike Botas de futbol- total ""@es"
74,"""Nike Lunartempo para mujer-Naranja/Negro/Blanco""@es "" Nike mujer-Zapatillas mujer-Naranja/Negro/Blanco ""@es"
75,"""NIKE STEFAN JANOSKI MAX ""@pl ""Nike ✓ Darmowa dostawa do domu ★ sklep Sizeer ★""@pl"
76,"""Nike Sportswear Air Force 1 - Gym Red / Sail Deep Royal Blue""@en "" Nike Mens Shoes Blue ""@en"
77,"""Puma King Top M.I.I FG - Nero/Bianco/Oro Team""@it "" Puma Scarpe Uomo Terreni Compatti Team ""@it"
78,"""Nike Mercurial Vapor XI FG - Noir/ Rose""@fr "" Nike chaussures pour homme terrain sec noir rose ""@fr"
79,"""Damskie Nike Sportswear Air Max 1 Ultra Moire - Biały/Niebieski/Biały""@pl "" Damskie -Obuwie damskie Biały/Niebieski/Biały 704995-100 ""@pl"
80,"""Puma evoTOUCH 1 FG -Negro/Blanco/Amarillo""@es "" Puma -Botas de futbol-Terrenos firmes-Negro/Blanco/Amarillo ""@es"
81,"""Zoom Stefan Janoski L""@en"
82,"""Nike Tiempo Legend SG-Pro - Anthracite/ Noir/ Volt""@fr "" Nike chaussures pour homme terrain gras anthracite-noir-volt ""@fr"
83,"""air 1 retro high gg"" ""NIKE JORDAN air gg - 332148-405 | everysize.com"""
84,"""Wmns Air Force 1 Hi SE"" ""Nike Wmns SE - 860544-002 | everysize.com"""
85,"""Nike Sportswear Free Hypervenom 2 - Schwarz""@de "" Nike Herren Trainingsschuhe Schwarz ""@de"
86,"""Nike Mercurial Superfly V Ronaldo FG - Seaweed/Volt/Hasta/White""@en "" Nike Mens Boots Firm Ground Seaweed/Volt/Hasta/White ""@en"
87,"""Puma Junior King Top i FG - Nero/Bianco/Team Oro""@it "" Scarpe Puma Terreni Compatti Oro 10246601 ""@it"
88,"""Justin Kids' Stampede Waxy Boots"""
89,"""Air Jordans 10 Retro “Steel” Shoes For Sale""@en-US Sale | 2017 Air Jordan Shoes""@en-US"
90,"""NEW BALANCE MRL247RB""@pl MRL247RB | GRANATOWY 329.99 PLN Sneakersy"
91,"""Nike Free Train Versatility - Nero/Bianco""@it "" Nike Scarpe Uomo Nero/Bianco ""@it"
92,"""Puma King Pro SG - Noir/Blanc/Or""@fr "" Chaussure de Foot Puma Terrain Gras Homme Noir/Blanc/Or ""@fr"
93,"""Puma evoPOWER 4.3 FG Enfant - Bleu/ Blanc Puma/ Orange""@fr "" Puma chaussures pour enfant terrain sec bleu blanc orange ""@fr"
94,"""Train Speed 4"" ""Nike Train 4 - 843937-002 | everysize.com"""
95,"""2018 Air Jordan 13 “Olive” Black/True Red-Light Olive For Sale""@en-US Sale | New Jordans 2017""@en-US"
96,"""Nike Sportswear Womens Air Max 1 Ultra Moire - Summit White / Racer Blue White""@en "" Shoes Nike 704995-100 ""@en"
97,"""R698 Leather"" ""Puma R698 Leather - 360601 02 | everysize.com"""
98,"""Damskie Nike Air Zoom Structure 19 - Hyper Fioletowy/Biały/Niebieski""@pl "" Damskie buty Obuwie sportowe Fioletowy/Biały/Niebieski ""@pl"
99,"""GEL-FORTITUDE 7""@it-it 7 | Women SCARPE DA RUNNING PER DONNA ASICS""@it-it"
100,"""GEL-BLADE 5""@nl-nl 5 | Men Squash & badmintonschoenen voor heren ASICS""@nl-nl"
101,"""NIKE AIR COURTBALLISTEC 4.1""@es 4.1 - ZAPATILLAS TENIS HOMBRE Nike color Blanco 488144 109 Equipamiento deportivo y casual""@es"
102,""" Therm-A-Rest Lumbar Pillow Nautical Blue ""@fr ""Therm-A-Rest - ca_fr""@fr"
103,""" Air Jordan 11 Retro RL GG ""velvet"" ""@en ""Air - – The Sneaker Authority""@en"
104,"""ASICS HYPER LD 5""@es 5 - ZAPATILLAS CON CLAVOS Asics color Azul G404Y 4399 Equipamiento deportivo y casual""@es"
105,"""Asics Womens Fuze X - Diva Pink/White/Carbon""@en "" Asics Shoes Pink/White/Carbon ""@en"
106,"""David Spencer Marco 10 1/2 Medium Black Briar Waxy Casual Shoes""@en "" David Shoes at GlobalGolf.com ""@en"
107,"""Nike Air Zoom Fit 2 para mujer-Negro/Gris oscuro/Gris""@es "" Nike mujer-Zapatillas oscuro/Gris ""@es"
108,"""Concave Quantum + SG - Noir/ Blanc""@fr "" Concave chaussures pour homme terrain gras noir-blanc ""@fr"
109,"""ASICS HYPER MD 6""@de 6 - SPRINTSCHUHE Asics Farbe Gelb G502Y 0743 Der Online-Shop für deine Sportbekleidung""@de"
110,"""Asics Dames Fuze X - Roze/Wit/Carbon""@nl "" Asics Schoenen Hardlopen Roze-Wit-Carbon ""@nl"
111,"""Joma N-10 Pro FG - Wit/Zwart""@nl "" Joma Heren Voetbalschoenen Ferme Grond Wit-Zwart ""@nl"
112,"""Puma evoSPEED II SL Cuir Tricks FG - Rose/ Jaune/ Noir""@fr "" Puma chaussurs pour homme terrain sec rose jaune noir ""@fr"
113,"""All White Air Jordan 4 Retro “Pure Money” 2017 Cheap Sale""@en-US Sale | Jordans 2017""@en-US"
114,"""Brooks Revel para mujer - Blanco/Antracita/Negro""@es "" Zapatillas mujer- Brooks Blanco/Antracita/Negro 1202491B155 ""@es"
115,"""Concave Quantum + FG - Black/White""@en "" Concave Mens Soccer Cleats Firm Ground Black/White ""@en"
116,"""Nike Air Zoom Pegasus 33 para mujer-Blanco/Negro/Rosa/Verde""@es "" Nike mujer-Zapatillas mujer-Blanco/Negro/Rosa/Verde ""@es"
117,"""Nike Junior Magista Obra II FG – The Soccer Factory""@en-US"
118,"""PUMA BASKET PLATFORM PATENT WN'S""@pl ""Puma damskie ✓ Darmowa dostawa do domu ★ sklep Sizeer ★""@pl"
119,"""GT-2000 5 LITE-SHOW""@it-it LITE-SHOW | Men Road Running ASICS""@it-it"
120,"""Nike Magista Opus FG - Nero/Nero/Verde/Cremise Hyper""@it "" Scarpe da Calcio Nike Terreni Compatti Nero-Nero-Verde-Cremise Hyper ""@it"
121,"""2017 Air Jordan 12 “Bordeaux” Men’s Shoes 130690-617 For Sale""@en-US Sale | Retro Shoes""@en-US"
122,"""Nike Mercurial Veloce III Neymar JR FG - Azul/Blanco/Azul Marino""@es "" Botas de futbol-Nike Marino ""@es"
123,"""Puma evoSPEED 5.5 FG - Puma Biały/Puma Czarny/Szokujący Pomarańcz""@pl "" Męskie buty piłkarskie Trawa naturalna Lanki Pomarańcz ""@pl"
124,""" Keen Harvest MJ Midnight Navy ""@en ""Keen - ie""@en"
125,"""RUN AWAY""@it ""Occhiali da sole Sfilata FW17 marrone. - RUN AWAY | Fendi ""@it"
126,"""Puma evoSPEED 3.5 Pelle FG - Bianco Puma/Nero Puma/rancione""@it "" Puma Scarpe Uomo Terreni Compatti Puma/rancione ""@it"
127,"""Nike Benassi Solarsoft 2 Slide Sandals - Midnight/Lyon Blue""@en ""Slides and Sandals""@en"
128,"""Zoom Train Complete"" ""Nike Zoom Complete - 882119-004 | everysize.com"""
129,"""Hyper MD 6""@fr 00 €""@fr ""Pointes d athletisme hyper m 6 asics jaune à partir de 45"
130,"""Nike Sportswear Air Force 1 07 - Bianco""@it "" Nike Pelle Scarpe Uomo Bianco 315122-111 ""@it"
131,"""Nike Hypervenom Phantom SG-Pro - Volt/ Violet Persan/ Hot Lava/ Noir""@fr "" chaussures de football Nike terrain gras volt-violet persan-hot lava-noir ""@fr"
132,"""Nike Junior MercurialX Pro IC - Nero/Oro Metallic/Rosso Chilling""@it "" Nike Proximo Scarpe Campi Coperti Nero-Oro Metallic-Rosso Chilling ""@it"
133,"""Nike Sportswear Womens Classic Cortez Leather - White / Black White""@en "" Shoes Nike 807471-101 ""@en"
134,"""Asics Gel-Lyte MT india ink / HL6G0-5050""@eu HL6G0-5050 | Bludshop.com""@eu"
135,"""Nike MagistaX Proximo IN - Bleu/ Volt/ Noir""@fr "" Nike chaussures pour homme indoor bleu volt noir ""@fr"
136,"""Metcon DSX Flyknit"" ""Nike Metcon Flyknit - 852930-003 | everysize.com"""
137,"""Puma evoSPEED 3.5 Pelle FG - Nero Puma/Bianco Puma/Rosso""@it "" Puma Scarpe Uomo Terreni Compatti Puma/Rosso ""@it"
138,"""Nike Air Zoom Pegasus 33 - Gris/Negro/Gris oscuro/Azul""@es "" Zapatillas de correr- Nike oscuro/Azul 831352-004 ""@es"
139,"""Nike Tiempo Legacy II FG - Noir/ Blanc/ Hyper Orange/ Volt""@fr "" Chaussures de football pour homme Terrain sec Nike Noir Blanc orange Volt I Pro Direct Soccer ""@fr"
140,"""Shoes Air Jordan 1 Mid""@en Mid 10219 | Shoes \ Retro - Basketball shop Basketmania""@en"
141,"""Nike Tiempo Legacy II FG - Bianco/Nero/Arancione Totale""@it "" Nike Scarpe Uomo Terreni Compatti Totale ""@it"
142,"""Nike HypervenomX Proximo IC - Volt/Nero""@it "" Nike Scarpe Uomo Campi Coperti Volt/Nero ""@it"
143,"""Nike Tiempo Mystic V FG - Czarny/Biały/Pomarańczowy/Volt""@pl "" Nike Męskie buty piłkarskie Trawa naturalna Lanki Czarny/Biały/Pomarańczowy/Volt ""@pl"
144,"""Nike Metcon 2 - Negro/Blanco/Gris lobo/Volt""@es "" Nike Zapatillas de deporte-Negro/Blanco/Gris lobo/Volt ""@es"
145,"""ASICS GEL-CUMULUS 19""@pl 19 | NIEBIESKI 399 99 PLN Running T7B8N4890 - UP8.com""@pl"
146,"""Highland Wax Jacket""@en ""Men's Herringbone Wool Blazer in Blue from Crew Clothing Company""@en"
147,"""Nike Sportswear Dualtone Racer - Midnight Navy""@fr "" chaussures homme Nike Navy 918227-400 ""@fr"
148,"""Nike Hypervenom Phelon II FG - Platine/ Noir/ Vert""@fr "" Nike chaussures pour homme terrain sec platine noir vert ""@fr"
149,"""Nike Sportswear Air Max 90 Flash (GS) - Noir/ Blanc""@fr "" Nike chaussures pour enfant noir blanc ""@fr"
150,"""Nike Alpha Huarache Men's Low Turf Shoes - Black/White""@en ""Turf and Coach""@en"
151,"""GEL-KAYANO TRAINER EVO""@nl-nl EVO | Men Men's Sneakers ASICS Tiger""@nl-nl"
152,"""Nike Sportswear Roshe Run -Negro/Antracita""@es "" Nike -Zapatillas para hombre-Deportivas-Negro-Antracita ""@es"
153,"""ZAPATILLAS SOBRE ASFALTO GT-2000 5 LITE-SHOW PARA MUJER""@es-es MUJER | Women Women's Road Running Shoes ASICS""@es-es"
154,"""Nike Sportswear Air Max 90 Cuir - Noir""@fr "" Basket Nike Noir ""@fr"
155,"""Puma evoSPEED SL FG / Total Eclipse/Lava Blast/White""@en "" Puma Mens Boots Firm Ground Blast/White ""@en"
156,"""NIKE AIR MAX 90 ESSENTIAL ""@pl | CZARNY 579.99 PLN Sneakersy 537384090""@pl"
157,"""Nike Free Train Versatility - Bianco/Nero""@it "" Nike Scarpe Uomo Bianco/Nero ""@it"
158,"""Puma evoSPEED 1.4 FG - Lava Blast/White/Total Eclipse""@en "" Puma Mens Boots Firm Ground Eclipse ""@en"
159,"""Asics Gel-Zaraca 4 - Methyl Blue/Black/Silver""@en "" Asics Mens Shoes Blue/Black/Silver ""@en"
160,"""GEL-BLADE 5""@es-es 5 | Men Zapatillas de squash y bádminton para hombre ASICS""@es-es"
161,"""ASICS Gel-Respector Shadow - Nero""@it "" Scarpe Uomo ASICS Nero ""@it"
162,"""Nike Junior Magista Onda IC - Bianco/Nero/Rosa Blast/Volt""@it "" Nike Scarpe Campi Coperti Blast/Volt ""@it"
163,"""Air Jordan 11 retro ""72-10""""@en ""72-10"" - New Arrivals – The Sneaker Authority""@en"
164,"""Nike Free Hypervenom - Negro-Metalizado""@es "" Zapatillas Nike Negro-Metalizado-705390-001 ""@es"
165,"""Nike Junior Mercurial Victory V FG - Bright Crimson/Violet/Zwart""@nl "" Nike Voetbalschoenen Ferme Grond Kinderen Crimson-Violet-Zwart ""@nl"
166,"""Puma evoSpeed 1.5 Firm Ground Mens Football Boots - Black""@en Black | Start Fitness""@en"
167,"""Nike Hypervenom Phatal II DF FG - Volt/Negro/Hyper turquesa""@es "" Nike Botas de futbol- turquesa ""@es"
168,"""Asics Gel-Pulse 7 - Cobalt/ Argent/ Orange""@fr "" Asics chaussures pour homme cobalt argent orange ""@fr"
169,"""NIKE TIEMPO LEGEND VI FG""@en FG - MAN SOCCER SHOES Nike colour Green 819177 307 Athletic footwear apparel and sports equipment""@en"
170,"""Nike Mercurial Veloce III Ronaldo FG - Alga/Volt/Hasta/Blanco""@es "" Nike Botas de futbol- Alga/Volt/Hasta/Blanco ""@es"
171,"""Air Jordan 5 Retro""@es-MX Retro – Lust México Webstore""@es-MX"
172,"""Puma King IN - Noir/Blanc/Or""@fr "" Chaussure de Foot Puma Salle Homme Noir/Blanc/Or ""@fr"
173,""" x Kylie Jenner Iconic Sunglasses in Black/Silver"" ""Accessories at SINGER22.com"""
174,""" Jordan Air 1 Retro Low NS - White ""Jordan kopen bij sneakAvenue"""
175,"""NIKE THE PREMIER SG""@de SG - FUßBALLSCHUHE STOLLEN Nike Farbe Schwarz 698596 018 Der Online-Shop für deine Sportbekleidung""@de"
176,"""ASICS Tiger GEL-Kayano Trainer Evo - Noir""@fr "" Chaussures homme ASICS Noir ""@fr"
177,"""ASICS Tiger GEL-Kayano Trainer Evo - Blanc""@fr "" Chaussures homme ASICS Blanc ""@fr"
178,"""NIKE AIR MAX THEA""@fr THEA - BASKETS FEMME Nike couleur Blanc 599409 101 Anima Sportiva Sport boutique""@fr"
179,"""Nike Tiempo Legacy II FG - Clear Jade/Black/Volt""@en "" Nike Mens Boots Firm Ground Jade/Black/Volt ""@en"
180,"""Puma evoTOUCH Pro FG -Negro/Blanco/Amarillo""@es "" Puma -Botas de futbol-Terrenos firmes-Negro/Blanco/Amarillo ""@es"
181,"""Asics Gel-Lyte V Christmas Pack H6R2L-8082 ""@es ""Longlou Sneakers - Asics H6R2L-8082""@es"
182,"""Nike Flylon Train Dynamic - Nero/Bianco/Grigio Scuro/Volt""@it "" Nike Scarpe Uomo Training Regolare Scuro/Volt ""@it"
183,"""Nike Free 5.0 pour Femme - Noir/ Blanc/ Gris""@fr "" Nike femme chaussures noir-blanc-gris ""@fr"
184,""" Scarpa Mojito Coral Red ""@en ""Scarpa - en""@en"
185,"""GEL-HUNTER 3""@it-it 3 | Women SCARPE DA SQUASH E BADMINTON PER DONNA ASICS""@it-it"
186,""" Air Jordan 4 Retro ""alternate motorspots""""@en ""Air motorspots"" - Mens Footwear – The Sneaker Authority""@en"
187,"""Nike Free Rn (831508-001)""@es-ES (831508-001) - footstop""@es-ES"
188,""" Keen Wichita Black/Drizzle ""@en ""Keen - au""@en"
189,"""Air Max LD Zero"" ""Nike Air Zero - 848624-005 | everysize.com"""
190,"""Puma evoSPEED 1.4 Cuir FG - Lave/Blanc/Eclipse Totale""@fr "" Puma 1 chaussures homme terrain sec- lave-blanc-eclipse totale ""@fr"
191,"""Nike Free Trainer 3.0 V4 - Noir/ Rouge/ Volt""@fr "" Nike chaussures homme noir-rouge-volt ""@fr"
192,"""NIKE AIR ZOOM VOMERO 11""@en apparel and sports equipment""@en 11 - WOMAN RUNNING SHOES Nike colour Light grey 818100 405 Athletic footwear"
193,"""NIKE STEFAN JANOSKI MAX ""@pl obuwie sportowe Nike ✓ Darmowa dostawa ★ Sizeer ★""@pl ""Buty"
194,"""Air Jordan X""@en X 5663 | Shoes \ Air Retro - Basketball shop Basketmania""@en"
195,"""Nike Air Zoom Pegasus 33 Men's Running Shoes SU16 400""@en 400 · Nike Neutral Trainers ah""@en"
196,"""NIKE TIEMPO LEGACY IC""@de IC - FUßBALLSCHUHE HALLE Nike Farbe Hellblau 631522 418 Der Online-Shop für deine Sportbekleidung""@de"
197,"""Puma evoTOUCH 2 FG - Nero/Bianco/Giallo Safety""@it "" Puma Scarpe Uomo Terreni Compatti Safety ""@it"
198,"""Nike Tiempo Rio III SG - Clear Jade/Zwart/Volt""@nl "" Nike Heren Voetbalschoenen Zachte Grond Jade-Zwart-Volt ""@nl"
199,"""GEMINI II LOW S1P SRC ""@en - Diadora Online Shop"
200,"""Zapatillas Nike Defendre Piel - Negro/Antracita/Blanco""@es "" Deportivas Nike- Zapatillas Negro-Antracita-Blanco ""@es"
201,"""Nike Junior Tiempo Rio III FG - Giada/Nero/Volt""@it "" Nike Scarpe Terreni Compatti Giada/Nero/Volt ""@it"
202,"""Damskie Asics Gel-Cumulus 17 - Głęboki Kobalt/Turkusowy/Niebieski""@pl "" Damskie buty Obuwie sportowe Kobalt/Turkusowy/Niebieski ""@pl"
203,"""GEL-RESOLUTION 7""@it-it 7 | Men SCARPE DA TENNIS UOMO ASICS""@it-it"
204,"""Sneakers buty Asics Gel-Lyte III white (H534L-0101)""@pl (H534L-0101) | Bludshop.com""@pl"
205,""" Keen Presidio Black ""@en ""Keen - au""@en"
206,"""Asics Gel Resolution 7 White/Silver Men's Shoes""@us Shoes - TennisTopia""@us"
207,"""Nike Mercurial Victory Firm Ground Mens Football Boots - Yellow""@en V | Start Fitness""@en"
208,"""Giày đá bóng Nike MercurialX Finale II IC – 831974 589"" - 589 tại Thế giới đá"""
209,"""Nike Sportswear Lunar Force 1 Duckboot - Medium Olive""@en "" Mens Shoes Nike Olive / 805899-201 ""@en"
210,"""Nike Kids MercurialX Pro IC - Black/Metallic Gold/Chilling Red""@en "" Nike Proximo Junior Boots Indoor Red ""@en"
211,"""Nike Free Trainer 3.0 V4 - Schwarz/Grau/Orange""@de "" Nike Trainingsschuhe Herrenschuhe Schwarz-Grau-Orange ""@de"
212,"""Puma evoSPEED 4.5 Tricks FG -Rosa/Amarillo/Negro""@es "" Puma -Botas de futbol-Terrenos firmes-Rosa/Amarillo/Negro ""@es"
213,"""Puma Esito Classico FG - Noir-Blanc-Bronze""@fr "" Chaussures de Football Puma Terrain Sec Crampons Noir-Blanc-Bronze 10333601 ""@fr"
214,"""Puma evoSPEED SL S II FG - Blanco/Negro/Naranja""@es "" Puma Botas de futbol-Terrenos firmes-Blanco/Negro/Naranja ""@es"
215,"""Nike Flex 2016 Run - Azul/Negro/Blanco""@es "" Nike Zapatillas para hombre-Azul/Negro/Blanco ""@es"
216,"""Nike Junior Hypervenom Phelon FG - Zwart/Orange""@nl "" Nike Voetbalschoenen Ferme Grond Kinderen Zwart-Orange ""@nl"
217,"""Puma Kids King Top i FG - Black/White/Team Gold""@en "" Puma Junior Boots Firm Ground 10246601 Gold ""@en"
218,"""Nike Metcon 1 - Volt/Bianco/Nero/Platino Puro""@it "" Nike Scarpe Uomo Volt-Bianco-Nero-Platino Puro ""@it"
219,"""Wholesale Air Jordan 11 Low Blue Moon/Sunset Blue-Binary Blue-White Men Size""@en-US Size | Retro Shoes""@en-US"
220,"""ASICS Tiger Gel-Lyte - White""@en "" Womens Shoes ASICS TIGER White HN7F6-0101 ""@en"
221,"""NIKE AIR ZOOM VOMERO 11""@de 11 - DAMEN LAUFSCHUHE Nike Farbe Hellgrau 818100 405 Der Online-Shop für deine Sportbekleidung""@de"
222,"""Nike Magista Onda IC"" IC comprare e offerta su Goalinn"""
223,"""Nike WMNS Air Max Thea""@de Thea Schwarz Grau Anthrazit Weiss 599409-007 - Purchaze""@de"
224,"""Adidas Icon 3 Men's Mid Trainer Shoes - Black/White/Onix""@en ""Running and Training""@en"
225,"""Nike MercurialX Proximo II Ronaldo IC - Verde/Volt/Hasta/Bianco""@it "" Nike Scarpe Uomo Campi Coperti Verde/Volt/Hasta/Bianco ""@it"
226,"""Nike Sportswear Air Force 1 07 - White""@en "" Mens Shoes Nike White 315122-111 ""@en"
227,"""Asics Gel-Pulse 7 - Blau/Silber/Orange""@de "" Asics Herrenschuhe Blau/Silber/Orange ""@de"
228,"""Nike Lunar Caldra - Obsidienne/ Blanc/ Bleu""@fr "" Nike chaussures pour homme obsidienne blanc bleu ""@fr"
229,"""Puma Donna IGNITE Mesh - Cayenne-Astral Aura""@it "" Puma Scarpe Aura ""@it"
230,""" Keen Marshall MID WP Black Iris/Eventide ""@sv ""Keen - se""@sv"
231,"""Nike Donna Sportswear Benassi JDI Print - Blu Coastal""@it "" Scarpe Nike Coastal ""@it"
232,"""Nike Zoom Train Complete - Grigio/Nero/Verde Ghost/Bianco""@it "" Nike Scarpe Uomo Training Regolare Ghost/Bianco ""@it"
233,"""Concave Halo2.0 FG - Nero/Nero""@it "" Concave Scarpe Uomo Terreni Compatti Nero-Nero ""@it"
234,"""NIKE TIEMPO LEGACY FG""@de FG - FUßBALLSCHUHE NOCKEN Nike Farbe Schwarz 631521 007 Der Online-Shop für deine Sportbekleidung""@de"
235,"""Nike Enfant Hypervenom Phade II FG-R - Volt/ Noir/ Hyper Turquoise""@fr "" Nike chaussures pour enfant terrain sec volt noir hyper turquoise ""@fr"
236,"""Nike Zoom Speed TR3 - Black/White""@en "" Mens Shoes Nike Black/White 804401-017 ""@en"
237,"""Asics Fuze X - Blauw/Oranje""@nl "" Asics Heren Hardloopschoenen Blauw-Oranje ""@nl"
238,"""Concave Quantum+ FG - Bianco/Rosa""@it "" Concave Scarpe Uomo Terreni Compatti Bianco/Rosa ""@it"
239,"""NIKE Air Max Thea Ultra FK (881175-002) Sneakers for Women @ upclassics"""
240,"""Nike Air Zoom Pegasus 33 Women's Training Shoes - White/Pink/Green""@en ""Clearance Footwear""@en"
241,"""ASICS Tiger GEL-Lyte MT - India Ink""@en "" Mens Shoes ASICS Ink HL6G0-5050 ""@en"
242,"""GEL-FUJILYTE""@en-ie ""GEL-FUJILYTE | Men Trail Running ASICS""@en-ie"
243,"""Nike Sportswear Air Max 1 (GS) Fille - Noir/Rose/Blanc""@fr "" chaussures enfant Nike Noir-Rose-Blanc ""@fr"
244,"""ASICS Tiger GEL-Lyte III Future Pack - Mid Blue""@en "" Mens Shoes ASICS Blue H637Y-4242 ""@en"
245,""" Air Jordan 11Lab4 ""red""""@en ""Air ""red"" - Featured – The Sneaker Authority""@en"
246,"""Jordan Son of Mars “Yeezy” Black/Gym Red-Cool Grey-Pulse Green""@en-US ""Buy Discount Air Jordan Yeezy Blink Free Shipping | 2017 Shoes""@en-US"
247,"""Nike Junior Hypervenom Phelon II FG - Cremise Total/Ossidiana/Viola Vivid""@it "" Nike Scarpe Terreni Compatti Vivid ""@it"
248,"""Nike Nike Zoom Speed TR3 - Blu Royal Intenso/Bianco/Nero""@it "" Scarpe Uomo Intenso/Bianco/Nero ""@it"
249,"""Asics Gel-Pulse 7 -Cobalto/Plateado/Naranja""@es "" Asics -Zapatillas de correr-Cobalto/Plateado/Naranja ""@es"
250,"""Nike Free Run - Negro/Blanco/Antracita""@es "" Nike Zapatillas de correr-Negro/Blanco/Antracita ""@es"
251,"""Sneakers buty Puma WMNS Suede Platform puma black / white (362223-01)""@pl (362223-01) | Bludshop.com""@pl"
252,"""Nike Sportswear Classic Cortez Piel-Blanco/Azul marino/Verde""@es "" Nike Piel-Zapatillas para hombre-Deportivas-Blanco/Azul marino/Verde ""@es"
253,"""Nike Femme Free Run Distance - Hyper Violet/ Noir""@fr "" Nike chaussures pour femme hyper violet noir ""@fr"
254,"""Nike F.C. Roshe Tiempo VI - Noir""@fr "" Nike chaussures pour homme noir rouge or ""@fr"
255,"""Asics Gt-200 4 Lite-Show PG (T6F4N-3093)""@es-ES (T6F4N-3093) - footstop""@es-ES"
256,"""Puma Basket Classic LFS - Bianco/Bianco""@it "" Puma Calzature Uomo Bianco-Bianco ""@it"
257,"""Nike Junior Tiempo Legend VI FG - Giada/Nero/Volt""@it "" Nike Scarpe Terreni Compatti Giada/Nero/Volt ""@it"
258,"""Nike Mercurial Veloce III Ronaldo FG - Algue/ Volt/ Hasta/ Blanc""@fr "" Chaussures de football homme Nike CR7 Terrain sec Algue Volt Hasta Blanc I Pro Direct Soccer ""@fr"
259,"""NIKE TEAM HUSTLE D 7""@de 7 - BASKETBALL SCHUHE Nike Farbe Schwarz 747998 007 Der Online-Shop für deine Sportbekleidung""@de"
260,"""Nike Mercurial Victory V FG - Volt/Rosa Hyper/Nero""@it "" Scarpe da Calcio Uomo Nike Terreni Compatti Hyper/Nero 651632-760 ""@it"
261,"""Nike Air Max 2016 - Black/White-Dark Grey""@en "" Nike Grey Mens Shoes 806771-001 ""@en"
262,"""ASICS GEL GT 1000 3""@fr 3 - CHAUSSURES COURSE ENFANT Asics couleur Multicouleur C463N 7001 Anima Sportiva Sport boutique""@fr"
263,"""Nike Metcon 1 - Volt/Blanco/Negro/Platino""@es "" Nike -Zapatillas para hombre- Volt-Blanco-Negro-Platino ""@es"
264,"""Air Presto""@en"
265,"""Wmns Air Zoom Pegasus 33"" ""Nike Wmns 33 - 849812 406 | everysize.com"""
266,"""Nike WMNS Air Max Thea (599409-007)""@de"
267,"""Diadora B.Original - Rosso Tibetano""@it "" Diadora Scarpe Uomo Tibetano ""@it"
268,"""Men's Nike Air Penny IV Shoe - White/Black""@en White/Black Mr. Alan's ""@en"
269,"""Jordan Son of Mars “Yeezy” Black/Gym Red-Cool Grey-Pulse Green""@en-US ""Buy Discount Air Jordan Yeezy Blink Free Shipping | New Jordans 2017""@en-US"
270,"""Cage swirls green Vector Image""@en ""Swirl Images within Floral & Decorative (over 17 000)""@en"
271,"""Air Jordan 5 Silver Tongue 136027-100""@en"
272,"""Nike Sportswear Air Footscape Magista Flyknit -Azul/Blanco/Obsidiana""@es "" Nike -Zapatillas para hombre-Azul/Blanco/Obsidiana ""@es"
273,"""Nike Free Run -Concord/Negro/Cobalto/Azul""@es "" Nike - Zapatillas para hombre-Concord/Negro/Cobalto/Azul ""@es"
274,"""Vans Classic Slip-On - Black""@en "" Vans Mens Shoes Black ""@en"
275,"""Nike Free Run - Concord/Nero/Blu""@it "" Nike Scarpe Uomo Concord/Nero/Blu ""@it"
276,"""Nike Hypervenom Phatal II Df Ltr FG - Black/Black-Total Orange-Total Orange""@en "" Nike Mens Boots Firm Ground Orange ""@en"
277,"""Nike Tiempo Legacy II FG - Nero/Bianco/Oro Metallico""@it "" Nike Scarpe Uomo Terreni Compatti Nero-Bianco-Oro Metallico ""@it"
278,"""Nike Zoom Train Complete - Nero/Antracide/Bianco""@it "" Nike Scarpe Uomo Training Regolare Nero/Antracide/Bianco ""@it"
279,"""2017 Air Jordan 13 Retro “Chicago” White/Black-Team Red Shoes For Sale""@en-US Sale | Shoes""@en-US"
280,"""CPB-NEW-DVD DRIVE FOR HP G62"" "" CPB-NEW-DVD G62 - 599062-001 Z CDW Internal Use/Service Pts CDWG.com"
281,"""Nike Air Max 2016 (806771-001)""@es-ES para hombre - Negro (806771-040) footstop""@es-ES"
282,"""Asics Donna Gel-Cumulus 17 - Cobalto Intenso/Turchese/Blu Dutch""@it "" Asics Scarpe Dutch ""@it"
283,"""Nike Free Trainer 3.0 v4 - Noir/ Bleu Lagon/ Bleu/ Platine""@fr "" Nike chaussures pour homme noir-bleu lagon-bleu-platine ""@fr"
284,"""Concave Halo+ Kids FG - Wit/Rood""@nl "" Concave Junior Voetbalschoenen Ferme Grond Wit-Rood ""@nl"
285,"""SCARPA DA STRADA GEL-NIMBUS 19 LITE-SHOW DONNA""@it-it DONNA | Women Women's Road Running Shoes ASICS""@it-it"
286,"""Concave Volt 1.0 SG - Nero/Rosa""@it "" Concave Scarpe Uomo Terreni Morbidi Nero/Rosa ""@it"
287,"""Zapatillas Nike Zoom Speed TR3 - Verde/Blanco/Negro""@es "" Zapatillas -Deportivas de entrenamiento- Verde-Blanco-Negro ""@es"
288,"""GEL- KAYANO TRAINER KNIT MT""@fr-fr MT | Men Men's Sneakers ASICS Tiger""@fr-fr"
289,"""Nike Lunar Force 1 Duckboot""@en Duckboot Medium Olive 805899-201 - Purchaze""@en"
290,"""Nike Free Train Versatility - Black/Black/White""@en "" Nike Mens Shoes Black/Black/White ""@en"
291,"""Nike F.C. Roshe Tiempo VI - Nero""@it "" Scarpe Uomo Nike Nero ""@it"
292,"""Sneakers buty Nike Air Max 90 Ultra Essential white / cool grey - infrared black (819474-106)""@pl (819474-106) | Bludshop.com""@pl"
293,"""Asics Gel-Trounce 3 - Blu Indigo/Argento/Giallo Flash""@it "" Asics Scarpe Uomo Flash ""@it"
294,"""GEL-LYTE III NS""@en-ie ""Sites-asics-eu-Site | ASICS Tiger""@en-ie"
295,"""Nike Sportswear Classic Cortez Leather - White / Midnight Navy Gym Red""@en "" Nike Mens Shoes Red ""@en"
296,"""NIKE AIR MAX 90 MESH BG""@pl ""Sneakersy dla dzieci ✓ Darmowa dostawa ★ Sizeer ★""@pl"
297,"""Sneakers buty Nike WMNS Roshe Two black (844931-002)""@pl (844931-002) | Bludshop.com""@pl"
298,"""Puma evoPOWER 2.2 FG - Blanc/Eclipse Totale/Lave""@fr "" Puma chaussures homme terrain sec blanc-eclipse totale-lave ""@fr"
299,"""Puma evoTOUCH Pro FG - Noir/ Blanc/ Jaune""@fr "" Puma chaussures pour homme terrain sec noir blanc jaune ""@fr"
300,"""Puma evoSPEED 4.4 FG -Lava/Blanco/Eclipse total""@es "" Puma -Botas de futbol- Terrenos firmes-Lava-Blanco-Eclipse total ""@es"
301,"""Nike Mercurial Vapor XI Ronaldo FG - Verde/Volt/Hasta/Bianco""@it "" Nike Scarpe Uomo Terreni Compatti Verde/Volt/Hasta/Bianco ""@it"
302,"""Basketballschuh Air 4"" ""NIKE JORDAN Basketballschuh 4 - 308497-117 | everysize.com"""
303,"""Nike Tiempo Genio II Leather FG - Black/White/Metallic Gold""@en "" Nike Mens Boots Firm Ground Gold ""@en"
304,"""Nike Magista Obra II FG - Turquoise Rio/ Volt/ Obsidienne/ Jade""@fr "" Chaussures de football homme Terrain sec Nike Volt Obsidienne Jade I Pro Direct Soccer ""@fr"
305,"""Nike Sportswear Roshe Two - Black""@en "" Mens Shoes Nike Black / Black-Black 844656-001 ""@en"
306,"""Nike Air Vortex Leather""@en Leather Cool Grey White 918206-002 - Purchaze""@en"
307,"""Gel-Kayano Trainer EVO Chameleoid Pack"" ""Asics Gel-Kayano Pack - HN6D0 8873 | everysize.com"""
308,"""Nike Magista Obra II FG - Rio Teal/Volt/Ossidiana/Giada Clear""@it "" Nike Scarpe Uomo Firm Ground Teal/Volt/Obsidian/Clear Jade ""@it"
309,""" Patagonia Bisect Tank Turkish Delight Graphic: Black ""@nl ""Patagonia - nl""@nl"
310,""" Keen Harvest MJ Midnight Navy ""@fr ""Keen - ch_fr""@fr"
311,"""PUMA SUEDE CLASSIC+""@pl CLASSIC+ | CZARNY 279.99 PLN Sneakersy 35263403""@pl"
312,"""NIKE BRUIN LITE TXT""@fr TXT - BASKETS FEMME Nike couleur 578364 100 Anima Sportiva Sport boutique""@fr"
313,"""Puma evoPOWER 1.3 Pelle FG - Rosso/Bianco Puma/Nero Puma""@it "" Puma Scarpe Uomo Terreni Compatti ""@it"
314,"""ASICS GEL-LYTE III ""@pl | BEZOWY 379.99 PLN Sneakersy H7Y0L0593""@pl"
315,"""Nike Mercurial Victory V FG - Blanc/Volt/Hyper Rose/Noir""@fr "" chaussures de football hommes Nike terrain sec- football-blanc-volt-hyper rose-noir 651632-170 ""@fr"
316,"""Nike Hypervenom Phantom FG - Volt/Violet/Lava/Blk""@en "" Nike Mens Boots Firm Ground Volt/Persian Violet/Hot Lava/Black ""@en"
317,"""Nike Zoom Speed TR3 - Carmin/ Noir/ Hyper Volt""@fr "" Nike chaussures pour homme carmin noir hyper volt ""@fr"
318,"""Nike Lunartempo 2 - Negro/Antracita""@es "" Nike 2-Zapatillas para hombre Negro/Antracita ""@es"
319,"""NIKE ROSHE RUN (GS) ""@pl | CZARNY 199.99 PLN Sneakersy 599728021""@pl"
320,"""Air Jordan 11 retro ""72-10""""@en ""72-10"" - Featured – The Sneaker Authority""@en"
321,"""Puma Liga Classico FG - Nero-Bianco-Argento Puma""@it "" Scarpe da Calcio Puma Terreni Compatti ""@it"
322,"""GEL-LYTE""@fr-fr ""GEL-LYTE | Women Women's Sneakers ASICS Tiger""@fr-fr"
323,"""Puma Esito Classico FG - Negro/Blanco/Bronce""@es "" Botas de futbol Puma- Puma 10333601 Negro/Blanco/Bronce ""@es"
324,"""NIKE WMNS AIR FORCE 1 '07""@pl '07 | BIAŁY 399 99 PLN Lifestyle 315115112 - UP8.com""@pl"
325,"""Nike Zoom Speed Trainer Men's Training Shoes - Green/Black/White""@en ""Clearance Footwear""@en"
326,"""NIKE AIR MAX 90 ESSENTIAL ""@pl | CZARNY 499.99 PLN Sneakersy 537384077""@pl"
327,"""NIKE TIEMPO GENIO LEATHER SG""@en apparel and sports equipment""@en SG - MAN SOCCER SHOES Nike colour Black 631616 007 Athletic footwear"
328,"""Asics Fuze X - Black/White/Onyx""@en "" Asics Mens Shoes Black/White/Onyx ""@en"
329,"""ZE 912"" ""Tiresavings.com - The Best Value In Tires on the Web!"""
330,"""Puma King Top M.I.I FG - Black/White/Team Gold""@en "" Puma Mens Boots Firm Ground Gold ""@en"
331,"""Boy's Nike Air Force 1 (GS) Shoe - Black""@en Black Mr. Alan's ""@en"
332,"""Concave Halo 1.0 FG - Negro/Dorado""@es "" Concave Botas de futbol-Terrenos firmes-Negro/Dorado ""@es"
333,"""Nike Junior Hypervenom Phelon FG - Noir/ Orange Total""@fr "" chaussures de football junior Nike terrain sec- enfant noir-noir-noir-orange total ""@fr"
334,"""Asics Gel GT 2000 4 Lite-Show Men's Running Shoes AW16 3093""@en 3093 · Asics Moderate Support Train ah""@en"
335,"""Air Jordans 11 Retro Low White Black-Concord For Sale""@en-US Sale | 2017 Air Jordan Shoes""@en-US"
336,""" Jordan Air 2 Retro Decon"
337,"""Buty dziecięce Concave Halo+ FG - Niebieski/Biały""@pl "" Kids Dziecięce buty piłkarskie Trawa naturalna Niebieski Biały ""@pl"
338,"""ASICS HYPER LD 5""@fr 5 - CHAUSSURES À POINTES Asics couleur Bleu G404Y 4399 Anima Sportiva Sport boutique""@fr"
339,"""Nike Tiempo Legend VI FG - Jade/ Noir/ Volt""@fr "" Nike chaussures pour homme terrain sec jade noir volt ""@fr"
340,"""Shoes Air Force I '07""@en '07 6038 | Shoes \ Lifestyle - Basketball shop Basketmania""@en"
341,"""Puma Esito Classico SG - Black/White/Bronze""@en "" Puma Black/White/Bronze ""@en"
342,"""adidas Adizero Malice FG"" FG buy and offers on Goalinn"""
343,"""Supreme x Air Jordan 5 “Camo” Desert Camo/Fire Red-Black For Sale""@en-US Sale | Cheap Jordans 2017""@en-US"
344,"""Nike Sportswear Lunar Magista II FK - Black""@en "" Mens Shoes Nike Black / Black-Anthracite-White 852614-001 ""@en"
345,"""NIKE JR MAGISTA OLA II FG""@de FG - KIND FUßBALLSCHUHE NOCKEN Nike Farbe Grün 844204 374 Der Online-Shop für deine Sportbekleidung""@de"
346,"""Air Jordans 9 Retro “Copper Statue” White Black-Militia Green For Sale""@en-US Sale | Cheap KD 9""@en-US"
347,"""Puma Speed 1000 S IGNITE - Quarry-Bleu Atomique-Blanc""@fr "" Puma chaussures pour homme quarry-bleu atomique-blanc ""@fr"
348,""" Air Jordan 4 Retro ""alternate motorspots""""@en ""Air motorspots"" - – The Sneaker Authority""@en"
349,""" Rumi Top in Black"" ""Tops Sale at SINGER22.com"""
350,"""Puma King II FG - Jaune/ Noir""@fr "" Puma chaussures pour homme terrain sec jaune noir ""@fr"
351,"""Nike Zoom Speed TR3 - Verde/Bianco/Nero""@it "" Nike Scarpe Uomo Verde-Bianco-Nero ""@it"
352,"""Nike Air Zoom Pegasus 33 - Noir/ Blanc/ Anthracite/ Gris Cool""@fr "" Nike chaussures pour homme noir blanc anthracite gris cool ""@fr"
353,"""Nike MagistaX Proximo IC - Blu Racer/Volt/Nero""@it "" Nike Scarpe Uomo Campi Sintetici Racer/Volt/Nero ""@it"
354,"""NIKE AIR MAX 90 MESH BG""@pl ""Buty obuwie sportowe dla dzieci Nike. ✓ Darmowa dostawa ★ Sizeer ★""@pl"
355,"""Puma SPEED 300 S DISC - Atomic Blue-Red Blast-White""@en "" Puma Mens Shoes Blast-White ""@en"
356,"""Buty Concave Quantum 1.0 SG - Czarny/Biały""@pl "" Męskie buty piłkarskie Miękka nawierzchnia Wkręty Czarny Biały ""@pl"
357,"""Nike Sportswear Air Max Tavas - Black / Anthracite Black""@en "" Nike Mens Shoes ""@en"
358,""" Nike Air Max BW Ultra SE - Khaki ""Nike 844967-200 sneakAvenue"""
359,"""Air Jordan 6 Chameleon 907961-015""@en"
360,"""Nike HyperVenomX Proximo IC – The Soccer Factory""@en-US"
361,"""Nike Mercurial Vapor XI FG - Black/Pink Blast""@en "" Nike Mens Soccer Cleats Firm Ground Blast ""@en"
362,"""Nike Free 5.0 Men's Training Shoes - Platinum/Wolf Gray/Clear Gray""@en ""Clearance Footwear""@en"
363,""" Baskets femme asics H5V2L8990 gel-lyte 5"
364,"""Buty Joma Propulsion 3.0 FG - Czarne/Srebrne/Białe""@pl "" Męskie buty piłkarskie Trawa naturalna Lanki Czarne-Srebrne-Białe ""@pl"
365,"""WMNS Suede Platform""@en"
366,"""Nike Free Trainer 3.0 V4 -Negro/Rojo/Volt""@es "" Nike -Zapatillas para hombre-Negro-Rojo-Volt ""@es"
367,"""2017 Cheap Air Jordan 11 “Red Velvet” Night Maroon/Metallic Gold-White""@en-US Gold-White | Jordans 2017""@en-US"
368,"""Nike Air Jordan 6 VI Retro""@en Online Store - Purchaze""@en"
369,"""Air Force 1 Mid GS"" ""Nike Air GS - 314195 113 | everysize.com"""
370,"""Nike Flex 2016 Run - Nero/Bianco/Grigio""@it "" Nike Scarpe Uomo Nero/Bianco/Grigio ""@it"
371,""" FjallRaven G-1000 Cap Dark Grey ""@it ""FjallRaven - it""@it"
372,"""Nike Mercurial Victory VI Ronaldo IC - Seaweed/Volt/Hasta/Wit""@nl "" Nike Heren Voetbalschoenen Indoor Seaweed/Volt/Hasta/Wit ""@nl"
373,"""NIKE AIR MAX 90 ULTRA 2.0 LTR""@pl ""Nowości Sizeer - Darmowa dostawa do domu sklep ★""@pl"
374,"""Puma Junior evoPOWER 4.3 FG - Rosso/Bianco Puma/Nero Puma""@it "" Puma Scarpe Junior- Terreni Compatti ""@it"
375,"""Concave Quantum 1.0 SG - Nero/Bianco""@it "" Concave Scarpe Uomo Terreni Morbidi Nero/Bianco ""@it"
376,"""WMNS Roshe Two""@en"
377,"""Nike F.C. Zoom Mercurial XI FK - Rosso University""@it "" Scarpe Uomo 3rd Oct Nike University ""@it"
378,"""Diadora B.Original - Tibetan Red""@en "" Mens Shoes Diadora Red / White 170535-C6289 ""@en"
379,"""Air Force 1""@en"
380,"""Nike Metcon 3 - Black""@en-GB "" Nike Black Mens Shoes 852928-002 ""@en-GB"
381,"""Zapatillas Nike Sportswear Air Max 90 Piel- Negro""@es "" Deportivas Nike- Zapatillas Negro ""@es"
382,"""NIKE Air Zoom Mariah Flyknit Racer (917658-002) Sneakers for Women @ upclassics"""
383,"""NIKE THE PREMIER""@es PREMIER - BOTAS FÚTBOL CON TACOS FG Nike color 599427 018 Equipamiento deportivo y casual""@es"
384,"""Puma Speed 300 IGNITE - Bianco-Blu Atomic-Rosso Blast""@it "" Puma Scarpe Uomo Blast ""@it"
385,"""NIKE BRUIN LITE TXT""@it TXT - SCARPE FREE TIME DONNA Nike 578364 100 Articoli sportivi e abbigliamento sportivo""@it"
386,"""Puma Top Winner Mesh - Blue Aster/Vibrant Yellow""@en "" Puma Shoes Trainers Mens Footwear Yellow ""@en"
387,"""Nike F.C. Free Hypervenom 2 - Zwart""@nl "" 3rd Oct Nike Heren Schoenen Hardloopschoenen Zwart ""@nl"
388,"""Asics Gel Kayano Trainer EVO H707N-9090 ""@es ""Longlou Sneakers - Asics H707N-9090""@es"
389,"""Nike Tiempo Genio II Piel FG -Rojo/Plateado metalizado/Rojo total""@es "" Nike -Botas de futbol-Terrenos firmes-Rojo/Plateado total ""@es"
390,"""Nike WMNS Tennis Classic""@de Classic Weiss Schwarz 312498-130 - Purchaze""@de"
391,"""Concave Quantum + FG - White/Lime""@en "" Concave Mens Boots Firm Ground White/Lime ""@en"
392,"""Nike Air Zoom Structure 19 - Blanc/ Noir/ Vert Electrique/ Concorde""@fr "" Nike chaussures pour homme blanc noir vert electrique concorde ""@fr"
393,"""Basketball Shoes Air Jordan Retro XI GS""@en GS | \ - Basketball shop Basketmania""@en"
394,"""High Heel Platform Boot Patent White""@en ""Platform High"
395,"""Nike Zoom Trout 4 Low Men's Turf Shoes - Black/University Red/Wolf Grey""@en ""Turf and Coach""@en"
396,"""NIKE FREE RUN DISTANCE""@de DISTANCE - HERREN FREIZEIT SCHUHE Nike Farbe Hellblau 827115 401 Der Online-Shop für deine Sportbekleidung""@de"
397,"""ASICS GEL-Kayano Trainer Knit MT - Noir""@fr "" chaussures homme ASICS Noir ""@fr"
398,"""Nike Free Trainer 3.0 V4 - Nero/Nero/Grigio/Arancione""@it "" Nike Scarpe Uomo Nero-Nero-Grigio-Arancione ""@it"
399,"""Concave Quantum + FG - Bianco/Lime""@it "" Concave Scarpe Uomo Terreni Compatti Bianco/Lime ""@it"
400,"""2016 Air Jordan 5 Low “Dunk From Above” White/Metallic Gold Star-Midnight Navy For Sale""@en-US Sale | Retro Shoes""@en-US"
401,"""2017 ‘Alternate Motorsport’ Air Jordan 4 Black/Game Royal-Matte Silver-White""@en-US Silver-White – Hoop Jordan""@en-US"
402,"""Puma evoPOWER 1.2 FG - Peacoat-Blanc-Plasma""@fr "" chaussures de football Puma terrain sec football- peacoat-blanc-plasma 10317101 ""@fr"
403,""" Air Jordan 4 Retro ""pure money""""@en ""Air money"" - – The Sneaker Authority""@en"
404,"""Puma evoSPEED 1.3 Graphic FG - Blanc-Pin-Rouge dragon""@fr "" chaussures de football Puma -terrain sec-chaussures blanc-pin-rouge dragon- 10330401 ""@fr"
405,"""Nike Air Zoom Pegasus 33 para mujer-Morado oscuro/Blanco/Rosa""@es "" Nike mujer-Zapatillas oscuro/Blanco/Rosa ""@es"
406,"""Wmns Air Max BW Ultra"" ""Nike Wmns Ultra - 819638 001 | everysize.com"""
407,"""NIKE AIR MAX 90 MESH BG""@pl ""Nike ✓ Darmowa dostawa do domu ★ sklep Sizeer ★""@pl"
408,"""Nike HyperVenom Phatal II FG Dynamic Fit – The Soccer Factory""@en-US"
409,"""Nike Enfant Mercurial Vortex III FG - Noir/ Rose""@fr "" Nike chaussures pour enfant terrain sec noir rose ""@fr"
410,""" Therm-A-Rest Lumbar Pillow Nautical Blue ""@fr ""Therm-A-Rest - be_fr""@fr"
411,"""Asics Gel-Respector black / (H5W3L-9090)""@eu (H5W3L-9090) | Bludshop.com""@eu"
412,"""Nike Air Zoom Pegasus 33 - Concord/Blanco/Negro/Verde""@es "" Nike Zapatillas para hombre-Concord/Blanco/Negro/Verde ""@es"
413,"""Puma evoSPEED 1.5 FG - Nero Puma/Bianco Puma/Rosso""@it "" Puma Scarpe Uomo Terreni Compatti Puma/Rosso ""@it"
414,""" Keen Yoyageur Black Olive/Inca Gold ""@en ""Keen - ca""@en"
415,"""Puma R698 Core Leather - White / Steel Grey""@en "" Mens Shoes Puma Grey 360601-01 ""@en"
416,""" Keen Clearwater CNX Black/Yellow ""@nl ""Keen - nl""@nl"
417,"""ZAPATILLA DE RUNNING GEL-QUANTUM 360 KNIT PARA HOMBRE""@es-es HOMBRE | Men Men's Easy Running Shoes ASICS""@es-es"
418,"""Sneakers buty Asics Gel-Kayano Trainer Evo gecko green / guava (HN6D0-8873)""@pl (HN6D0-8873) | Bludshop.com""@pl"
419,""" Air Jordan 13 Retro Low ""brave blue""""@en ""Air blue"" - Mens Footwear – The Sneaker Authority""@en"
420,"""Concave Quantum 1.0 SG - Noir/ Blanc""@fr "" Concave chaussures pour homme terrain gras noir-blanc ""@fr"
421,"""Air Max Tavas"" ""Nike Air Tavas - 705149-010 | everysize.com"""
422,"""Nike Womens Air Zoom Structure 19 CP - White/Volt-Black""@en "" Nike Shoes White/Volt-Black ""@en"
423,"""Puma King Allround TT - Black/White/Team Gold""@en "" Puma Mens Soccer Cleats Turf Trainer 17011901 Gold ""@en"
424,"""Nike Air Max 90 Essential""@en Essential Black White 537384-077 - Purchaze""@en"
425,"""Lunar Tempo 2"" ""Nike Lunar 2 - 828659 003 | everysize.com"""
426,"""Air Max 2016"" ""Nike Air 2016 - 806771 001 | everysize.com"""
427,"""Nike Tiempo Mystic V FG - Platino Puro/Nero/Arancione Hyper""@it "" Nike Scarpe Uomo Terreni Compatti Puro-Nero-Arancione Hyper ""@it"
428,"""GEL-NOOSA TRI 11""@de-at ""GEL-NOOSA TRI 11 | Men Fast Running ASICS""@de-at"
429,"""Nike Hypervenom Phelon II FG - Volt/ Noir/ Hyper Turquoise""@fr "" Nike chaussures pour homme terrain sec volt noir hyper turquoise ""@fr"
430,"""Sneakers buty Nike Roshe One black / (511881-026)""@pl (511881-026) | Bludshop.com""@pl"
431,""" Keen Chandler CNX Black/Gargoyle ""@fr ""Keen - fr""@fr"
432,"""Nike Hypervenom Phantom II FG - Carmin/ Obsidienne/ Violet""@fr "" Chaussures de football pour homme Terrain sec Nike carmin obsidienne violet ""@fr"
433,"""Shoes Air Jordan I Retro High GS""@en GS 9378 | Shoes \ %SALE% - Basketball shop Basketmania""@en"
434,"""Nike Hypervenom Phelon II FG Enfant - Carmin/ Obsidienne/ Violet""@fr "" Chaussures de football Terrain sec Nike carmin obsidienne violet ""@fr"
435,"""Air Max Zero"" ""Nike Air Zero - 857661-400 | everysize.com"""
436,"""Adidas Icon 3 Men's Mid Trainer Shoes - Black/White/Onix""@en ""New Items""@en"
437,"""Nike Sportswear Air Max 90 Ultra Moire - Midnight Navy""@en "" Nike Mens Shoes Navy / Mid White ""@en"
438,"""Nike Junior MercurialX Vapor XI Ronaldo IC - Verde/Volt/Hasta/Bianco""@it "" Nike Scarpe Campi Coperti Verde/Volt/Hasta/Bianco ""@it"
439,"""5 3/4"" Heel Black w/ Matte Platform Boot""@en ""Wholesale Knee Stripper High Boots""@en"
440,"""Nike Mercurial Victory V Firm Ground Mens Football Boots - Orange""@en Orange | Start Fitness""@en"
441,"""Puma evoSPEED 5.5 FG Enfant - Noir Puma/ Blanc Rouge""@fr "" Puma chaussures pour enfant terrain sec noir blanc rouge ""@fr"
442,"""Concave Volt + SG - Zilver/Blauw""@nl "" Concave Heren Voetbalschoenen Zachte Grond Zilver-Blauw ""@nl"
443,"""Nike Sportswear Air Max 90 Ultra Essential - White""@en "" Nike Mens Shoes White / Cool Grey Infrared Black ""@en"
444,"""PUMA EVOSPEED 4.5 TRICKS FG""@de FG - FUßBALLSCHUHE NOCKEN Puma Farbe Vielfarbig 103592 01 Der Online-Shop für deine Sportbekleidung""@de"
445,"""Nike Magista Onda II TF - Volt/Zwart/Total Oranje""@nl "" Nike Heren Voetbalschoenen Turf Trainer Volt-Zwart-Total Oranje ""@nl"
446,""" FjallRaven Merano Canvasbelt Dark Olive ""@nl ""FjallRaven - nl""@nl"
447,"""Nike Sportswear Air Max Tavas - Noir/Anthracite/Noir""@fr "" Chaussures homme Nike Noir-Anthracite-Noir ""@fr"
448,"""NIKE MD RUNNER 2 BG""@pl obuwie sportowe Nike ✓ Darmowa dostawa ★ Sizeer ★""@pl ""Buty"
449,"""Nike Air Zoom Pegasus 33 Women's Training Shoes - Black/White/Cool Gray""@en ""Running and Training""@en"
450,"""Nike Air Zoom Structure 19 para mujer-Violeta/Azul""@es "" Nike mujer-Zapatillas mujer-Violeta/Azul ""@es"
451,"""ASICS GEL GT 1000 3""@es 3 - ZAPATILLAS RUNNING NIÑO/A Asics color Multicolor C463N 7001 Equipamiento deportivo y casual""@es"
452,"""Nike Free Run - White/Black""@en "" Nike Mens Shoes White/Black ""@en"
453,"""Air Jordans 5 Retro “Shanghai Shen” Black/Varsity Maize-Varsity Royal-Black For Sale""@en-US Sale | Cheap KD 9""@en-US"
454,"""Under Armour ClutchFit Force 2.0 FG - Noir/ Graphite/ Jaune""@fr "" Under chaussures pour homme terrain sec noir graphite jaune ""@fr"
455,""" Keen Newport H2 Black/True Red ""@de ""Keen - de""@de"
456,""" Keen Alamosa Chocolate Brown / Bronze Green ""@en ""Keen - ie""@en"
457,"""ASICS GEL-NOOSA TRI 11""@pl 11 | CZARNY 379 99 PLN Running T626N9601 - UP8.com""@pl"
458,"""Basketball Shoes Jordan Retro XIII""@en XIII 10816 | \ Air - Basketball shop Basketmania""@en"
459,"""Nike Men's Hypervenom Phantom FG Soccer Cleats"""
460,"""Air Max Thea Ultra Flyknit"" ""Nike Air Flyknit - 881175-002 | everysize.com"""
461,"""Nike Air Vortex Leather""@de Leather Grau Weiss Schwarz 918206-002 - Purchaze""@de"
462,"""GEL-NIMBUS 19 POUR HOMMES""@fr-fr HOMMES | Men Road Running ASICS""@fr-fr"
463,"""NIKE AIR MAX 90 ULTRA 2.0 LTR""@pl ""Znane marki ubrań i butów męskich ✓ Darmowa dostawa do domu ★ Sizeer ★""@pl"
464,""" Keen Marshall MID WP Black Iris/Eventide ""@en ""Keen - ca""@en"
465,"""Nike Flex 2016 Run - Nero/Argento Metallico/Rosso University/Bianco""@it "" Nike Scarpe Uomo University/Bianco ""@it"
466,"""GEL-NIMBUS 19 DA DONNA""@it-it DONNA | Women Women's Road Running Shoes ASICS""@it-it"
467,"""Free RN Flyknit"" ""Nike Free Flyknit - 831069 001 | everysize.com"""
468,"""Asics Fuze X - Nero/Bianco/Onice""@it "" Asics Scarpe Uomo Nero/Bianco/Onice ""@it"
469,"""Damskie Nike Free Run Flyknit - Czarny/Biały""@pl "" Damskie buty Obuwie sportowe Czarny/Biały ""@pl"
470,"""Nike Mercurial Veloce II Cuir FG - Noir/Hyper Rose""@fr "" Nike Leather chaussures de football homme terrain sec noir-noir-hyper rose ""@fr"
471,"""NIKE TORBA NK BRSLA M DUFF""@pl ""Torby sportowe damskie na ramię ✓ Darmowa dostawa ★ Sizeer ★""@pl"
472,"""Nike Sportswear Air Force 1 07 - Black""@en "" Mens Shoes Nike Black 315122-001 ""@en"
473,"""Wmns Air Pegasus 89"" ""Nike Wmns 89 - 844888-001 | everysize.com"""
474,"""Nike HypervenomX Finale TF -Blanco/Negro/Verde""@es "" Nike -Zapatillas de futbol -Cesped sintetico-Blanco/Negro/Verde ""@es"
475,"""Puma evoPOWER 3.2 FG - Bianco/Eclisse Totale/Lava Blast""@it "" Puma Scarpe Uomo Terreni Compatti Bianco-Eclisse Totale-Lava Blast ""@it"
476,"""GEL-NIMBUS 19 LITE-SHOW STRASSENLAUF SCHUH FÜR DAMEN""@de-at DAMEN | Women Road Running ASICS""@de-at"
477,""" Air Jordan 11 Retro Low BG ""blue moon""""@en ""Air moon"" - Pre Order – The Sneaker Authority""@en"
478,"""Nike Lunarglide 7 - Nero/Bianco Summit/Antracide""@it "" Nike Scarpe Uomo Summit/Antracide ""@it"
479,"""Under Armour Spotlight Pro 2.0 FG - Rouge/ Jaune""@fr "" Under chaussures pour homme terrain sec rouge jaune ""@fr"
480,"""Puma evoSPEED 5.4 FG - Amarillo/Azul/Blanco""@es "" Puma Botas de futbol-Terrenos firmes-Amarillo/Azul/Blanco ""@es"
481,"""Nike MercurialX Proximo II Ronaldo IC - Seaweed/Volt/Hasta/White""@en "" Nike Mens Boots Indoor Seaweed/Volt/Hasta/White ""@en"
482,"""Nike Sportswear Air Max 1 Ultra SE - Pure Platinum""@fr "" Chaussures homme Nike Platinum ""@fr"
483,"""Buty Puma Esito Classico SG - Czarny-Biały-Brązowy""@pl "" Korki Buty piłkarskie Miękkie podłoże Mokra trawa Tepy Czarny-Biały-Brązowy 10333301 ""@pl"
484,"""Puma SPEED 300 S DISC - Azul/Rojo/Blanco""@es "" Puma -Zapatillas para hombre- Azul/Rojo/Blanco ""@es"
485,""" Hogan Sneakers Interactive aus Wildleder in Nachtblau ""@de ""Hogan Nachtblau""@de"
486,"""Concave Volt 1.0 SG - Noir/ Blanc""@fr "" Chaussures de football Concave homme terrain gras noir blanc ""@fr"
487,"""Tennis Classic CS""@en"
488,"""Sneakers buty Nike Air Force 1 '07 Low midnight navy / white (488298-436)""@pl (488298-436) | Bludshop.com""@pl"
489,"""Basketball shoes Air Jordan XIII Retro ""@en 4815 | Shoes \ - Basketball shop Basketmania""@en"
490,"""Puma Speed 300 IGNITE - Blanc-Bleu Atomique-Rouge""@fr "" Puma chaussures pour homme blanc-bleu atomique-rouge ""@fr"
491,"""Puma evoTouch Pro FG – The Soccer Factory""@en-US"
492,"""Puma evoSPEED 1.3 Graphic FG - Bianco/Pino Mare/Rosso Alto Rischio""@it "" Scarpe da Calcio Puma Terreni Comapatti Bianco-Pino Mare-Rosso Rischio 10330401 ""@it"
493,"""Nike Tiempo Genio II Leder FG - Clear Jade/Zwart/Volt""@nl "" Nike Heren Voetbalschoenen Ferme Grond Jade-Zwart-Volt ""@nl"
494,"""Nike Tiempo Rio III SG - Giada Clear/Nero/Volt""@it "" Nike Scarpe Uomo Terreni Morbidi Clear/Nero/Volt ""@it"
495,"""Nike Sportswear Air Force 1 Mid 07 - White""@en "" Mens Shoes Nike White / 315123-111 ""@en"
496,"""Puma evoPOWER 4.3 Kids FG - Safety Yellow/Black/Atomic Blue""@en "" Puma Junior Boots Firm Ground Blue ""@en"
497,"""Asics Donna Gel-Pulse 8 - Rosa Diva/Bianco/Viola Scuro""@it "" Asics Scarpe Scuro ""@it"
498,"""Nike Sportswear Womens Classic Cortez Nylon - Black""@en "" Shoes Nike Black / White 749864-011 ""@en"
499,"""Nike Free Run Flyknit para mujer-Negro/Blanco""@es "" Nike mujer-Zapatillas mujer-Negro/Blanco ""@es"
500,"""Nike Tiempo Legend VI SG-Pro - Nero/Bianco/Nero/Oro Metallico""@it "" Nike Scarpe Uomo Terreni Morbidi Metallico ""@it"
501,"""Nike Femme Free Run - Bleu/ Noir/ Carmin""@fr "" Nike chaussures pour femme bleu noir carmin ""@fr"
502,"""Chłopięce Nike Sportswear Air Max Tavas - Hyper Kobalt/Biały/Ciemny Niebieski Royal""@pl "" Chłopięce buty Royal 814443-401 ""@pl"
503,"""Nike Flex 2016 Run - Blu Racer/Nero-Blu Glow/Bianco""@it "" Nike Racer/Nero-Scarpe Uomo Glow/Bianco ""@it"
504,"""NIKE MERCURIAL VICTORY FG""@de FG - FUßBALLSCHUHE NOCKEN Nike Farbe Weiß 651632 107 Der Online-Shop für deine Sportbekleidung""@de"
505,"""Air Jordans 13 Retro French Blue/Flint Grey-White For Sale""@en-US Sale | 2017 Air Jordan Shoes""@en-US"
506,"""Asics Donna Fuze X - Nero/Rosa Diva""@it "" Asics Scarpe Diva ""@it"
507,"""Nike Tiempo Legacy II FG - Nero/Bianco/Arancione Hyper/Volt""@it "" Nike Scarpe Uomo Terreni Copmpatti Hyper/Volt ""@it"
508,"""GEL-CUMULUS 19""@nl-nl 19 | Women Women's Road Running Shoes ASICS""@nl-nl"
509,"""Dziecięce buty Concave Halo+ FG - Czarny/Złoty""@pl "" Dziecięce piłkarskie Trawa naturalna Lanki Czarny/Złoty ""@pl"
510,"""Asics Hyper MD 6 Running Spikes SS15 0743""@en 0743 · ah""@en"
511,"""Nike Free Trainer 3.0 V4 - Black/Blue Lagoon/Brigade Blue/Pure Plantinum""@en "" Mens Shoes Nike Plantinum 749361-044 ""@en"
512,"""PUMA BASKET PLATFORM PATENT WN'S""@pl ""Puma ✓ Darmowa dostawa do domu ★ sklep Sizeer ★""@pl"
513,"""Puma evoSPEED SL FG - Lave/Blanc/Eclipse Totale""@fr "" Puma chaussures homme terrain sec lave-blanc-eclipse totale ""@fr"
514,"""GEL-SONOMA 3 G-TX FÜR HERREN""@de-at HERREN | Men Men's Trail Running & Hiking Shoes ASICS""@de-at"
515,"""Air Jordan 10 Retro “Steel” White/Black-Light Steel Grey-Varsity Red 2013 Release""@en-US Release – Hoop Jordan""@en-US"
516,"""Nike Magista Onda II TF - Volt/ Noir/ Orange""@fr "" Nike chaussures pour homme terrain synthetique volt noir orange ""@fr"
517,"""Nike Zoom Speed Trainer Men's Training Shoes - Black/White""@en ""Clearance Footwear""@en"
518,"""Air Jordan 1 Mid"" ""Nike Air Mid - 554724-110 | everysize.com"""
519,"""Survêtement Nike Academy 16 Knit 2 - Rouge Université/ Noir/ Gym/ Blanc""@fr "" survetement teamwear football homme rouge universite noir gym blanc ""@fr"
520,"""Nike Mercurial Veloce II SG-Pro - Bright Mango/Metallic Silver/Hyper Turq""@en "" Nike Mens Boots Soft Ground Turq ""@en"
521,"""Under Armour ClutchFit Force 2.0 FG - Nero/Graffite/Giallo High-Vis""@it "" Under Scarpe Uomo Terreni Compatti High-Vis ""@it"
522,"""Diadora B.Original - Rouge Tibetain""@fr "" chaussures homme Diadora Tibetain ""@fr"
523,"""Nike Sportswear Womens Air Zoom Mariah Flyknit Racer PRM - Black""@en "" Shoes Nike Fk Prm Black-White 917658-002 ""@en"
524,""" Air Jordan 4 Retro ""pure money""""@en ""Air money"" - Pre Order – The Sneaker Authority""@en"
525,"""Nike Sportswear Air Max Tavas (GS) - Cobalt/ Blanc/ Bleu Royal""@fr "" Nike chaussures pour enfant cobalt blanc bleu royal ""@fr"
526,"""Asics Gel-Zaraca 4 - Nero/Onice/Giallo Flash""@it "" Asics Scarpe Uomo Flash ""@it"
527,"""Under Armour ClutchFit Force 2.0 FG -Negro/Grafito/Amarillo Hi-Vis""@es "" Under -Botas de futbol-Terrenos firmes-Negro/Grafito/Amarillo Hi-Vis ""@es"
528,"""Concave Volt + SG - Nero/Rosa""@it "" Concave Scarpe Uomo Terreni Morbidi Nero/Rosa ""@it"
529,"""Puma Junior evoSpeed 4.2 AG - Blu/Pesca""@it "" Scarpe da Calcio Puma Erba Artificiale Blu-Pesca ""@it"
530,"""Nike Sportswear Air Max 90 Mid Winter - Czarny""@pl "" Nike Obuwie męskie Czarny ""@pl"
531,"""Asics Gel-Zaraca 4 - Azul/Negro""@es "" Asics Zapatillas para hombre-Azul/Negro ""@es"
532,"""GEL-BLADE 5""@fr-fr 5 | Men Chaussures de squash & badminton pour hommes ASICS""@fr-fr"
533,"""Nike Tiempo Legend VI FG Enfant - Noir/ Blanc/ Or""@fr "" Nike chaussures pour enfant terrain sec noir blanc or ""@fr"
534,"""Air Jordan Retro"" ""Nike Air Retro - 378037-123 | everysize.com"""
535,"""Puma Liga Classico FG - Black/White/Puma Silver""@en "" Puma Silver ""@en"
536,"""Air Jordan 5 Retro Low""@en"
537,"""NIKE AIR VIBENNA PREM""@pl ""Nike Vibenna ✓ Damskie Męskie i Dziecięce Darmowa dostawa ★ Sizeer ★""@pl"
538,"""GEL-RESOLUTION 7 FÜR HERREN""@de-de HERREN | Men TENNIS-SCHUHE ASICS""@de-de"
539,"""Nike Hypervenom Phatal II DF Piel FG-Negro/Naranja""@es "" Nike FG-Botas de futbol Nike- Cesped Firme-Negro-Naranja ""@es"
540,"""NITROFUZE""@fr-be ""NITROFUZE | Men CHAUSSURES DE COURSE À PIED POUR HOMMES ASICS""@fr-be"
541,"""Nike F.C. Free Hypervenom 2 - Black""@en "" Mens Shoes Nike Black / Team Red-Team Red-Metallic Gold 747140-006 ""@en"
542,"""Puma evoSPEED 1.5 FG - Noir Puma/ Blanc Rouge""@fr "" Puma chaussures pour homme terrain sec noir blanc rouge ""@fr"
543,"""Nike Junior Mercurial Victory V SG - Cremise Acceso/Violetto Persiano/Nero""@it "" Scarpe da Calcio Nike Terreni Morbidi Persiano/Nero ""@it"
544,"""Nike Lunarglide 7 (GS) Fille - Noir / Argent Blanc Rose""@fr "" Nike chaussures enfant noir-argent-blanc-rose ""@fr"
545,"""Nike Sportswear Air Footscape Magista Flyknit - Blu royal Intenso""@it "" Scarpe Uomo Nike Intenso ""@it"
546,""" Keen McKenzie Brindle/Ensign Red ""@fr ""Keen - ch_fr""@fr"
547,"""JORDAN 5 “CAMO”""@en-US “CAMO” | The Basement Clothing""@en-US"
548,"""Nike Air Max 90 Ultra Essential black / black-dark grey-white (819474-013)""@eu (819474-013) | Bludshop.com""@eu"
549,"""‘48 by Hadrian""@en ""The Collection | Undandy Custom made Handcrafted Men's Shoes""@en"
550,"""Puma Speed 1000 S IGNITE - Quarry-Atomic Blue-White""@en "" Puma Mens Shoes Blue-White ""@en"
551,"""Nike Free Run Distance para mujer-Violeta/Morado/Azul""@es "" Nike mujer-Zapatillas mujer-Violeta/Morado/Azul ""@es"
552,"""Nike Enfant Hypervenom Phelon II FG - Noir/ Volt""@fr "" Nike chaussures pour enfant terrain sec noir volt ""@fr"
553,"""NIKE MERCURIAL VICTORY IV FG""@es FG - BOTAS FÚTBOL CON TACOS Nike color Amarillo 555613 703 Equipamiento deportivo y casual""@es"
554,""" Keen Chandler CNX Black/Gargoyle ""@es ""Keen - es""@es"
555,"""Air Max 90 Essential"" ""Nike Air Essential - 537384-201 | everysize.com"""
556,"""NIKE TIEMPO LEGEND VI FG""@en apparel and sports equipment""@en FG - MAN SOCCER SHOES Nike colour Black 819177 010 Athletic footwear"
557,"""Puma Junior evoPOWER 4.3 FG - Blu/Bianco Puma/Arancione""@it "" Puma Scarpe Uomo Terreni Compatti Puma/Arancione ""@it"
558,"""Classic Polo""@en ""Women's Chiffon Trim Vest in White Linen from Crew Clothing""@en"
559,"""Nike LunarGlide 7 Flyknit Men's Running Shoes FA15 001""@en 001 · Nike Mild Support Trainers ah""@en"
560,"""Air 1 Mid"" ""NIKE JORDAN Air Mid - 554724-110 | everysize.com"""
561,"""Nike Womens Pro Rival Bra - White/Black/Black""@en "" Nike Clothing White/Black/Black ""@en"
562,"""Fersea Knee High Riding Boots""@en ""Salvatore Ferragamo Fersea Boots | SHOPBOP""@en"
563,"""Nike Train Speed 4 - Black/Blue Glow/White""@en "" Nike Mens Shoes Regular Training Glow/White ""@en"
564,"""Free Hypervenom 2""@en"
565,"""Nike Air Force 1 '07 WB"""
566,""" Scarpa Mojito Coral Red ""@fr ""Scarpa - ca_fr""@fr"
567,"""Puma Kids evoPOWER 3.3 FG - Blue Yonder/Puma White/Shocking Orange""@en "" Puma Orange Junior Boots Firm Ground ""@en"
568,"""adidas Adipure 360.4 W"" W comprare e offerta su Traininn"""
569,"""Puma evoSPEED 3.4 Cuir FG - Noir/ Jaune/ Blanc""@fr "" Puma chaussures pour homme terrain sec noir jaune blanc ""@fr"
570,"""Puma Junior evoSPEED 5.5 Tricks FG - Rosa Glo/Giallo Safety/Nero""@it "" Puma Scarpe Terreni Compatti Safety/Nero ""@it"
571,"""Puma evoSPEED SL FG - Eclisse Totale/Lava Blast/Bianco""@it "" Puma Scarpe Uomo Terreni Compatti Totale-Lava Blast-Bianco ""@it"
572,"""2018 Air Jordan 13 “Olive” Black/True Red-Light Olive Cheap Sale""@en-US Sale | Jordans 2017""@en-US"
573,"""Nike Lunartempo 2 - NeroAntracide""@it "" Nike Scarpe Uomo NeroAntracide ""@it"
574,""" Keen Presidio Black ""@cs ""Keen - cz""@cs"
575,"""ASICS Gel-Quantum 360 Knit - White/Snow/Silver""@en "" ASICS White/Snow/Silver Mens Shoes T728N-0100 ""@en"
576,"""Puma evoPOWER 1.3 FG - Safety Yellow/Black/Atomic Blue""@en "" Puma Mens Shoes Firm Ground Blue ""@en"
577,"""Nike Zoom Winflo 3 - Nero/Bianco/Anthracide""@it "" Nike Abbigliamento Uomo Nero/Bianco/Anthracide ""@it"
578,"""Nike Ragazza Air Max 2016 (GS) - Rosa Hyper""@it "" Scarpe Nike Hyper ""@it"
579,"""Nike Tiempo Legend V FG - Black/Volt/White""@en "" Nike Football Boots Firm Ground Soccer Cleats Black-Volt-White ""@en"
580,"""Nike Womens Free Run Flyknit - Nero/Bianco""@it "" Nike Scarpe Uomo Nero/Bianco ""@it"
581,""" Air Jordan 5 X Supreme ""camo"" ""@en ""Air - – The Sneaker Authority""@en"
582,"""Puma Classico SG Junior - Zwart/Wit/Puma Goud""@nl "" Puma Voetbalschoenen Zachte Grond Kinderen Zwart-Wit-Puma Goud 10335201 ""@nl"
583,"""ASICS FUZEX LYTE 2""@pl 99 PLN | Running T719N4990 - UP8.com""@pl 2 NIEBIESKI 299"
584,""" Air Jordan 1 Retro Hi OG ""Royal Blue"" 2017""@en ""Air 2017 - – The Sneaker Authority""@en"
585,"""Air Jordans 6 Retro Infrared 23/Black-Infrared 23 For Sale""@en-US Sale | 2017 Air Jordan Shoes""@en-US"
586,"""Adidas Velleio Men's Shoes - White/Black/Silver""@en ""Running and Training""@en"
587,"""Nike Sportswear Air Max 1 Ultra SE - Platino/Azul""@es "" Zapatillas para hombre-Nike Platino/Azul ""@es"
588,"""David Spencer Marco Casual Shoes""@en "" David Shoes at GlobalGolf.com ""@en"
589,"""NIKE WMNS AIR FORCE 1 HI SE""@pl 99 PLN | Lifestyle 860544002 - UP8.com""@pl SE CZARNY 369"
590,""" Keen McKenzie Brindle/Ensign Red ""@pt ""Keen - pt""@pt"
591,"""Nike Junior Hypervenom Phantom II FG - Volt/Nero/Hyper Turchese""@it "" Nike Scarpe Terreni Compatti Turchese ""@it"
592,"""ASICS GEL NOOSA TRI 11""@de 11 - HERREN LAUFSCHUHE Asics Farbe Vielfarbig T626N 9601 Der Online-Shop für deine Sportbekleidung""@de"
593,"""Puma evoPOWER 4.3 Youth FG - Safety Yellow/Black/Atomic Blue""@en "" Puma Mens Boots Firm Ground Blue ""@en"
594,"""Shoes WMNS Air Force 1 Mid 07 LE""@en LE 7530 | %SALE% \ Shoes - Basketball shop Basketmania""@en"
595,""" Keen Daytona Black Olive ""@de ""Keen - ch_de""@de"
596,"""Puma evoPOWER 2.3 FG - Bleu/ Blanc Puma/ Orange""@fr "" Puma chaussures pour homme terrain sec bleu blanc orange ""@fr"
597,"""Nike Free Run - Concorde/ Noir/ Cobalt/ Bleu Photo""@fr "" Nike chaussures pour homme concorde noir cobalt bleu photo ""@fr"
598,"""Ariat Men's Fuse Rodeo Red Mesh Shoes""@en Shoes | Boot Barn""@en"
599,"""Nike MercurialX Pro IC Kinder - Schwarz/Gold/Rot""@de "" Nike Kinderschuhe Indoor Hallenboden Schwarz/Gold/Rot ""@de"
600,"""Basket Classic LFS"" ""Puma Basket LFS - 354367-17 | everysize.com"""
601,"""Nike Hypervenom Phatal II DF FG -Blanco/Negro/Naranja total/Volt""@es "" Nike -Botas de futbol-Blanco/Negro/Naranja total/Volt ""@es"
602,"""Nike Benassi Solarsoft 2 Slide Sandals - Midnight/Lyon Blue""@en ""Sandals""@en"
603,"""Nike Mercurial Vapor XI FG - Cremise Totale/Volt/Rosa Blast""@it "" Nike Scarpe Uomo Terreni Compatti Blast ""@it"
604,"""Suede Classic +"" ""Puma Suede + - 352634-05 | everysize.com"""
605,"""Nike Magista Obra II FG - Rio/Volt/Obsidiana/Jade claro""@es "" Nike -Botas de futbol-Rio/Volt/Obsidiana/Jade claro ""@es"
606,"""Nike Lunarglide 7 - Noir/ Blanc/ Anthracite""@fr "" Nike chaussures pour homme noir-blanc-anthracite ""@fr"
607,"""Nike Junior Mercurial Vortex III FG - Nero/Rosa Blast""@it "" Scarpe Nike Terreni Compatti Blast ""@it"
608,"""Puma evoSPEED 3.5 Piel FG - Blanco/Negro/Naranja""@es "" Puma Botas de futbol-Terrenos firmes-Blanco/Negro/Naranja ""@es"
609,"""Buty Concave Halo2.0 FG - Czarny/Czarny""@pl "" Męskie buty piłkarskie Trawa naturalna Czarny ""@pl"
610,"""Nike Tiempo Legend SG-Pro - Anthracite/Black/Volt""@en "" Nike Soccer Cleats Soft Ground Anthracite/Black/Volt ""@en"
611,"""Puma Classico SG Kids - Black/White/Puma Gold""@en "" Puma Gold ""@en"
612,"""GEL-QUANTUM 360 KNIT""@it-it KNIT | Women Easy Running ASICS""@it-it"
613,"""GEL-LYTE III""@es-es III | Men Men's Sneakers ASICS Tiger""@es-es"
614,"""Nike HypervenomX Finale TF - Volt/Negro/Hyper turquesa""@es "" Nike -Zapatillas de futbol-Volt/Negro/Hyper turquesa ""@es"
615,"""INTERACTIVE SNEAKER""@en SNEAKER Hogan Women Shoes | Brunarosso.com""@en"
616,"""Nike Tiempo Legend V FG - Blu Laguna/Bianco/Volt/Nero""@it "" Nike Scarpe Calcio Uomo Terreni Compatti Laguna/Bianco/Volt/Nero ""@it"
617,"""GEL-RESOLUTION 7""@nl-nl 7 | Men TENNISSCHOENEN VOOR HEREN ASICS""@nl-nl"
618,"""Nike Sportswear Womens Air Max Zero - Glacier Blue""@en "" Shoes Nike Blue/Black-Ivory-Palm Green 857661-400 ""@en"
619,"""Buty Nike Hypervenom Phantom FG - Volt/Perski fiolet/Lava/Czarny""@pl "" Korki Buty piłkarskie Intense Heat Twarde podłoże Trawa naturalna Lanki 599843-758 Volt-Perski fiolet-Lava-Czarny ""@pl"
620,"""ASICS Gel-Lyte III (H7M4L 0202) Sneakers for Men @ upclassics"""
621,"""NIKE BENASSI JDI""@en JDI - MAN FREE TIME SLIPPERS Nike colour Blue 343880 403 Athletic footwear apparel and sports equipment""@en"
622,"""Air Jordan 11 Low White/Varsity Red (Size 36~46)""@en-US 36~46) – Hoop Jordan""@en-US"
623,"""SCARPA DA CORSA GEL-DS TRAINER 22 NC DONNA""@it-it DONNA | Women Women's Fast Running Shoes ASICS""@it-it"
624,"""Nike Magista Opus FG - Violet/ Argent/ Vert""@fr "" Nike chaussures pour homme terrain sec violet argent vert ""@fr"
625,"""Buty Puma Suede Classic Eco - Czerwone/Białe""@pl "" Buty męskie Czerwone-Białe ""@pl"
626,"""Puma evoSPEED 4.4 FG - Lava Blast/Bianco/Eclisse Totale""@it "" Puma Scarpe Uomo Terreni Compatti Blast-Bianco-Eclisse Totale ""@it"
627,"""Concave Halo 1.0 FG - Zwart/Goud""@nl "" Concave Heren Voetbalschoenen Ferme Grond Zwart-Goud ""@nl"
628,"""Nike Tiempo Mystic V FG - Pure Platinum/Black/Hyper Orange""@en "" Nike Mens Soccer Shoes Firm Ground Orange ""@en"
629,"""Basket Puma Top Winner Mesh - Bleu/Jaune""@fr "" Basket Bleu/Jaune ""@fr"
630,"""Nike Tiempo Legend V FG - Bleu Lagon/ Blanc/ Volt/ Noir""@fr "" Nike chaussures pour homme terrain sec- bleu lagon-blanc-volt-noir ""@fr"
631,"""BUTY MĘSKIE NIKE AIR FORCE 1 Mid 07 All White 366731-100 ""@pl Jordan ""Buty Męskie Nike Air Force Buty Adidas""@pl"
632,"""Air Jordan 6 Retro GS Premium “Heiress”Black White Girls Size For Sale""@en-US Sale | Shoes""@en-US"
633,"""ASICS Tiger GEL-Kayano Trainer Evo - Nero""@it "" ASICS Nero ""@it"
634,"""Nike Mercurial Victory V FG - Mangue/ Argent/ Turquoise""@fr "" Nike chaussures pour homme terrain sec mangue argent turquoise ""@fr"
635,"""NIKE AIR MAX 90 ESSENTIAL ""@pl | BIALY 579.99 PLN Sneakersy 537384111""@pl"
636,"""Nike Mercurial Vapor X Pelle FG - Osso Chiaro/Nero/Nero""@it "" Nike Scarpe Uomo Terreni Compatti Chiaro-Nero-Nero ""@it"
637,"""Asics Donna Fuze X Lyte - Onice/Bianco/Turchese""@it "" Asics Scarpe Onice/Bianco/Turchese ""@it"
638,"""Nike Air Zoom Pegasus 33 - Czarny/Biały/Antracyt/Zimnoszary""@pl "" Nike Czarny/Biały/Antracyt/Zimnoszary ""@pl"
639,"""Nike Sportswear Air Max 1 (GS) - Black / Vivid Pink White""@en "" Nike Girls Shoes White ""@en"
640,"""RUN AWAY""@fr ""Lunettes de soleil Runway marron. - RUN AWAY | Fendi ""@fr"
641,"""Puma evoSPEED 5.4 FG - Safety Yellow/Atomic Blue/White""@en "" Puma Mens Shoes Firm Ground Blue/White ""@en"
642,"""Puma Speed 300 IGNITE - White-Atomic Blue-Red Blast""@en "" Puma Mens Shoes Blast ""@en"
643,"""Concave Junior Volt+ FG - Nero/Oro""@it "" Concave Scarpe Terreni Compatti Nero/Oro ""@it"
644,"""Puma Suede Classic+ - Zwart""@nl "" Heren Schoenen Puma Trainers Sportschoenen Zwart ""@nl"
645,"""NIKE Air Max 90 Essential (537384-201) Sneakers for Men @ upclassics"""
646,"""PUMA EVOTOUCH 2 FG""@en FG - MAN SOCCER SHOES Puma colour Black 103693 01 Athletic footwear apparel and sports equipment""@en"
647,"""ASICS Gel-Lyte III - Noir""@fr "" chaussures pour homme ASICS noir ""@fr"
648,"""Asics Lethal Speed SG - Blu Elettrico/Bianco/Giallo Flash""@it "" Asics Scarpe Uomo Elettrico-Bianco-Giallo Flash ""@it"
649,"""Nike Damen Free Run - Blau/Schwarz/Rot""@de "" Nike Trainingsschuhe Blau/Schwarz/Rot ""@de"
650,"""Nike Mercurial Vapor X Cuir FG - Blanc/ Noir""@fr "" Nike chaussures pour homme terrain sec blanc noir ""@fr"
651,"""Nike Flex 2016 Run - Bleu/ Noir/ Blanc""@fr "" Nike chaussures pour homme bleu noir blanc ""@fr"
652,"""Nike Tiempo Genio II Cuir FG - Rouge/ Argent""@fr "" Nike chaussures pour homme terrain sec rouge argent ""@fr"
653,"""Nike F.C. Air Footscape Magista FK - Rouge""@fr "" Nike chaussures pour homme rouge noir or ""@fr"
654,"""Nike Air Vapormax Flyknit ""@it ""NIKE AIR VAPORMAX FLYKNIT nera - AW LAB""@it"
655,"""Nike Mercurial Victory V FG Enfant - Blanc/ Noir/ Volt/ Orange Total""@fr "" Nike chaussures pour enfant terrain sec blanc noir volt orange total ""@fr"
656,""" Air Jordan 13 Retro ""playoff"" 2017""@en ""Air 2017 - Pre Order – The Sneaker Authority""@en"
657,"""Nike Tiempo Legend VI FG Junior - Zwart/Wit/Metallic Goud""@nl "" Nike Kids Voetbalschoenen Ferme Grond Zwart-Wit-Metallic Goud ""@nl"
658,"""Concave Quantum+ FG - Blanco/Rosa""@es "" Concave Botas de futbol-Terrenos firmes-Blanco/Rosa ""@es"
659,"""NIKE HYPERVENOM PHELON FG""@en FG - MAN SOCCER SHOES Nike colour White 749896 108 Athletic footwear apparel and sports equipment""@en"
660,"""Joma Propulsion 3.0 FG - Noir/ Argent/Blanc""@fr "" Joma chaussures pour homme terrain sec noir-argent-blanc ""@fr"
661,"""Nike femme Lunartempo - Orange/Noir/Blanc""@fr "" Chaussures Nike Orange-Noir-Blanc ""@fr"
662,"""Nike Donna Air Zoom Pegasus 33 - Nero/Bianco/Antracide/Grigio""@it "" Nike Scarpe Nero/Bianco/Antracide/Grigio ""@it"
663,"""NIKE AIR MAX 90 ULTRA 2.0 LTR""@pl ""Nowości Nike 2017 | Sklep Sizeer""@pl"
664,"""KANMEI GS""@nl-nl GS | Unisex HARDLOOPSCHOENEN VOOR KINDEREN ASICS""@nl-nl"
665,"""Nike Donna Air Zoom Pegasus 33 - Viola/Bianco/Lyl Bl/Nero/Rosa""@it "" Nike Abbigliamento Bl/Nero/Rosa ""@it"
666,"""Puma evoPOWER 4.3 FG - Bleu/ Blanc Puma/ Orange""@fr "" Puma chaussures pour homme terrain sec bleu blanc orange ""@fr"
667,"""Air Jordans 6 Retro Black/Infrared For Sale""@en-US Sale | 2017 Air Jordan Shoes""@en-US"
668,"""Nike Zoom Winflo 3 - Azul/Negro/Blanco""@es "" Nike Zapatillas para hombre-Azul/Negro/Blanco ""@es"
669,"""Air Jordan XI ""Midnight Navy"""""
670,"""Concave Quantum + SG - Nero/Bianco""@it "" Concave Scarpe Uomo Terreni Morbidi Nero/Bianco ""@it"
671,"""Nike Sportswear Air Max 90 Lederschuhe - Schwarz""@de "" Nike Freizeitschuhe Herrenschuhe Schwarz 302519-001 ""@de"
672,"""Classic Cortez Nylon""@en"
673,""" Scarpa Mojito Coral Red ""@de ""Scarpa - ch_de""@de"
674,"""Nike Jr Mercurial Victory V SG - Bright Crimson/Persian Violet/Black""@en "" Junior Nike Football Boots Soft Ground Kids Soccer Cleats Violet/Black ""@en"
675,"""Concave Volt 1.0 SG - Noir/ Rose""@fr "" Concave chaussures pour homme terrain gras noir-rose ""@fr"
676,"""Nike SB Stefan Janoski White / Wolf Grey""@en"
677,"""2018 Air Jordan 13 Black/True Red-Light Olive For Sale""@en-US Sale | New Jordans 2015""@en-US"
678,"""NIKE AIR MAX 90 ULTRA 2.0 LTR""@pl ""Nike ✓ Darmowa dostawa do domu ★ sklep Sizeer ★""@pl"
679,"""Asics Gel-Trounce 3 - Indigo Blue/Silver/Flash Yellow""@en "" Asics Mens Shoes Yellow ""@en"
680,"""Puma evoSPEED SL S II FG - Noir Puma/ Blanc Rouge""@fr "" Puma chaussures pour homme terrain sec noir blanc rouge ""@fr"
681,""" Keen Alamosa Chocolate Brown / Bronze Green ""@en ""Keen - en""@en"
682,"""Air Max 90 Essential"" ""Nike Air Essential - 616730-113 | everysize.com"""
683,"""Nike Mercurial Vortex III FG - Laser Orange/Black"" "" Nike 831969-002 AuthenticSoccer.com"
684,"""Concave Halo+ Enfant FG - Bleu/ Blanc""@fr "" Concave enfant chaussures pour terrain sec bleu-blanc ""@fr"
685,""" Nike Air Max 97 - Summit White ""Nike 921826-100 sneakAvenue"""
686,"""Nike Sportswear Air Footscape Magista Flyknit - Karminrot/Schwarz/Gold""@de "" Nike Herren Trainingsschuhe Karminrot/Schwarz/Gold ""@de"
687,""" Air Jordan 7 Retro ""pantone"" ""@en ""Air - Mens Footwear – The Sneaker Authority""@en"
688,"""Nike Zoom Train Complete - Black/Anthracite/White""@en "" Nike Mens Shoes Regular Training Black/Anthracite/White ""@en"
689,"""Nike Free Trainer 3.0 V4 - Schwarz/Lagunenblau/Blau/Platin""@de "" Nike Herren Trainingsschuhe Schwarz/Lagunenblau/Blau/Platin ""@de"
690,"""Nike Zoom Trout 4 Low Men's Turf Shoes - Black/University Red/Wolf Grey""@en ""New Items""@en"
691,"""Nike Sportswear Roshe Run - Azul marino/Negro/Blanco""@es "" Nike -Zapatillas para hombre-Deportivas- marino/Negro/Blanco ""@es"
692,"""Nike Mercurial Vapor XI FG - Carmin/ Volt/ Rose""@fr "" Nike chaussures pour homme terrain sec carmin volt rose ""@fr"
693,"""Asics Gel-Noosa Tri 11 (T676Q-0101)""@es-ES (T676Q-0101) - footstop""@es-ES"
694,""" Keen Chandler CNX Black/Gargoyle ""@fr ""Keen - ch_fr""@fr"
695,"""Nike Magista Obra II FG Enfant - Turquoise Rio/ Volt/ Obsidienne/ Jade""@fr "" Chaussures de football Terrain sec Nike rio Volt Obsidienne Jade I Pro Direct Soccer ""@fr"
696,"""Gel Kayano 24 Lite-Show M"" ""Asics"""
697,"""Nike Dri-Fit Cushioned N 3 Pair Pack"" Pack anfugen und sonderangebote Runnerinn"""
698,""" Nike Air Max 1 Premium SC - Team Red ""Nike 918354-600 sneakAvenue"""
699,"""Chanclas Nike Sportswear Benassi Just Do It - Azul/Blanco""@es "" Chanclas para la ducha-Azul/Blanco ""@es"
700,"""Nike MercurialX Finale II IC - Purple Dynasty/Bright Citrus""@en "" Nike Mens Boots Indoor Citrus ""@en"
701,"""adidas Adipure 360.4 W"" W acheter et offres sur Traininn"""
702,"""Nike Lunartempo Femme - Bleu Royal/ Fuchsia""@fr "" Nike femme chaussures pour bleu royal-fuschia ""@fr"
703,"""ASICS GEL-LYTE III ""@pl | GRANATOWY 379.99 PLN Sneakersy H5Z2N5001""@pl"
704,"""Buty damskie NIKE Roshe Run 511881-010 CZARNE ""@pl Jordan Damskie Nike Czarne ROSHE RUN Buty Adidas""@pl"
705,"""Nike F.C. Air Footscape Magista FK - Rot""@de "" Nike Herren Trainingsschuhe Rot ""@de"
706,"""GEL-LYTE V""@de-de V | Unisex Men's Sneakers ASICS Tiger""@de-de"
707,"""Nike Sportswear Womens Air Max Ultra BW - Black""@en "" Shoes Nike Black / Pure Platinum White 819638-001 ""@en"
708,"""Buty Puma Classico SG Junior - Czarny-Biały-Złoty""@pl "" Korki Dziecięce buty piłkarskie JR Miękkie podłoże Mokra trawa Tepy Czarny-Biały-Złoty 10335201 ""@pl"
709,"""Nike Magista Opus FG - Hyper Uva/Plateado metalizado/Verde fantasma""@es "" Nike Botas de futbol-Terrenos firmes- fantasma ""@es"
710,"""Nike Air Max Zero Essential - Negro""@es "" Zapatillas para hombre Retro Running Nike Negro 876070-010 ""@es"
711,"""ASICS GEL GT 2000 3""@fr 3 - CHAUSSURES COURSE HOMME Asics couleur Bleu T500N 4207 Anima Sportiva Sport boutique""@fr"
712,"""Under Armour Corespeed Force 3.0 FG - Black""@en "" Under CoreSpeed Mens Soccer Cleats Firm Ground 1278818-006 Black/Black/Neon Coral ""@en"
713,"""Roshe One GS"" ""Nike Roshe GS - 599728-020 | everysize.com"""
714,"""Puma EvoTouch 1 FG - Black/White/Safety Yellow"" "" Puma 103672-01 AuthenticSoccer.com"
715,"""Nike F.C. Zoom Mercurial XI FK - Rojo""@es "" Nike CR7-Zapatillas-Deportivas Nike-Rojo ""@es"
716,"""Nike Kawa Adjustable Men's Slide Sandals - White/Black/White""@en ""Sandals""@en"
717,"""Pantalon Imperméable Nike Foundation 12 - Noir/ Blanc""@fr "" pantalon impermeable equipement pour hommes football -noir-blanc ""@fr"
718,"""Concave Quantum 1.0 FG - Bianco/Lime""@it "" Concave Scarpe Uomo Terreni Compatti Bianco/Lime ""@it"
719,"""GEL-FUJILYTE""@en-de ""GEL-FUJILYTE | Men Men's Trail Running & Hiking Shoes ASICS""@en-de"
720,"""ASICS GEL-KAYANO""@pl GEL-KAYANO | NIEBIESKI 299.99 PLN Sneakersy H621N4950""@pl"
721,"""Cheap Nike Air More Uptempo White-Gum Sale""@en-US Sale | Cheap Jordans 2017""@en-US"
722,"""Nike Tiempo Legacy FG - Antracide/Nero/Volt""@it "" Nike Scarpe Uomo Terreni Compatti Antracide-Nero-Volt ""@it"
723,"""NIKE TIEMPO LEGACY II FG""@de FG - FUßBALLSCHUHE NOCKEN Nike Farbe Weiß 819218 108 Der Online-Shop für deine Sportbekleidung""@de"
724,"""Tennis Classic"" ""Nike Tennis Classic - 312498-130 | everysize.com"""
725,"""Air Force 1 Mid 07""@en"
726,"""Nike Mercurial Vapor XI CR7 FG – The Soccer Factory""@en-US"
727,"""Nike Tiempo Legacy FG - Anthracite/Black/Volt""@en "" Nike Mens Boots Firm Ground Anthracite/Black/Volt ""@en"
728,"""Nike Sportswear Air Max 90 Ultra Moire - Bleu Marine/ Blanc""@fr "" Nike chaussures pour homme bleu marine blanc ""@fr"
729,"""Nike Junior Sportswear Roshe One (GS) - Nero/Grigio Cool""@it "" Nike Scarpe Cool ""@it"
730,"""Roshe One GS"" ""Nike Roshe GS - 599728-021 | everysize.com"""
731,"""Sneakers buty Puma R698 Core Leather black-black-drizzle (360601-02)""@pl (360601-02) | Bludshop.com""@pl"
732,"""Downy Unstopables Fresh In-Wash Scent Booster 9.7 oz. Plastic Bottle""@en-US - 9.7oz""@en-US"
733,"""Puma King Allround TF - Nero/Bianco/Oro""@it "" Scarpe Calcio Puma Campi Sintetici Nero/Bianco/Oro ""@it"
734,"""Air Jordan 2 Decon""@es-MX Decon – Lust México Webstore""@es-MX"
735,"""NIKE MAGISTA OLA II FG""@de FG - FUßBALLSCHUHE NOCKEN Nike Farbe Grün 844420 375 Der Online-Shop für deine Sportbekleidung""@de"
736,"""Concave Halo 1.0 FG - Nero/Oro""@it "" Concave Scarpe Uomo Terreni Compatti Nero/Oro ""@it"
737,"""Asics Gel-Lyte V Valentin´s Pack H785L-9090 ""@es ""Longlou Sneakers - Asics H785L-9090""@es"
738,"""Nike Hypervenom Phatal II Neymar FG - Black/Bright Crimson/White""@en "" Nike NJR Mens Boots Firm Ground Crimson/White ""@en"
739,"""Nike Air Zoom Pegasus 33 - Negro/Blanco/Antracita/Gris""@es "" Nike Zapatillas para hombre-Negro/Blanco/Antracita/Gris ""@es"
740,"""Nike Mercurial Vortex III FG - Laser Orange/Black/White/Volt""@en "" Nike Mens Boots Firm Ground 831969-801 Orange/Black/White/Volt ""@en"
741,"""adidas Adizero Malice FG"" FG acheter et offres sur Goalinn"""
742,"""Puma evoSPEED 4.2 AG Junior - Blue/Peach""@en "" Puma Rugby Boots Artificial Ground Sharks Blue-Fluro Peach ""@en"
743,"""2017 Air Jordan 5 “Camo” Dark Stucco/Fire Red For Sale""@en-US Sale | 11 Legend Blue"
744,"""NIKE WMNS NIKE FLEX 2017 RN""@pl ""Buty sportowe damskie obuwie dla kobiet | sklep internetowy up8""@pl"
745,"""Nike Womens Air Zoom Pegasus 33 - Dark Purple Dust/White-Lyl Bl-Pink Blast""@en "" Nike Blast Shoes 831356-501 ""@en"
746,"""Air Max Tavas"" ""Nike Air Tavas - 705149-009 | everysize.com"""
747,"""Nike Tiempo Genio II Pelle TF - Platino Puro/Nero/Arancione Hyper""@it "" Nike Scarpe Uomo Campi Sintetici Puro-Nero-Arancione Hyper ""@it"
748,"""adidas Adipure 360.4 W"" W comprar y ofertas en Traininn"""
749,"""Nike AIR Zoom Pegasus 32 Men's Training Shoes - Total Orange/Ghost Green/Black""@en ""Running and Training""@en"
750,"""Concave Quantum + FG - Bianco/Nero""@it "" Concave Scarpe Uomo Terreni Compatti Bianco/Nero ""@it"
751,"""Nike Sportswear Air Max 1 Ultra SE - Pure Platinum""@en "" Mens Shoes Nike Platinum 845038-004 ""@en"
752,"""Nike Junior Hypervenom Phelon FG - Nero/Nero/Nero/Arancione Totale""@it "" Scarpe da Calcio Nike Terreni Compatti Totale ""@it"
753,"""GT-2000 4 LITE-SHOW PLASMAGUARD""@it-it PLASMAGUARD | Men GT Series ASICS""@it-it"
754,"""Air Max 90 Essential""@en"
755,"""ASICS GEL-LYTE V ""@pl | CZARNY 299.99 PLN Sneakersy H785L9090""@pl"
756,"""Nike Sportswear Womens Air Max Thea Ultra Flyknit - Pure Platinum""@en "" Shoes Nike Platinum 881175-002 ""@en"
757,"""5 3/4"" Heel Black Str Patent Platform Boot""@en ""Wholesale Knee Stripper High Boots""@en"
758,"""Nike Tiempo Legend V FG - Blue Lagoon/White/Volt/Black""@en "" Nike Mens Boots Firm Ground Lagoon/White/Volt/Black ""@en"
759,"""Puma Junior evoPOWER 3.3 FG - Blu/Bianco Puma/Arancione""@it "" Puma Scarpe Uomo Terreni Compatti Puma/Arancione ""@it"
760,"""Nike Metcon DSX Flyknit -Gris lobo/Negro""@es "" Zapatillas de entrenamiento- Nike lobo/Negro ""@es"
761,"""Buty Asics GEL Zaraca 4 9099""@pl 9099 | BUTY \ Treningowe Rakiety do squasha badmintona i tenisa. - erakiety.com""@pl"
762,"""Nike Sportswear Roshe Run - Midnight Navy/Zwart/Wit""@nl "" Heren Schoenen Kleding Nike Navy-Zwart-Wit ""@nl"
763,"""Puma King Top K Di FG - Zwart/Wit/Goud""@nl "" Puma Ferme Grond Heren Voetbalschoenen Zwart-Wit-Goud ""@nl"
764,"""Nike Free Run Distance - Negro/Blanco/Gris""@es "" Nike Zapatillas de correr-Negro/Blanco/Gris ""@es"
765,"""Puma evoSPEED 1.4 Piel FG - Lava/Blanco/Eclipse total""@es "" Puma 1 Botas de futbol Puma- Terrenos firmes-Lava-Blanco-Eclipse total ""@es"
766,"""Nike Mercurial Veloce II SG-Pro - Jasne Mango/Metaliczne Srebro/Turkusowy""@pl "" Nike Męskie buty piłkarskie Miękka nawierzchnia Wkręty Mango Metaliczne Srebro Turkusowy ""@pl"
767,"""Pantalones impermeables Nike Foundation 12 - Negro/Blanco""@es "" Ropa para entrenamiento Nike- Pantalones -447433-010- Negro-Blanco ""@es"
768,"""2017 Air Jordan 11 ‘UNC’ White/Midnight Navy-University Blue  For Sale Sale""@en-US – Hoop Jordan""@en-US"
769,"""Nike Tiempo Mystic V FG - Giada/Nero/Volt""@it "" Nike Scarpe Uomo Terreni Compatti Giada/Nero/Volt ""@it"
770,"""Nike Sportswear Womens Benassi Just Do It - Black""@en "" Shoes Nike Black 343881-011 ""@en"
771,"""Nike Air Zoom Pegasus 32 Women's Running Shoes SP16 800""@en 800 · Nike Neutral Trainers ah""@en"
772,"""Claquettes Nike Femme Sportswear Benassi JDI Print - Bleu""@fr "" Chaussures femme Claquettes Bleu ""@fr"
773,"""Nike WMNS Air Max 90""@de 90 Schwarz 325213-043 - Purchaze""@de"
774,"""Sneakers buty Asics Gel - Lyte V latigo bay / black (H5V2L-8990)""@pl (H5V2L-8990) | Bludshop.com""@pl"
775,"""Asics Gel-Zaraca 4 - Blauw/Zwart/Zilver""@nl "" Asics Heren Hardloopschoenen Blauw-Zwart-Zilver ""@nl"
776,"""Air Jordans 14 Retro Low “Laney” Shoes For Sale""@en-US Sale | 2017 Air Jordan Shoes""@en-US"
777,"""Nike Flex 2016 Run - Rosso University/Nero/Cremise Acceso/Bianco""@it "" Nike Scarpe Uomo Acceso/Bianco ""@it"
778,""" Keen Clearwater CNX Black/Yellow ""@en ""Keen - en""@en"
779,"""Nike Sportswear Air Footscape Magista Flyknit - Bright Crimson""@en "" Mens Shoes Nike Crimson 816560-600 ""@en"
780,"""Nike Sportswear Womens Air Pegasus 89 - Black""@en "" Shoes Nike Black 844888-001 ""@en"
781,""" Patagonia Bisect Tank Turkish Delight Graphic: Black ""@fr ""Patagonia - ca_fr""@fr"
782,"""ASICS Tiger GEL-Lyte III Valentines Day Pack - Red""@en "" Mens Shoes ASICS Red H63QQ-2323 ""@en"
783,""" Nike Wmns Air Huarache Run Premium - Linen ""Nike 683818-201 sneakAvenue"""
784,"""Nike Sportswear Roshe One (GS) - Schwarz/Grau""@de "" Nike Kinderschuhe Schwarz/Grau ""@de"
785,"""Puma IGNITE v2 - Nero-Asfalto-Rosso Blast-Argento""@it "" Puma Scarpe Uomo Blast-Argento ""@it"
786,"""PUMA SUEDE CLASSIC ""@pl | CZERWONY 249.99 PLN Sneakersy 35263405""@pl"
787,""" Nike Air Force 1 Premium - Black ""Nike 905345-001 sneakAvenue"""
788,""" Therm-A-Rest NeoAir Torrent Air Pump ""@fr ""Therm-A-Rest - fr""@fr"
789,"""NIKE FREE 5.0""@de 5.0 - DAMEN FREIZEIT SCHUHE Nike Farbe Schwarz 724383 002 Der Online-Shop für deine Sportbekleidung""@de"
790,"""Nike Tiempo Legend SG-Pro - Antracide/Nero/Volt""@it "" Nike Scarpe Uomo Terreni Morbidi Antracide-Nero-Volt ""@it"
791,"""Asics Fuze X Lyte 2 - Thunder Blauw/Zwart/Wit""@nl "" Asics Heren Schoenen Hardloopschoenen Blauw/Zwart/Wit ""@nl"
792,"""Nike Alpha Huarache Men's Low Turf Shoes - Black/White""@en ""Cleated""@en"
793,"""NITROFUZE""@nl-nl ""NITROFUZE | Men HARDLOOPSCHOENEN VOOR HEREN ASICS""@nl-nl"
794,"""Men's Nike Air Max 90 Leather shoe in White 302519-113""@en ""Nike Men's Lifestyle Shoe 302519-113 | True White/True White""@en"
795,"""Concave Halo2.0 FG - Noir/ Noir""@fr "" Concave chaussures pour homme terrain sec noir-noir ""@fr"
796,"""NIKE W ROSHE ONE""@pl ONE | CZARNY 299.99 PLN Sneakersy 844994002""@pl"
797,"""Air Jordan 12 Retro""@es-MX Retro – Lust México Webstore""@es-MX"
798,"""NIKE AIR MAX 90 ESSENTIAL ""@pl ""Nowości Nike 2017 | Sklep Sizeer""@pl"
799,"""Nike Mercurial Veloce II Leather FG - Black/Hyper Pink""@en "" Nike Soccer Cleats Firm Ground Black/Black-Hyper Pink-Hyper Pink ""@en"
800,"""Nike Mercurial Victory V FG - Bright Mango/Metallic Silver/Hyper Turq""@en "" Nike Soccer Cleats Firm Ground Turq ""@en"
801,"""Klapki Nike Benassi Jdi black / white (343880-090)""@pl (343880-090) | Bludshop.com""@pl"
802,"""Tennis Classic CS"" ""Nike Tennis CS - 683613 104 | everysize.com"""
803,"""Nike Ragazza Sportswear Roshe One (GS) - Nero""@it "" Scarpe Nike Nero ""@it"
804,"""Nike Nike Zoom Speed TR3 - Azul/Blanco/Negro""@es "" -Zapatillas de entrenamiento- Azul/Blanco/Negro ""@es"
805,"""Highland Wax Jacket""@en ""Men's Percie Boot in Tan from Crew Clothing Company""@en"
806,""" Patagonia Bisect Tank Turkish Delight Graphic: Black ""@en ""Patagonia - au""@en"
807,""" Keen Newport H2 Black/True Red ""@fr ""Keen - fr""@fr"
808,"""Nike Sportswear Girls Roshe One (GS) - Black""@en "" Shoes Nike Black 599729-014 ""@en"
809,"""Nike Sportswear para mujer Air Huarache Run Ultra - Negro""@es "" Zapatillas casuales-Nike Negro ""@es"
810,"""Nike Academy 16 Knit Trainingspak 2 - University Rood/Zwart/Gym Rood/Wit""@nl "" Nike Heren Voetbal Teamwear Rood-Zwart-Gym Rood-Wit ""@nl"
811,"""Nike Mercurial Vapor X Piel FG - Hueso claro/Negro""@es "" Nike otas de futbol-Terrenos firmes- claro/Negro ""@es"
812,"""Nike WMNS Air Pegasus 89""@en 89 Black Summit White Wolf Grey 844888-001 - Purchaze""@en"
813,"""Puma King Top K Di FG - Negro/Blanco/Dorado""@es "" Puma Botas de futbol-Negro-Blanco-Dorado ""@es"
814,"""Asics Gel Sonoma 3 GTX - Black/Onyx/Carbon""@en "" Asics Black/Onyx/Carbon Mens Shoes T727N-9099 ""@en"
815,""" Keen Commuter III Black/Gargoyle ""@fr ""Keen - ca_fr""@fr"
816,"""Nike Zoom Speed TR3 - Total Crimson/Black/Black/Hyper Volt""@en "" Nike Mens Shoes Volt ""@en"
817,"""2017 Air Jordan 12 Bordeaux/Metallic Silver-Sail Cheap Sale""@en-US Sale | Jordans 2017""@en-US"
818,"""NIKE TIEMPO GENIO II LEA TF""@de TF - FUßBALLSCHUHE MULTINOCKEN Nike Farbe Hellgrau 819216 001 Der Online-Shop für deine Sportbekleidung""@de"
819,"""Nike Air Max 90 Ultra 2.0 LTR""@en LTR Flax Sail Gum Medium Brown 924447-200 - Purchaze""@en"
820,"""Nike MagistaX Proximo IC - Black/Volt/Racer Blue""@en "" Nike Mens Soccer Cleats Indoor Blue ""@en"
821,"""Puma evoPOWER 2.3 FG - Azul/Blanco/Naranja""@es "" Puma Botas de futbol-Terrenos firmes-Azul/Blanco/Naranja ""@es"
822,"""ASICS GEL-Lyte V Ugly Christmas Jumper - Dark Green""@en "" Mens Shoes ASICS Tiger Green / Duffle Bag H6R2L-8082 ""@en"
823,"""Concave Halo+ Microfibre FG - Blanc/ Rose""@fr "" Concave chaussures pour homme terrain sec blanc rose ""@fr"
824,"""Nike Sportswear Air Max LD Zero - Nero""@it "" Scarpe Uomo Nike Nero 848624-005 ""@it"
825,"""Nike Air Max 2016 (GS) Fille - Hyper Pink""@fr "" Chaussures fille Nike Pink ""@fr"
826,"""NIKE BRUIN LITE TXT""@en apparel and sports equipment""@en TXT - WOMAN FREE TIME SHOES Nike colour 578364 100 Athletic footwear"
827,"""Nike Flex 2016 Run - Noir/ Argent/ Rouge/ Blanc""@fr "" Nike chaussures pour homme noir argent rouge blanc ""@fr"
828,"""New Air Jordan 6 Retro “Champagne Bottle”""@en-US Bottle” | Women Jordans 2017""@en-US"
829,"""Supreme x Air Jordan 5 White/Metallic White For Sale""@en-US Sale | Cheap Jordans 2017""@en-US"
830,""" Patagonia R3 Wool Lined Split Toe Booties Black ""@en ""Patagonia - ca""@en"
831,"""Nike F.C. Zoom Mercurial XI FK - Rot""@de "" Nike Herren Trainingsschuhe Rot ""@de"
832,"""AIR JORDAN 6 RETRO"" "" kixpress.com -   AIR RETRO 384664-061"
833,"""Baskets basses rétro en doux nubuck""@fr"
834,"""Nike Sportswear Air Max 1 (GS) - Zwart/Vivid Roze/Wit""@nl "" Nike Hardloopschoenen Zwart-Vivid Roze-Wit ""@nl"
835,"""Nike Mercurial Victory VI Ronaldo IC - Seaweed/Volt/Hasta/White""@it "" Nike Scarpe Uomo Campi Coperti Seaweed/Volt/Hasta/White ""@it"
836,"""NIKE MAGISTA OLA II FG""@en apparel and sports equipment""@en FG - MAN SOCCER SHOES Nike colour Green 844420 375 Athletic footwear"
837,"""Concave Quantum + FG - Black/White""@en "" Concave Mens Boots Firm Ground Black/White ""@en"
838,""" Keen McKenzie Brindle/Ensign Red ""@da ""Keen - dk""@da"
839,"""Nike Hypervenom Phelon II FG - Nero/Volt""@it "" Nike Scarpe Uomo Terreni Compatti Nero/Volt ""@it"
840,"""NIKE MD RUNNER 2 BG""@pl ""Znane marki ubrań i butów dla dzieci ✓ Darmowa dostawa do domu ★ Sizeer ★""@pl"
841,"""GEL-DS TRAINER 22 NC HARDLOOPSCHOEN VOOR DAMES""@nl-nl DAMES | Women Fast Running ASICS""@nl-nl"
842,"""Nike WMNS Air Max BW Ultra""@en Ultra Black Pure Platinum White 819638-001 - Purchaze""@en"
843,"""Concave Halo+ Microfibre FG - Wit/Roze""@nl "" Concave Heren Voetbalschoenen Ferme Grond Wit-Roze ""@nl"
844,"""GEL-FUJITRABUCO 5 G-TX""@en-ie G-TX | Men Men's Running Gear ASICS""@en-ie"
845,""" Baskets homme asics H5Z2N5001 gel-lyte 3"
846,"""Nike Hypervenom Phantom FG - Volt/ Violet Persan/ Hot Lava/ Noir""@fr "" chaussures de football Nike terrain sec football- volt-violet persan-hot lava-noir ""@fr"
847,"""Nike Free Run Distance para mujer-Negro/Blanco/Volt/Rojo""@es "" Nike mujer-Zapatillas mujer-Negro/Blanco/Volt/Rojo ""@es"
848,"""Nike Kids Mercurial Vapor X FG - Squadron Blue/Black/Volt""@en "" Nike Youths Soccer Shoes Firm Ground Blue/Black/Volt ""@en"
849,"""Concave Volt 1.0 SG - Black/White""@en "" Concave Mens Boots Soft Ground Black/White ""@en"
850,"""Puma evoSPEED 3.4 Leather FG - Black/Safety Yellow/White""@en "" Puma Mens Shoes Firm Ground Yellow/White ""@en"
851,"""Puma Popcat -Azul/Blanco""@es "" Puma - Zapatillas para hombre-Deportivas-Azul-Blanco ""@es"
852,"""Puma evoSPEED 2.3 FG - Plasma/Blanco/Peacoat""@es "" Botas de futbol Puma- Puma -Terrenos firmes- 10301102-Plasma/Blanco/Peacoat ""@es"
853,""" Keen Daytona Black Olive ""@fr ""Keen - ch_fr""@fr"
854,"""Nike Donna Air Zoom Fit 2 - Nero/Bianco/Grigio Scuro/Grigio Lupo""@it "" Nike Scarpe Lupo ""@it"
855,"""NIKE WMNS NIKE FLEX 2017 RN""@pl ""Buty do biegania | sklep internetowy up8""@pl"
856,"""NIKE AIR MAX 90 ULTRA 2.0 LTR 924447-200""@it"
857,"""2017 Cheap Air Jordan 13 Retro “Chicago” White/Black-Team Red Shoes""@en-US Shoes | Jordans 2017""@en-US"
858,"""Nike Tiempo Legend V FG - Negro/Volt/Blanco""@es "" Botas de futbol- Nike Terrenos firmes- Negro-Volt-Blanco ""@es"
859,"""Air Jordan 11 72-10 Black/Gym Red-White-Anthracite""@en-US Red-White-Anthracite – Hoop Jordan""@en-US"
860,""" Keen Yoyageur Black Olive/Inca Gold ""@nl ""Keen - be_nl""@nl"
861,"""Nike Mercurial Victory V FG - Bianco/Volt/Rosa Hyper/Nero""@it "" Scarpe da Calcio Uomo Nike Terreni Compatti Hyper/Nero 651632-170 ""@it"
862,"""Nike Air Max Zero Essential - Nero""@it "" Scarpe Uomo Nike Nero ""@it"
863,"""Nike Dualtone Racer""@en Racer Midnight Navy White 918227-400 - Purchaze""@en"
864,"""Joma N-10 Pro FG -Blanco/Negro""@es "" Joma -Botas de futbol-Terrenos firmes-Blanco/Negro ""@es"
865,"""Nike Tiempo Legacy II SG - Platino Puro/Nero/Arancione Hyper""@it "" Nike Scarpe Uomo Terreni Morbidi Puro-Nero-Arancione Hyper ""@it"
866,"""Nike Sportswear Air Presto - Racer Blue""@en "" Mens Shoes Nike Blue 848132-401 ""@en"
867,"""Nike Sportswear Roshe Run -Gris/Blanco""@es "" Nike -Zapatillas-Deportivas-Gris-Blanco ""@es"
868,"""NIKE TIEMPO LEGACY IC""@es IC - BOTAS FÚTBOL SIN TACOS Nike color Azul claro 631522 418 Equipamiento deportivo y casual""@es"
869,"""Puma King Allround TT - Nero/Bianco/Team Oro""@it "" Scarpe Uomo Puma Oro 17011901 ""@it"
870,"""Gel Saga""@en"
871,"""Puma evoSPEED 1.3 Graphic FG - White-Sea Pine-High Risk Red""@en "" Mens Rugby Boots Puma Firm Ground Red 10330401 ""@en"
872,"""Damskie buty ASICS Tiger GEL-Kayano Trainer Evo - Biały""@pl "" Damskie Buty męskie Biały HN6A0-0101 ""@pl"
873,"""Nike Youths Magista Onda IC - White/Black/Pink Blast/Volt""@en "" Nike Soccer Cleats Indoor Blast/Volt ""@en"
874,"""Nike Femme Air Zoom Pegasus 33 - Bleu Marine/ Argent/ Carmin""@fr "" Nike chaussures pour femme bleu marine argent carmin ""@fr"
875,"""Nike Free RN Flyknit - Black/White""@en "" Nike Black/White Mens Shoes 831069-001 ""@en"
876,"""Buty Męskie Nike Tiempo Genio II Leather TF - Biały/Czarny/Zielony Elektro""@pl "" Buty Turfy Elektro ""@pl"
877,"""Asics Gel GT 2000 3 Men's Running Shoes SS15 4207""@en 4207 · Asics Moderate Support Trainers ah""@en"
878,"""Nike Hypervenom Phantom II FG - Cremise Total/Ossidiana/Viola Vivido""@it "" Nike Scarpe Uomo Terreni Compatti Vivido ""@it"
879,"""Roshe One Youth Gs"" ""Nike Roshe Gs - 599728-031 | everysize.com"""
880,"""Roshe Two"" ""Nike Roshe Two - 844656-001 | everysize.com"""
881,"""Puma evoSPEED 4.4 FG - Lave/Blanc/Eclipse Totale""@fr "" Puma chaussures homme terrain sec lave-blanc-eclipse totale ""@fr"
882,"""Nike Sportswear Air Max 90 Ultra Moire - Czarny""@pl "" Nike Męskie obuwie Czarny ""@pl"
883,"""NIKE TIEMPO LEGACY IC""@fr IC - CHAUSSURES FOOT EN SALLE Nike couleur Bleu clair 631522 418 Anima Sportiva Sport boutique""@fr"
884,"""Puma evoPower 4.2 Firm Ground Junior Football Boots - Grey""@en | Start Fitness""@en"
885,"""Gel Kayano Trainer EVO""@en"
886,"""Nike Kawa Boy's Slide Sandals - Black/White""@en ""Slides and Sandals""@en"
887,"""Nike Womens Free Run Distance - Black/White-Volt-Hot Lava""@en "" Nike Shoes Lava ""@en"
888,"""Nike Metcon DSX Flyknit - Wolf Grey/Volt/Wolf Grey/Black""@en "" Nike Mens Shoes Regular Training Grey/Black ""@en"
889,"""GEL-MAI""@nl-nl ""GEL-MAI | Men Men's Sneakers ASICS Tiger""@nl-nl"
890,"""Nike Hypervenom Phatal II Neymar FG - Noir/ Rouge/ Blanc""@fr "" Nike chaussures pour homme terrain sec noir rouge blanc ""@fr"
891,"""NIKE AIR ZOOM STRUCTURE TRIAX""@de TRIAX - HERREN LAUFSCHUHE Nike Farbe Weiß 806580 100 Der Online-Shop für deine Sportbekleidung""@de"
892,"""Nike Premier SG - Black/Summit White/Orange Blaze""@en "" Mens Boots The Nike Soft Ground Black-Summit White 698596-018 ""@en"
893,"""NIKE MD RUNNER 2 BG""@pl ""Nike dla dzieci ✓ Darmowa dostawa do domu ★ sklep Sizeer ★""@pl"
894,"""Nike Tiempo Rio III SG - Clear Jade/Black/Volt""@en "" Nike Mens Boots Soft Ground Jade/Black/Volt ""@en"
895,"""Buty Concave Quantum + SG - Czarny/Biały""@pl "" Męskie buty piłkarskie Miękka nawierzchnia Wkręty Czarny Biały ""@pl"
896,"""Gel Quantum 360 3 Knit"" ""Asics Gel Knit - T728N 0100 | everysize.com"""
897,"""Nike F.C. Air Footscape Magista FK - Team Red""@en "" Mens Shoes Nike Red / Black-Team Red-Metallic Gold 830600-600 ""@en"
898,"""Puma evoSPEED 3.5 Cuir FG - Noir Puma/ Blanc Rouge""@fr "" Puma chaussures pour homme terrain sec noir blanc rouge ""@fr"
899,"""Puma evoPOWER 1.3 Cuir FG - Rouge/ Blanc Puma/ Noir Puma""@fr "" Puma chaussures pour homme terrain sec rouge blanc noir ""@fr"
900,"""Puma evoSPEED 1.4 FG - Lava Blast/Bianco/Eclisse Totale""@it "" Puma Terreni Compatti Blast-Bianco-Eclisse Totale ""@it"
901,"""Concave Kids Volt+ FG - Black/Gold""@en "" Concave Junior Soccer Cleats Firm Ground Black/Gold ""@en"
902,"""Nike HypervenomX Proximo IC - Metallic Red Bronze/Black/White""@en "" Nike Soccer Cleats Indoor Bronze/Black/White ""@en"
903,"""Nike Magista Opus FG - Noir/ Vert/ Hyper Rouge""@fr "" chaussures de football Nike terrain sec- noir-noir-vert-hyper rouge ""@fr"
904,"""Nike Tiempo Legend V FG - Black/Volt/White""@en "" Nike Rugby Boots Firm Ground Cleats Black-Volt-White ""@en"
905,"""Puma Classico SG Enfants- Noir-Blanc-Puma Gold""@fr "" Chaussures de Football Enfant - Puma Junior Terrain Gras Crampons Gold 10335201 ""@fr"
906,"""Fersea Knee High Riding Boots""@en ""Salvatore Ferragamo Fersea Boots | SHOPBOP SAVE UP TO 30% Use Code: MORE17""@en"
907,"""Air Jordan 9 Copper Statue White/Black-Militia Green""@en-US Green – Hoop Jordan""@en-US"
908,"""NIKE WMNS AIR MAX 90 ""@pl | CZARNY 479.99 PLN Sneakersy 325213043""@pl"
909,"""Nike Lunartempo 2 - Black/Black-Anthracite""@en "" Nike Black/Black-Anthracite Mens Shoes 818097-001 ""@en"
910,"""Puma evoPOWER 4.2 FG Junior - Peacoat-Wit-Bright Plasma""@nl "" Puma Voetbalschoenen JR Ferme Grond Kinderen Plasma 10322801 ""@nl"
911,"""Puma King Pro SG - Blk/Wht/Gold""@en "" Puma Football Boots Soft Ground Soccer Cleats Black-White-Gold ""@en"
912,"""Concave Quantum + FG - Noir/ Blanc""@fr "" Concave chaussures pour homme terrain sec noir-blanc ""@fr"
913,"""Nike Hypervenom Phelon II FG - Metallic Red Bronze/Black/Green Glow/White""@en "" Nike Mens Soccer Shoes Firm Ground Glow/White ""@en"
914,"""Nike Hypervenom Phelon II FG -Negro/Volt""@es "" Nike -Botas de futbol-Terrenos firmes-Negro/Volt ""@es"
915,"""Asics Lethal Speed SG - Bleu/Blanc/Jaune""@fr "" Chaussures de football Homme Asics Terrain Gras Bleu-Blanc-Jaune ""@fr"
916,"""JORDAN 13 “BRED”""@en-US “BRED” | The Basement Clothing""@en-US"
917,"""NIKE TIEMPO LEGEND VI FG""@de FG - FUßBALLSCHUHE NOCKEN Nike Farbe Schwarz 819177 010 Der Online-Shop für deine Sportbekleidung""@de"
918,"""Dziecięce buty Nike Hypervenom Phelon II FG - Czarny/Volt""@pl "" Dziecięce piłkarskie Trawa naturalna Lanki Czarny/Volt ""@pl"
919,"""Concave Halo 1.0 FG - Czarny/Złoty""@pl "" Concave Męskie buty piłkarskie Trawa naturalna Lanki Czarny/Złoty ""@pl"
920,"""Puma evoPOWER 2.3 FG - Blu/Bianco/Arancione""@it "" Puma Scarpe Uomo Terreni Compatti Blu/Bianco/Arancione ""@it"
921,"""Asics Gel-Noosa Tri 11 (T676Q-9090)""@es-ES (T676Q-9090) - footstop""@es-ES"
922,"""Puma IGNITE v2 - Noir-Asphalte-Rouge-Argent""@fr "" Puma chaussures pour homme noir-asphalte-rouge-argent ""@fr"
923,"""Puma evoSPEED SL Leder II FG - Puma Zwart/Puma Wit/Rood Blast""@nl "" leder Heren Voetbalschoenen Ferme Grond Zwart-Puma Wit-Rood Blast ""@nl"
924,"""Buty Puma Esito Classico FG - Białe/Czarne""@pl "" Męskie buty piłkarskie Utwardzona nawierzchnia Białe-Czarne ""@pl"
925,"""Nike Kids Tiempo Rio III FG - Wolf Grijs/Zwart/Clear Jade""@nl "" Nike Kinderen Voetbalschoenen Ferme Grond Grijs-Zwart-Clear Jade ""@nl"
926,""" FjallRaven Merano Canvasbelt Dark Olive ""@pl ""FjallRaven - pl""@pl"
927,"""Puma evoSPEED 2.3 FG - Bright Plasma-White-Peacoat""@en "" Puma Football Boots Firm Ground Soccer Cleats Plasma-White-Peacoat 10301204 ""@en"
928,"""NIKE AIR MAX 90 ULTRA 2.0 LTR""@pl obuwie sportowe Nike ✓ Darmowa dostawa ★ Sizeer ★""@pl ""Buty"
929,"""Concave Quantum + FG - White/Black""@en "" Concave Mens Soccer Cleats Firm Ground White/Black ""@en"
930,"""Air Jordans 6 Retro “Champagne Bottle” Pro Green/Metallic Gold-Chilling Red-Black""@en-US Red-Black | 2017 Air Jordan Shoes""@en-US"
931,"""Buty Puma evoSPEED 2.3 FG - Bright Plasma-Biały-Peacoat""@pl "" Korki Buty piłkarskie Twarde podłoże Trawa Lanki Plasma-Biały-Peacoat 10301204 ""@pl"
932,"""Nike Femme Air Zoom Fit 2 - Noir/ Blanc/ Gris Foncé/ Loup""@fr "" Nike chaussures pour femme noir blanc gris fonce loup ""@fr"
933,"""Puma Junior evoSPEED 5.5 FG - Nero Puma/Bianco Puma/Rosso""@it "" Puma Scarpe Calcio Terreni Compatti Puma/Rosso ""@it"
934,"""Nike Free Trainer 3.0 V4 - Nero/Verde/Solare/Bianco""@it "" Nike Scarpe Uomo Nero/Verde/Solare/Bianco ""@it"
935,"""Buty Concave Quantum + SG - Biały/Limonka""@pl "" Męskie buty piłkarskie Miękka nawierzchnia Wkręty Biały Limonka ""@pl"
936,"""Puma evoTOUCH 2 FG - Noir/ Blanc/ Jaune""@fr "" Puma chaussures pour homme terrain sec noir blanc jaune ""@fr"
937,"""Brassière de Sport Nike Pro Rival- Blanc/ Noir/ Noir""@fr "" brassiere sport femmes Rival - vetements course blanc-noir-noir ""@fr"
938,"""Asics Gel Saga""@en Saga Winter Trail Pack H5T4N-9090 - Purchaze""@en"
939,"""Under Armour Corespeed Force 3.0 FG - Nero""@it "" Scarpe Uomo Under Nero ""@it"
940,"""Air Jordan 11 Retro Low “University Blue” (#528895-106)""@en-US (#528895-106) | SobeSoles.com""@en-US"
941,"""Nike Sportswear Air Max 90 Ultra Moire - Black""@en "" Nike Mens Shoes Black ""@en"
942,"""NIKE TIEMPO GENIO LEATHER SG""@de SG - FUßBALLSCHUHE STOLLEN Nike Farbe Schwarz 631616 007 Der Online-Shop für deine Sportbekleidung""@de"
943,"""Nike Zoom Speed TR3 - Red/White/Black/Crimson""@en "" Nike Mens Shoes Gym Red/White/Black/Bright Crimson ""@en"
944,"""Chłopięce Nike Sportswear Roshe One (GS) - Czarny""@pl "" Chłopięce Obuwie dziecięce Czarny 599728-031 ""@pl"
945,"""Nike Sportswear Boys Air Max Tavas - Hyper Cobalt Light / White Dark Royal Blue""@en "" Shoes Nike Blue 814443-401 ""@en"
946,"""Asics Gel Kayano 24 Lite Show Mens Running Shoes - Black""@en Black | Start Fitness""@en"
947,"""Gel Lyte V Valentines"" ""Asics Gel Valentines - H785L-9090 | everysize.com"""
948,"""Buty Nike Hypervenom Phelon II FG - Metaliczny Czerwony Brąz/Czarny/Zielony""@pl "" Męskie buty piłkarskie Trawa naturalna Lanki 749896-903 czerwony brąz-Czarny-Zielony ""@pl"
949,"""Buty Puma evoPOWER 1.2 FG - Peacoat-Biały-Bright Plasma""@pl "" Korki Buty piłkarskie Twarde podłoże Trawa Lanki Plasma 10317101 ""@pl"
950,"""Nike Sportswear Air Max 1 Ultra Moire -Blanco/Azul""@es "" Nike -Zapatillas para mujer-Blanco/Azul ""@es"
951,"""Męskie Buty Nike TiempoX Mystic V TF - Czarny/Biały/Zielony Elektro""@pl "" Męskie Piłkarskie Turfy Elektro ""@pl"
952,"""Nike Zoom Speed TR3 - Rosso/Bianco/Nero/Cremise""@it "" Nike Scarpe Uomo Rosso/Bianco/Nero/Cremise ""@it"
953,"""Nike Sportswear Air Force 1 Mid 07 - Obsidian""@en "" Mens Shoes Nike Obsidian / Gum Light Brown 315123-408 ""@en"
954,"""Nike HypervenomX Finale TF - Blanc/ Noir/ Vert/ Blanc""@fr "" Nike chaussures pour homme terrain synthetique blanc noir vert ""@fr"
955,""" Patagonia R3 Wool Lined Split Toe Booties Black ""@cs ""Patagonia - cz""@cs"
956,"""Puma evoSPEED 4.4 FG - Lava Blast/White/Total Eclipse""@en "" Puma Mens Boots Firm Ground Eclipse ""@en"
957,"""Concave Volt + SG -Plateado/Azul""@es "" Concave -Botas de futbol-Terrenos blandos-Plateado/Azul ""@es"
958,"""Nike Hypervenom Phatal II DF FG - Biały/Czarny/Pomarańczowy/Volt""@pl "" Nike Męskie buty piłkarskie Trawa naturalna Lanki Biały/Czarny/Pomarańczowy/Volt ""@pl"
959,"""Nike Free Run Distance Femme - Noir/ Blanc/ Volt/ Lave""@fr "" Nike femme chaussures pour noir-blanc-volt-lave ""@fr"
960,"""Asics gel-kayano trainer evo black/dark grey""@bg ""sneakers retro running Asics grey - Маратонки Обувки Мъже | TEMPO STORES Онлайн магазин""@bg"
961,"""Nike Women’S Air Zoom Pegasus 32 (749344-501)""@es-ES Women'S (749344-501) - footstop""@es-ES"
962,"""Nike Tiempo Legacy II FG - Giada/Nero/Volt""@it "" Nike Scarpe Uomo Terreni Compatti Giada/Nero/Volt ""@it"
963,"""Concave Volt + SG - Argento/Blu""@it "" Concave Scarpe Uomo Terreni Morbidi Argento/Blu ""@it"
964,""" FjallRaven G-1000 Cap Dark Grey ""@en ""FjallRaven - ie""@en"
965,"""Puma King IT - Nero/Bianco/Oro""@it "" Scarpe Calcio Puma IT- Campi Coperti Nero/Bianco/Oro ""@it"
966,""" Keen Marshall MID WP Black Iris/Eventide ""@pt ""Keen - pt""@pt"
967,"""Ariat Men's Fuse Rodeo Red Mesh Shoes""@en Shoes - Country Outfitter ""@en"
968,"""Nike WMNS Air Force 1 Mid""@en Mid White 366731-100 - Purchaze""@en"
969,"""NIKE TIEMPO LEGACY IC""@it IC - SCARPE CALCIO A 5 INDOOR Nike Azzurro 631522 418 Articoli sportivi e abbigliamento sportivo""@it"
970,"""Concave Quantum+ FG - White/Pink""@en "" Concave Mens Soccer Cleats Firm Ground White/Pink ""@en"
971,"""Nike Hypervenom Phatal II DF FG - Carmin/ Obsidienne/ Violet""@fr "" Chaussures de football pour homme Terrain sec Nike -carmin obsidienne violet ""@fr"
972,"""Nike Air Force 1 Low gym red / sail-deep royal blue (488298-626)""@eu (488298-626) | Bludshop.com""@eu"
973,"""Nike Tiempo Legend VI SG-Pro - Black/White/Black/Metallic Gold""@en "" Nike Mens Boots Soft Ground Gold ""@en"
974,"""Puma evoSPEED SL S II FG - Puma White/Puma Black/Shocking Orange""@en "" Orange Mens Soccer Cleats Firm Ground ""@en"
975,"""Puma Evospeed 1.2 K FG - Bleu/Peche""@fr "" Chaussure de Football Puma Terrain Sec Homme BleuPeche ""@fr"
976,"""Nike Tiempo Mystic V FG - Zwart/Wit/Hyper Oranje/Volt""@nl "" Nike Heren Voetbalschoenen Ferme Grond Oranje/Volt ""@nl"
977,"""NIKE AIR COURTBALLISTEC 4.1""@en 4.1 - MAN TENNIS SHOES Nike colour White 488144 109 Athletic footwear apparel and sports equipment""@en"
978,"""NIKE BENASSI JDI""@fr JDI - TONGS/MULES HOMME Nike couleur Bleu 343880 403 Anima Sportiva Sport boutique""@fr"
979,"""Air Jordan Retro"" ""Nike Air Retro - 378038-123 | everysize.com"""
980,"""Men's Skechers, Felton slip resist wide Work sneakers "" Skechers | Mens Shoes Peltz Shoes"""
981,"""Nike Zoom Speed TR3 -Rojo/Blanco/Negro""@es "" Nike -Zapatillas para hombre-Rojo/Blanco/Negro ""@es"
982,"""Free 5.0""@fr 00 € modèle femme""@fr 5.0 nike noir et blanc à partir de 75"
983,""" Keen Yoyageur Black Olive/Inca Gold ""@fr ""Keen - be_fr""@fr"
984,"""Buty męskie NIKE Roshe Run 511881-010 CZARNE ""@pl Jordan Męskie Nike Czarne Adidas""@pl ROSHE RUN Buty"
985,"""GEL-FORTITUDE 7""@nl-nl 7 | Women HARDLOOPSCHOENEN VOOR DAMES ASICS""@nl-nl"
986,"""Puma Liga Classico FG - Negro/Blanco/Plateado""@es "" Botas de futbol Puma- Puma 10333001- Negro/Blanco/Plateado ""@es"
987,""" Keen Alamosa Chocolate Brown / Bronze Green ""@it ""Keen - it""@it"
988,"""Nike Sportswear Femme Air Max 1 Mid Sneakerboot - Noir/ Marron""@fr "" Nike chaussures pour femme noir marron ""@fr"
989,"""Nike Mercurial Veloce III DF FG -Negro/Rosa""@es "" Nike -Botas de futbol-Terrenos firmes-Negro/Rosa ""@es"
990,""" Keen Clearwater CNX Black/Yellow ""@en ""Keen - ca""@en"
991,"""NIKE TORBA NK BRSLA M DUFF""@pl ""Akcesoria męskie w najlepszych cenach ✓ Darmowa dostawa ★ Sizeer ★""@pl"
992,"""Puma evoSPEED 4.5 FG - Puma Biały/Puma Czarny/Szokujący Pomarańcz""@pl "" Męskie buty piłkarskie Trawa naturalna Lanki Pomarańcz ""@pl"
993,"""Air Max Thea"" ""Nike Air Thea - 599409 020 | everysize.com"""
994,"""Nike Air Zoom Pegasus 33 Women's Training Shoes - Black/White/Cool Gray""@en ""Women's Athletic Footwear""@en"
995,"""Nike Femme Free Run - Hyper Violet/ Bleu Gamma/ Noir/ Carmin""@fr "" Nike chaussures pour femme hyper violet bleu gamma noir carmin ""@fr"
996,"""Nike Tiempo Genio II Cuir FG - Noir/ Blanc/ Or""@fr "" Nike chaussures pour homme terrain sec noir blanc or ""@fr"
997,"""ASICS Gel-Lyte III - Negro""@es "" ASICS Zapatillas para hombre-Deportivas- Negro ""@es"
998,"""JORDAN AIR 1 MID ""@pl | CZARNY 469.99 PLN Sneakersy 554724040""@pl"
999,"""GT-2000 5""@it-it 5 | Women Road Running ASICS""@it-it"
1000,"""Nike Tiempo Legacy II SG -Platino/Negro/Naranja""@es "" Nike -Botas de futbol-Terreno blando-Platino/Negro/Naranja ""@es"
1001,"""Nike Air Zoom Structure 19 - White/Black-Electric Green-Concord""@en "" Nike Mens Shoes Green-Concord ""@en"
1002,""" Air Jordan 11 Retro Low ""columbia""""@en ""Air ""columbia"" - Pre Order – The Sneaker Authority""@en"
1003,"""Nike Zoom Winflo 3 - Negro/Blanco/Antracita""@es "" Nike Zapatillas para hombreNegro/Blanco/Antracita ""@es"
1004,"""Nike Sportswear Benassi JDI - Black""@en "" Mens Shoes Nike Black 343880-090 ""@en"
1005,"""Buty Nike Junior Mercurial Vapor X FG - Szkarłatny/Perski fiolet/Czarny""@pl "" Dziecięce buty piłkarskie Korki Intense Heat Twarde podłoże Trawa naturalna Lanki 651620-650 Szkarłatny-Perski fiolet-Czarny ""@pl"
1006,""" Nike Air Huarache Run Premium - Desert Moss ""Nike 704830-302 sneakAvenue"""
1007,"""Buty Nike The Premier SG - Czarny/Biały""@pl "" Buty piłkarskie Miękkie podłoże Mokra trawa Wkręty Tepy 698596-018 Czarny-Biały ""@pl"
1008,"""Nike Enfant Tiempo Rio III FG - Jade/ Noir/ Volt""@fr "" Nike chaussures pour enfant terrain sec jade noir volt ""@fr"
1009,"""NIKE TIEMPO LEGACY II SG PRO""@en PRO - MAN SOCCER SHOES Nike colour White 819716 001 Athletic footwear apparel and sports equipment""@en"
1010,"""WMNS Air Max 90 Essential""@en"
1011,"""Concave Volt + SG - Noir/ Rose""@fr "" Concave chaussures pour homme terrain gras noir- rose ""@fr"
1012,"""Concave Quantum + SG - White/Lime""@en "" Concave Mens Boots Soft Ground White/Lime ""@en"
1013,"""Nike Air Max 90 Essential - Medium Olive""@en "" Mens Shoes Nike Olive 537384-201 ""@en"
1014,"""Nike WMNS Roshe Two black (844931-002)""@eu (844931-002) | Bludshop.com""@eu"
1015,"""Nike AIR Zoom Pegasus 32 Men's Training Shoes - Total Orange/Ghost Green/Black""@en ""Clearance Footwear""@en"
1016,"""NIKE Benassi JDI (343880-403) Sneakers for Men @ upclassics"""
1017,"""Sneakers buty Asics Gel-Lyte Runner gecko green / guava (HN6F0-8873)""@pl (HN6F0-8873) | Bludshop.com""@pl"
1018,"""Nike Free Train Versatility - Blanc/ Noir""@fr "" Nike chaussures pour homme blanc noir ""@fr"
1019,"""Nike HypervenomX Finale IN - Blanc/ Noir/ Vert/ Blanc""@fr "" Nike chaussures pour homme blanc noir vert ""@fr"
1020,"""Nike Tiempo Legacy II FG - Black/White/Hyper Orange/Volt.""@en "" Nike Mens Boots Firm Ground Orange/Volt ""@en"
1021,"""Puma evoSPEED SL Cuir II FG - Noir Puma/ Blanc Rouge""@fr "" Puma chaussures pour homme terrain sec noir blanc rouge ""@fr"
1022,""" Keen Presidio Black ""@de ""Keen - ch_de""@de"
1023,"""Asics Gel-Lyte Runner gecko green / guava (HN6F0-8873)""@eu (HN6F0-8873) | Bludshop.com""@eu"
1024,"""Nike HypervenomX Finale IC - Blanco/Negro/Verde""@es "" Nike Zapatillas de futbol sala-Blanco/Negro/Verde ""@es"
1025,"""2016 Air Jordan 1 Retro High “Silver Medal” Gym Red/Metallic Silver-White""@en-US Silver-White – Hoop Jordan""@en-US"
1026,"""Nike Free Trainer 3.0 v4 - Noir/ Vert/ Solaire/ Blanc""@fr "" Nike chaussures pour homme noir-vert-solaire-blanc ""@fr"
1027,"""Dziecięce buty Puma evoPOWER 3.3 FG - Niebieski/Puma Biały/Szokujący Pomarańcz""@pl "" Dziecięce piłkarskie Trawa naturalna Lanki Pomarańcz ""@pl"
1028,"""Nike Hypervenom Phantom II FG - Platino/Negro/Verde fantasma""@es "" Nike Botas de futbol-Terrenos firmes-Platino/Negro/Verde fantasma ""@es"
1029,"""Nike Air Vortex Leather""@en Leather Navy White Black 918206-401 - Purchaze""@en"
1030,"""Cheap Air Jordan 4 Retro “Motorsports” White/Varsity Blue-Black Sale""@en-US Sale | Cheap Jordans 2017""@en-US"
1031,"""ASICS GEL NOOSA TRI 11""@en 11 - WOMAN RUNNING SHOES Asics colour White T676Q 0101 Athletic footwear apparel and sports equipment""@en"
1032,"""Asics Gel-Trounce 3 - Blau/Silber/Gelb""@de "" Asics Herrenschuhe Blau/Silber/Gelb ""@de"
1033,"""Nike Flex 2016 Run -Negro/Blanco/Gris""@es "" Nike -Zapatillas para hombre-Negro/Blanco/Gris ""@es"
1034,"""Concave Halo+ Kids FG - White/Red""@en "" Concave Junior Boots Firm Ground White/Red ""@en"
1035,"""Puma evoSPEED 5.5 FG - Puma White/Puma Black/Shocking Orange""@en "" Orange Mens Boots Firm Ground ""@en"
1036,"""Puma evoSPEED 4.5 Tricks FG - Rose/ Jaune/ Noir""@fr "" Puma chaussures pour homme terrain sec rose -jaune -noir ""@fr"
1037,"""Joma N-10 Pro FG - Blanc/ Noir""@fr "" Joma chaussures pour homme terrain sec blanc noir ""@fr"
1038,"""Nike HypervenomX Proximo IC - Bronzo Metallico/Nero/Bianco""@it "" Nike Scarpe Uomo Campi Coperti Metallico-Nero-Bianco ""@it"
1039,""" Therm-A-Rest Lumbar Pillow Nautical Blue ""@da ""Therm-A-Rest - dk""@da"
1040,""" Keen Clearwater CNX Black/Yellow ""@da ""Keen - dk""@da"
1041,"""Nike Train Speed 4 - Negro/Azul/Blanco""@es "" Nike Zapatillas de deporte-Negro/Azul/Blanco ""@es"
1042,"""Nike Tiempo Legend VI SG-Pro - Noir/ Hyper Turquoise""@fr "" Nike chaussures pour homme terrain gras noir hyper turquoise ""@fr"
1043,"""Zapatillas Puma Basket Classic LFS -Blanco""@es "" Zapatillas baloncesto- Deportivas Puma- -Blanco ""@es"
1044,"""Air Force 1 GS"" ""Nike Air GS - 314192-009 | everysize.com"""
1045,"""Puma evoPOWER 4.3 FG - Blu/Bianco Puma/Arancione""@it "" Puma Scarpe Uomo Terreni Compatti Puma/Arancione ""@it"
1046,"""Nike Kawa Adjustable Men's Slide Sandals - White/Black/White""@en ""Clearance Footwear""@en"
1047,"""Nike Magista Onda IC"" IC comprar y ofertas en Goalinn"""
1048,"""Nike Zoom Winflo 3 - Racer Blue/Blue Glow-Black-White""@en "" Nike Glow-Black-White Mens Shoes 831561-401 ""@en"
1049,"""Buty Concave Quantum 1.0 FG - Biały/Limonka""@pl "" Męskie buty piłkarskie Trawa naturalna Biały Limonka ""@pl"
1050,"""Nike Defendre Leather Trainers - Nero/Antracide/Bianco""@it "" Nike Scarpe Calcio Uomo Nero-Antracide-Bianco ""@it"
1051,"""Nike Lunar Caldra - Obsidiana/Blanco/Azul""@es "" Nike Zapatillas para hombre-Obsidiana/Blanco/Azul ""@es"
1052,"""GT-2000 5 LITE-SHOW""@en-gb LITE-SHOW | Men Men's Road Running Shoes ASICS""@en-gb"
1053,"""Nike HypvernomX Finale IC - Bianco/Nero/Verde Glow/Bianco""@it "" Nike Scarpe Uomo Campi Coperti Bianco-Nero-Verde Glow-Bianco ""@it"
1054,"""Concave Quantum 1.0 FG -Blanco/Lima""@es "" Concave -Botas de futbol-Terrenos firmes-Blanco/Lima ""@es"
1055,"""Puma evoPOWER 3.2 FG - Blanc/Eclipse Totale/Lave""@fr "" Puma chaussures homme terrain sec- blanc-eclipse totale-lave ""@fr"
1056,"""Nike Hypervenom Phantom II FG - Platine/ Noir/ Vert""@fr "" Nike chaussures pour homme terrain sec platine noir vert ""@fr"
1057,"""Shoes Air Force 1 '07 WB""@en WB | Shoes \ Lifestyle - Basketball shop Basketmania""@en"
1058,"""HERREN TRAININGSSCHUH GEL-CRAZE TR 4""@de-at 4 | Men HERREN FITNESS UND TRAINING-SCHUHE ASICS""@de-at"
1059,"""Nike Hypervenom Phatal II DF Pelle FG - Nero/Nero/Arancione Totale/Arancione Totale""@it "" Nike Scarpe Calcio Uomo Terreni Compatti Nero-Nero-Arancione Totale-Arancione Totale ""@it"
1060,"""ASICS Gel-Respector Shadow - Schwarz""@de "" ASICS Retro Laufschuhe Schwarz ""@de"
1061,""" Nike Wmns AIr Max 1 Premium - Black ""Nike 454746-011 sneakAvenue"""
1062,"""Nike Lunartempo Damen Laufschuhe - Dunkelblau/Violett""@de "" Nike Wmns Dunkelblau-Violett ""@de"
1063,"""Nike Sportswear Air Max LD Zero - Czarny""@pl "" Buty Męskie Nike Czarny 848624-005 ""@pl"
1064,"""Classic Polo""@en ""Women's Cassie Tee in White/Navy Stripe from Crew Clothing""@en"
1065,"""Nike Junior Sportswear Air Max 90 Flash (GS) - Nero/Bianco Summit""@it "" Nike Scarpe Summit ""@it"
1066,"""Nike Tiempo Genio II Pelle FG - Nero/Bianco/Oro Metallico""@it "" Nike Scarpe Uomo Terreni Compatti Nero-Bianco-Oro Metallico ""@it"
1067,"""Asics Gel-Pulse 7 - Cobalto Intenso/Argento/Arancione Caldo""@it "" Asics Scarpe Uomo Caldo ""@it"
1068,"""NIKE TIEMPO GENIO II LEA TF""@en apparel and sports equipment""@en TF - MAN TURF SOCCER SHOES Nike colour Light grey 819216 001 Athletic footwear"
1069,"""GEL-NIMBUS 19 DA UOMO""@it-it UOMO | Men Men's Road Running Shoes ASICS""@it-it"
1070,"""Nike Flex 2016 Run - Rouge/ Noir/ Carmin/ Blanc""@fr "" Nike chaussures pour homme rouge noir carmin blanc ""@fr"
1071,"""Nike Sportswear Air Max 90 Ultra Essential - Blanc/ Gris/ Infrarouge/ Noir""@fr "" Nike chaussures pour homme blanc gris infrarouge noir ""@fr"
1072,"""Nike Lunartempo 2 LB - Nero/Peltro Metallico/Antracide/Verde""@it "" Nike Scarpe Uomo Metallico/Antracide/Verde ""@it"
1073,"""ASICS GEL-Kayano Trainer Knit MT - Nero""@it "" Scarpe Uomo ASICS Nero ""@it"
1074,"""2017 ‘Red Suede’ Air Jordan 5 University Red/Black-University Red""@en-US Red – Hoop Jordan""@en-US"
1075,"""Nike Hypervenom Phatal II DF FG - Volt/Nero/Turchese Hyper""@it "" Nike Scarpe Uomo Terreni Compatti Hyper ""@it"
1076,"""GEL-HUNTER 3""@en-es 3 | Women Women's Squash & Badminton Shoes ASICS""@en-es"
1077,"""Nike AIR Zoom Pegasus 32 Men's Training Shoes - Green/Blue Lagoon/Black""@en ""Lifestyle Footwear""@en"
1078,"""Nike Air Zoom Pegasus 32 para mujer-Violeta/Azul/Blanco/Negro""@es "" Nike mujer-Zapatillas mujer-Violeta/Azul/Blanco/Negro ""@es"
1079,"""Nike Mercurial Victory V FG - Volt/Hiper Rosa/Negro""@es "" Botas de futbol Nike- Nike 651632-760- Rosa/Negro ""@es"
1080,"""Nike Mercurial Victory V FG - Blanc/ Noir/ Volt/ Orange Total""@fr "" Nike chaussures pour homme terrain sec blanc noir volt orange total ""@fr"
1081,"""Asics Fuze X - Czarny/Biały/Onyx""@pl "" Asics Męskie buty Obuwie sportowe Czarny/Biały/Onyx ""@pl"
1082,"""Puma evoSPEED 4.5 FG - Blanco/Negro/Naranja""@es "" Puma Botas de futbol-Terrenos firmes-Blanco/Negro/Naranja ""@es"
1083,"""Under Armour Spotlight Pro 2.0 FG - Rocket Red/High Vis Yellow""@en "" Under Mens Soccer Cleats Firm Ground Yellow ""@en"
1084,"""Nike Hypervenom Phatal III DF FG - Czarny/Bialy/Krolewski Game""@pl "" Nike Meskie Buty Pilkarskie Zwarta Murawa Game ""@pl"
1085,"""Nike Kids Magista Obra II FG - Rio Teal/Volt/Obsidian/Clear Jade""@en "" Nike Mens Boots Firm Ground Jade ""@en"
1086,""" FjallRaven Merano Canvasbelt Dark Olive ""@en ""FjallRaven - en""@en"
1087,"""Puma evoPOWER 1.2 FG - Peacoat-White-Bright Plasma""@en "" Puma Soccer Shoes Firm Ground Cleats Plasma 10317101 ""@en"
1088,"""GEL-NIMBUS 19 POUR FEMMES""@fr-fr FEMMES | Women Road Running ASICS""@fr-fr"
1089,"""Nike Enfant Magista Obra II FG - Noir/ Carmin""@fr "" Nike chaussures pour enfant terrain sec noir carmin ""@fr"
1090,"""Nike Mercurial Veloce II Pelle FG - Nero/Nero/Rosa Hyper/Rosa Hyper""@it "" Nike Scarpe Calcio Uomo Nero-Nero-Rosa Hyper-Rosa Hyper ""@it"
1091,"""Nike Damen Air Zoom Pegasus 33 - Marineblau/Silber/Karminrot""@de "" Nike Womens Damenschuhe Marineblau/Silber/Karminrot ""@de"
1092,"""Puma evoSPEED 5.5 Tricks Enfant FG - Rose/ Jaune/ Noir""@fr "" Puma chaussures pour enfant terrain sec rose jaune noir ""@fr"
1093,"""Nike F.C. Air Footscape Magista FK - Rojo""@es "" Nike Zapatillas-Deportivas Nike-Rojo ""@es"
1094,"""NIKE AIR MAX 90 MESH BG""@pl Męskie i Dziecięce ✓ Darmowa dostawa ★ Sizeer ★""@pl ""Nike Air Max Damskie"
1095,"""Puma evoSPEED SL S II FG - Nero Puma/Bianco Puma/Rosso""@it "" Puma Scarpe Uomo Terreni Compatti Puma/Rosso ""@it"
1096,"""Air Jordan 13 Retro “Bred” Black/Varsity Red-White For Sale Online""@en-US Online | New Jordans 2015""@en-US"
1097,"""Nike Sportswear Air Max 90 Ultra Moire - Schwarz""@de "" Nike Herrenschuhe Schwarz ""@de"
1098,"""Nike Sportswear Lunar Magista II FK - Nero""@it "" Scarpe Uomo Nike Nero ""@it"
1099,"""Mens Air Jordan 11 “Red Velvet” Night Maroon/Metallic Gold-White For Sale""@en-US Sale | Cheap Jordans 2017""@en-US"
1100,"""Nike MagistaX Proximo IC - Azul Racer/Volt/Negro""@es "" Nike -Zapatillas de futbol- Racer/Volt/Negro ""@es"
1101,"""Air Max 90 Ultra Moire"" ""Nike Air Moire - 819477-400 | everysize.com"""
1102,"""Air Max 90 Ultra Essential"" ""Nike Air Essential - 819474-013 | everysize.com"""
1103,"""Sneakers buty Nike Air Max 90 Essential university blue / navy grey white 537384-416""@pl 537384-416 | Bludshop.com""@pl"
1104,"""Nike Free 5.0 Men's Training Shoes - Black/Dark Gray/Cool Gray""@en ""Running and Training""@en"
1105,"""Puma EvoSpeed 3.5 Leather FG – The Soccer Factory""@en-US"
1106,"""Asics Gel-Lyte III Mid (H637Y-4242)""@es-ES (H637Y-4242) - footstop""@es-ES"
1107,"""Puma Esito Classico FG - Bianco/Nero""@it "" Puma Scarpe Uomo Terreni Compatti Bianco-Nero ""@it"
1108,"""Cheap Air Jordan 13 (XIII) Retro “Bred” Black/Varsity Red-White For Sale""@en-US"
1109,"""Puma King II FG - Amarillo/Negro""@es "" Puma Botas de futbol-Terrenos firmes-Amarillo/Negro ""@es"
1110,"""Puma Womens IGNITE Mesh - Cayenne-Astral Aura""@en "" Puma Shoes Aura ""@en"
1111,"""Classic Polo""@en ""Women's Carla Vest in White Linen from Crew Clothing""@en"
1112,""" Patagonia R3 Wool Lined Split Toe Booties Black ""@fr ""Patagonia - be_fr""@fr"
1113,"""Nike Mercurial Superfly V Ronaldo FG -Alga/Volt/Hasta/Blanco""@es "" Nike - Botas de futbol- Alga/Volt/Hasta/Blanco ""@es"
1114,"""Nike Boys Team Hustle D 7 (GS) - Black""@en "" Shoes Nike Black 747998-007 ""@en"
1115,""" Keen Marshall MID WP Black Iris/Eventide ""@fr ""Keen - be_fr""@fr"
1116,"""Puma EvoTouch 2 FG - Black/White/Safety Yellow"" "" Puma 103693-01 AuthenticSoccer.com"
1117,"""GEL-EXCITE 4""@it-it 4 | Men SCARPE DA RUNNING PER UOMO ASICS""@it-it"
1118,"""NIKE AIR MAX 90 ESSENTIAL ""@pl Męskie i Dziecięce ✓ Darmowa dostawa ★ Sizeer ★""@pl ""Nike Air Max Damskie"
1119,"""Nike Tiempo Legacy II FG - Noir/ Blanc/ Or""@fr "" Nike chaussures pour homme terrain sec noir blanc or ""@fr"
1120,"""Nike Ragazzo Sportswear Roshe One (GS) - Nero/Argento Metallico/Bianco""@it "" Nike Scarpe Metallico/Bianco ""@it"
1121,"""GEL-QUANTUM 360 KNIT""@en-de KNIT | Women Women's Easy Running Shoes ASICS""@en-de"
1122,"""Concave Halo+ FG Microfibre - Bleu/ Blanc""@fr "" Concave chaussures pour homme terrain sec bleu-blanc ""@fr"
1123,"""Nike Sportswear Air Max 90 Mid Winter - Noir""@fr "" Chaussures homme Nike Noir ""@fr"
1124,"""Nike Hypervenom Phantom II FG - Platino Puro/Nero/Verde""@it "" Nike Scarpe Uomo Terreni Compatti Puro/Nero/Verde ""@it"
1125,"""Shoes Air Jordan 1 Mid""@en Mid 10329 | Shoes \ Retro - Basketball shop Basketmania""@en"
1126,"""Nike Mercurial Veloce II SG-Pro - Mangue/ Argent/ Turquoise""@fr "" Nike chaussures pour homme terrain gras mangue argent turquoise ""@fr"
1127,"""ASICS Tiger Gel-Lyte OG - White""@en "" Mens Shoes ASICS TIGER White H7W4Y-0101 ""@en"
1128,"""Concave Quantum + SG - Bianco/Lime""@it "" Concave Terreni Morbidi Bianco/Lime ""@it"
1129,"""Air Jordan 5 Retro White/Black-Fire Red Online For Sale""@en-US Sale | New Jordans 2015""@en-US"
1130,"""Puma evoSPEED II SL Leather Tricks FG - Pink Glo/Safety Yellow/Black""@en "" Puma Mens Shoes Firm Ground Yellow/Black ""@en"
1131,"""Nike Air Max 90 Essential""@de Essential Hellblau Dunkelblau Hellgrau Weiss 537384-416 - Purchaze""@de"
1132,"""Nike Free Run - Blanco/Negro""@es "" Nike Zapatillas para hombre-Blanco/Negro ""@es"
1133,"""GEL-CHALLENGER 11""@en-de 11 | Men Men's Padel Shoes ASICS""@en-de"
1134,"""Nike Kids Mercurial Vapor X FG - Squadron Blue/Black/Volt""@en "" Nike Junior Boots Firm Ground Blue/Black/Volt ""@en"
1135,"""adidas Adizero Malice FG"" FG comprare e offerta su Goalinn"""
1136,"""Nike Tiempo Legacy II FG - Black/White/Metallic Gold""@en "" Nike Mens Boots Firm Ground Gold ""@en"
1137,"""Puma BOG Sock Core - High Risk Red""@en "" Mens Shoes Puma Red 362038-03 ""@en"
1138,"""Puma Kids evoPOWER 4.3 FG - Red Blast/Puma White/Puma Black""@en "" Puma Black Youths Soccer Cleats Firm Ground ""@en"
1139,"""Nike Mercurial Veloce III Ronaldo FG - Verde/Volt/Hasta/Bianco""@it "" Nike Scarpe Uomo Terreni Compatti Verde/Volt/Hasta/Bianco ""@it"
1140,""" Air Jordan 11 Retro Low ""columbia""""@en ""Air ""columbia"" - Mens Footwear – The Sneaker Authority""@en"
1141,"""NIKE JR MERCURIAL VICTORY FG""@de FG - KIND FUßBALLSCHUHE NOCKEN Nike Farbe Weiß 651634 107 Der Online-Shop für deine Sportbekleidung""@de"
1142,"""Nike Air Max 90 Flash GS (807626-001)""@de"
1143,"""Nike Hypervenom Phantom II SG-Pro - Volt/Nero/Turchese Hyper""@it "" Nike Scarpe Uomo Terreni Morbidi Hyper ""@it"
1144,"""Puma evoSPEED 2.3 FG - Plasma Splendente/Bianco/Peacoat""@it "" Scarpe da Calcio Puma Terreni Comapatti Splendente/Bianco/Peacoat 10301204 ""@it"
1145,"""Puma evoSPEED 5.5 FG - Bianco Puma/Nero Puma/Arancione""@it "" Puma Scarpe Uomo Terreni Compatti Puma/Arancione ""@it"
1146,""" Keen Daytona Black Olive ""@cs ""Keen - cz""@cs"
1147,"""ASICS Tiger GEL-Mai - Surf The Web""@en "" Mens Shoes ASICS Web H703N-4590 ""@en"
1148,"""Metallic Sandals"" ""Allshoes at Crazy8 """
1149,"""Nike HyperVenomX Proximo IC - Volt/Black""@en "" Nike Mens Soccer Cleats Indoor Volt/Black ""@en"
1150,"""Nike Hypervenom Phantom II SG-Pro - Volt/Black/Hyper Turquoise""@en "" Nike Mens Soccer Cleats Soft Ground Turquoise ""@en"
1151,""" Keen Harvest MJ Midnight Navy ""@sv ""Keen - se""@sv"
1152,"""GEL-CUMULUS 19""@en-ie 19 | Women Road Running ASICS""@en-ie"
1153,"""Nike Sportswear Fille Roshe One (GS) - Noir""@fr "" Chaussures enfant Nike Noir ""@fr"
1154,""" Nike Wmns Air Max 90 Premium - Linen ""Nike 896497-200 sneakAvenue"""
1155,"""NIKE ROSHE ONE (GS) ""@pl | CZARNY 279.99 PLN Sneakersy 599728031""@pl"
1156,"""NIKE WMNS NIKE FLEX 2017 RN""@pl odzież i akcesoria dla kobiet | sklep internetowy up8""@pl ""Bieganie - buty"
1157,"""Asics Dames Fuze X Lyte - Onyx/Wit/Turquoise""@nl "" Asics Schoenen Hardlopen Onyx-Wit-Turquoise ""@nl"
1158,"""Asics Gel-Challenger 11 - White/Silver""@en-GB "" Asics White/Silver Mens Shoes All Court ""@en-GB"
1159,""" Keen Newport H2 Black/True Red ""@nl ""Keen - nl""@nl"
1160,"""Nike Magista Opus FG - Hyper Grape/Metallic Silver/Ghost Green""@en "" Nike Soccer Cleats Firm Ground Green ""@en"
1161,"""Nike Sportswear Air Max 90 Pelle - Bianco""@it "" Scarpe Nike Bianco 302519-113 ""@it"
1162,"""Asics Lethal Speed SG - Electric Blue/White/Flash Yellow""@en "" Asics Mens Boots Soft Ground Yellow ""@en"
1163,"""FUZEX""@es-es ""FUZEX | Women Women's Easy Running Shoes ASICS""@es-es"
1164,""" Therm-A-Rest NeoAir Torrent Air Pump ""@sv ""Therm-A-Rest - se""@sv"
1165,"""NIKE AIR MAX 90 ESSENTIAL ""@pl ""Nike męskie✓ Darmowa dostawa do domu ★ sklep Sizeer ★""@pl"
1166,"""Nike Kids Mercurial Vortex III FG - Black/Pink Blast""@en "" Nike Junior Soccer Cleats- Firm Ground Blast ""@en"
1167,"""Nike AIR Zoom Pegasus 32 Men's Training Shoes - Green/Blue Lagoon/Black""@en ""Running and Training""@en"
1168,"""Nike Sportswear Air Huarache Run Ultra - Black""@en "" Mens Shoes Nike Black 819685-002 ""@en"
1169,"""Air Jordans 6 Retro Infrared 23/Black-Infrared 23 For Sale""@en-US Sale | New 2017""@en-US"
1170,"""Concave Halo+ Microfibre FG - Bianco/Rosa""@it "" Concave Scarpe Uomo Terreni Compatti Bianco/Rosa ""@it"
1171,"""Nike Kids Tiempo Legend VI FG - Black/White/Metallic Gold""@en "" Nike Junior Boots Firm Ground Gold ""@en"
1172,"""NIKE TEAM HUSTLE D 7""@en apparel and sports equipment""@en 7 - MAN BASKETBALL SHOES Nike colour Black 747998 007 Athletic footwear"
1173,"""Puma evoSPEED SL FG - Eclipse Total/Lava/Blanco""@es "" Puma -Botas de futbol Total/Lava/Blanco ""@es"
1174,"""Air Jordan Retro 5 ''Flight Suit''""@en Suit'' - Grosbasket""@en"
1175,"""Nike Free 5.0 Flash Men's Training Shoe - Silver/Gray/Jade""@en ""Running and Training""@en"
1176,"""CHAUSSURE DE ROUTE GEL-NIMBUS 19 LITE-SHOW POUR FEMMES""@fr-be FEMMES | Women Women's Road Running Shoes ASICS""@fr-be"
1177,"""Highland Wax Jacket""@en ""Men's Parker Straight Cord Trouser in Taupe from Crew Clothing Company""@en"
1178,"""Dziecięce buty Nike Tiempo Rio III FG - Szary/Czarny/Zielony""@pl "" Dziecięce piłkarskie Trawa naturalna Lanki Szary/Czarny/Zielony ""@pl"
1179,"""Nike Hypervenom Phelon II FG - Volt/Nero/Hyper Turchese""@it "" Nike Scarpe Uomo Terreni Compatti Turchese ""@it"
1180,"""Nike Zoom Winflo 3 - Black/White-Anthracite""@en "" Nike Black/White-Anthracite Mens Shoes 831561-001 ""@en"
1181,"""Air Max 90 Essential"" ""Nike Air Essential - 537384-111 | everysize.com"""
1182,"""Buty Puma evoSPEED SL FG - Czerwony/Biały/Total Eclipse""@pl "" Męskie buty piłkarskie Trawa naturalna Lanki 10323501 Czerwony-Biały-Total Eclipse ""@pl"
1183,"""Buty Nike Magista Opus FG - Czarny/Zielony/Hyper szkarłat""@pl "" Buty piłkarskie Korki Twarde podłoże Trawa naturalna Lanki 649230-003 Czarny-Zielony-Hyper szkarłat ""@pl"
1184,"""Nike HypervenomX Proximo IC - Volt/Negro""@es "" Nike Zapatillas de futbol-Volt/Negro ""@es"
1185,"""Asics Gel Lyte III""@en III Valentines Pack H63QQ-2323 - Purchaze""@en"
1186,"""GEL-NIMBUS 19""@es-es 19 | Men Road Running ASICS""@es-es"
1187,"""Nike Junior Mercurial Vapor X FG - Cremise Acceso/Violetto Persiano/Nero""@it "" Scarpe da Calcio Nike Terreni Compatti Persiano/Nero ""@it"
1188,"""Nike Metcon 2 -Negro/Blanco""@es "" Nike -Zapatillas de entrenamiento-Negro/Blanco ""@es"
1189,"""Nike Mercurial Superfly V Ronaldo FG - Algue/ Volt/ Hasta/ Blanc""@fr "" Chaussures de football homme Nike CR7 Terrain sec Algue Volt Hasta Blanc I Pro Direct Soccer ""@fr"
1190,"""NIKE AIR MAX THEA""@en apparel and sports equipment""@en THEA - WOMAN FREE TIME SHOES Nike colour White 599409 101 Athletic footwear"
1191,"""Nike Sportswear Air Footscape Magista Flyknit - Carmin""@fr "" Nike chaussures pour homme carmin ""@fr"
1192,"""NIKE TORBA NK BRSLA M DUFF""@pl ""Torby sportowe na ramię ✓ Darmowa dostawa ★ Sizeer ★""@pl"
1193,"""NIKE AIR MAX 90 ESSENTIAL ""@pl ""Buty obuwie sportowe męskie Nike. ✓ Darmowa dostawa ★ Sizeer ★""@pl"
1194,"""Nike Sportswear Air Presto Essential - Black""@en "" Mens Shoes Nike Black/Black-Black 848187-011 ""@en"
1195,"""Nike TiempoX Mystic V TF - Negro/Blanco/Verde Electro""@es "" Zapatillas de futbol-Nike Electro ""@es"
1196,"""Asics Gel GT 1000 3 Kids Running Shoes SS15 7001""@en 7001 · Asics Mild Support Trainers ah""@en"
1197,""" Keen Commuter III Black/Gargoyle ""@da ""Keen - dk""@da"
1198,"""Nike Lunartempo para mujer- Azul/Fuxia""@es "" Nike mujer-Zapatillas mujer-Azul-Fuxia ""@es"
1199,"""Nike HypvernomX Finale TF - Bianco/Nero/Verde Glow/Bianco""@it "" Nike Scarpe Uomo Campi Sintetici Bianco-Nero-Verde Glow-Bianco ""@it"
1200,"""Nike Sportswear Tennis Classic CS - White""@en "" Mens Shoes Nike White 683613-104 ""@en"
1201,"""Nike Tiempo Genio II Pelle FG - Giada/Nero/Volt""@it "" Nike Scarpe Uomo Terreni Compatti Giada/Nero/Volt ""@it"
1202,"""Reggiseno Nike Pro Rival - Biancot/Nero/Nero""@it "" Reggiseno Abbigliamento Donna Bianco-Nero-Nero ""@it"
1203,"""Nike Free Run Distance - Noir/Blanc/Gris""@fr "" Chaussures homme Nike Noir-Blanc-Gris ""@fr"
1204,"""Jordan Air Jordan 1 Retro High - Gym Red""@en "" Mens Shoes Red 332550-602 ""@en"
1205,"""Nike Sportswear Free Hypervenom 2 - Nero""@it "" Scarpe Uomo Nike Nero ""@it"
1206,"""Nike Academy 16 Knit Tracksuit 2 - University Red/Black/Gym Red/White""@en "" Nike Mens Football Teamwear Red/White ""@en"
1207,"""Nike WMNS Air Max 90""@en 90 Black 325213-043 - Purchaze""@en"
1208,"""Nike Air Zoom Pegasus 33 Women's Training Shoes - White/Pink/Green""@en ""Women's Footwear""@en"
1209,"""SCARPA DA CORSA GEL-QUANTUM 360 KNIT DONNA""@it-it DONNA | Women Women's Easy Running Shoes ASICS""@it-it"
1210,"""Concave Volt + SG - Black/Pink""@en "" Concave Mens Boots Soft Ground Black/Pink ""@en"
1211,"""NIKE WMNS AIR MAX THEA ""@pl | CZARNY 499.99 PLN Sneakersy 599409020""@pl"
1212,"""NORDRANA"" ""NORDRANA Basket set of 4 gray - IKEA"""
1213,""" Keen Wichita Black/Drizzle ""@fr ""Keen - fr""@fr"
1214,"""Puma evoPOWER 3.2 Ferme Grond - Wit/Total Eclipse/Lava Blast""@nl "" Puma Heren Voetbalschoenen Wit-Total Eclipse-Lava Blast ""@nl"
1215,"""GEL-PULSE 8""@it-it 8 | Women SCARPE DA RUNNING PER DONNA ASICS""@it-it"
1216,"""Asics Gel Kayano Trainer EVO H621N-4950 ""@es ""Longlou Sneakers - Asics H621N-4950""@es"
1217,"""Roshe One"" ""Nike Roshe One - 511881023 | everysize.com"""
1218,"""2016 Air Jordan 11 Low “Cherry” White/Varsity Red Cheap For Sale""@en-US Sale | Retro Shoes""@en-US"
1219,"""Air Zoom Pegasus 33""@fr zoom pegasus 33 nike noir à partir de 88 00 € modèle homme""@fr"
1220,"""GEL-LYTE MT""@fr-fr MT | Unisex Men's Sneakers ASICS Tiger""@fr-fr"
1221,"""ASICS Tiger Gel-Mai (H703N 4590) Sneakers for Men @ upclassics"""
1222,"""ASICS GEL-Lyte Runner Chameleon - Black""@en "" Mens Shoes ASICS Tiger Black HN6F0-9090 ""@en"
1223,"""NIKE AIR MAX 90 ULTRA 2.0 LTR""@pl Męskie i Dziecięce ✓ Darmowa dostawa ★ Sizeer ★""@pl ""Nike Air Max Damskie"
1224,"""Puma Esito Classico FG - White/Black""@en "" Puma Mens Boots Firm Ground White/Black ""@en"
1225,"""Nike mercurial victory v fg""@bg ""football shoes fg Nike - Футболни обувки Обувки Мъже | TEMPO STORES Онлайн магазин""@bg"
1226,"""Nike Zoom Speed Trainer Men's Training Shoes - Black/White""@en ""Running and Training""@en"
1227,"""Nike Free Hypervenom - Black/Black/Dark Grey/Metallic Zinc""@en "" Boys Shoes Nike Zinc 705390-001 ""@en"
1228,"""Air Max 90 Ultra Essential""@en"
1229,"""GEL-CHALLENGER 11""@it-it 11 | Men SCARPE DA PADEL UOMO ASICS""@it-it"
1230,"""Nike Sportswear Benassi JDI - Nero""@it "" Scarpe Uomo Nike Nero ""@it"
1231,"""Nike Train Speed 4 - Negro/Blanco""@es "" Nike Zapatillas de deporte- Negro/Blanco ""@es"
1232,"""Damskie Nike Sportswear Benassi JDI Print - Niebieski""@pl "" Damskie Obuwie damskie Niebieski 618919-400 ""@pl"
1233,"""GEL-NIMBUS 19""@en-fr 19 | Women Women's Road Running Shoes ASICS""@en-fr"
1234,"""Nike Sportswear Classic Cortez Cuir - Blanc / Marine Rouge""@fr "" Chaussures homme Nike Rouge ""@fr"
1235,"""Nike Zoom Structure 19 Women's Running Shoes SU16 500""@en 500 · Nike Moderate Support Trainers ah""@en"
1236,"""Nike Tiempo Legend VI SG-Pro - Zwart/Hyper Turqouise""@nl "" Nike SG Heren Voetbalschoenen Zachte Grond Zwart-Hyper Turqouise ""@nl"
1237,"""PUMA BASKET PLATFORM PATENT WN'S""@pl ""Buty obuwie sportowe Puma ✓ Darmowa dostawa ★ Sizeer ★""@pl"
1238,"""PUMA SUEDE CLASSIC+""@pl CLASSIC+ | BORDOWY 279.99 PLN Sneakersy 35263475""@pl"
1239,"""Gel Sonoma 3 G-TX M"" ""Asics"""
1240,"""Nike Free Run Distance - Bleu Gamma/ Noir/ Cyan""@fr "" Nike chaussures pour homme bleu gamma noir cyan ""@fr"
1241,"""Puma Top Winner Mesh - Blauw/Geel/Wit""@nl "" Puma Schoenen Heren Blauw ""@nl"
1242,""" FjallRaven Merano Canvasbelt Dark Olive ""@fr ""FjallRaven - ca_fr""@fr"
1243,"""Pantaloni Impermeabili Nike Foundation 12 - Nero/Bianco""@it "" Abbigliamento Allenamento Pantaloni Nero-Bianco 447433-010 ""@it"
1244,"""Nike Femme Air Zoom Pegasus 32 - Hyper Violet/ Bleu Gamma/ Blanc/ Noir""@fr "" Nike chaussures pour femme hyper violet bleu gamma blanc noir ""@fr"
1245,"""Nike Flylon Train Dynamic - Negro/Blanco/Gris oscuro/Volt""@es "" Nike -Zapatillas de deporte- oscuro/Volt ""@es"
1246,"""Nike Air Max 90 Essential""@en Essential Black Wolf Grey White 537384-053 - Purchaze""@en"
1247,"""Diadora B.Original - Czerwony""@pl "" Diadora Buty męskie Czerwony ""@pl"
1248,"""Nike Defendre Cuir - Noir/Anthracite/Blanc""@fr "" Nike Chaussures de Football Homme Noir-Anthracite-Blanc ""@fr"
1249,"""Metallic Sandals"" Chelsea Boots at Crazy8 """
1250,"""GEL-KAYANO TRAINER EVO""@de-at EVO | Unisex Men's Sneakers ASICS Tiger""@de-at"
1251,"""Low-top retro trainers in soft nubuck""@en"
1252,"""Puma evoSPEED SL Lth II FG - Puma White/Puma Black/Shocking Orange""@en "" Orange Mens Soccer Cleats Firm Ground ""@en"
1253,"""GT-2000 5 LITE-SHOW""@it-it LITE-SHOW | Women Road Running ASICS""@it-it"
1254,""" Nike WMNS Air Footscape Woven"
1255,"""AIR MORE UPTEMPO"" "" kixpress.com - NIKE   AIR UPTEMPO 414962-103"
1256,"""Nike Sportswear Air Footscape Magista Flyknit - Cremise Acceso""@it "" Nike Acceso ""@it"
1257,"""Puma IGNITE Mesh para mujer-Rojo/Azul/Blanco""@es "" Puma mujer-Zapatillas de correr mujer-Rojo-Azul-Blanco ""@es"
1258,"""adidas Adipure 360.4 W"" Traininn"" W kopen en aanbiedingen"
1259,"""Nike Sportswear Benassi JDI Douche Schoenen - Zwart/Wit""@nl "" Heren Nike Zwart-Wit 343880-090 ""@nl"
1260,"""NIKE MD RUNNER 2 BG""@pl ""Obuwie odzież i akcesoria dla dzieci ✓ Darmowa dostawa ★ Sizeer ★""@pl"
1261,""" Nike Air Max 1 Ultra 2.0 Essential - White ""Nike 875679-101 nakup v sneakAvenue"""
1262,"""NIKE AIR MAX 90 ULTRA 2.0 LTR""@pl ""Buty obuwie sportowe męskie Nike. ✓ Darmowa dostawa ★ Sizeer ★""@pl"
1263,""" Keen Wichita Black/Drizzle ""@pl ""Keen - pl""@pl"
1264,"""Metallic Sandals"" ""Shoes at Crazy8 """
1265,"""Nike Mercurial Vapor XI FG - Total Crimson/Volt/Pink Blast""@en "" Nike Mens Boots Firm Ground Blast ""@en"
1266,"""GEL-BLADE 5""@en-it 5 | Men Men's Squash & Badminton Shoes ASICS""@en-it"
1267,"""Puma Esito Classico SG - Negro/Blanco/Bronce""@es "" Botas de futbol Puma- Puma 10333301 Negro/Blanco/Bronce ""@es"
1268,"""Nike Sportswear Roshe Run - Gris Loup / Blanc""@fr "" chaussures pour homme Nike gris loup-blanc ""@fr"
1269,"""Basketball shoes Air Jordan V Retro GS""@en GS | Shoes \ - Basketball shop Basketmania""@en"
1270,"""Air Jordans 13 Retro French Blue/Flint Grey-White For Sale""@en-US Sale | New 2017""@en-US"
1271,"""GEL-CHALLENGER 11""@en-es 11 | Men Men's Tennis Shoes ASICS""@en-es"
1272,"""Lace Metallic Leggings""@en ""Haute Hippie Lace Leggings | SHOPBOP""@en"
1273,"""Nike Air Zoom Pegasus 33 para mujer-Negro/Blanco/Antracita/Gris""@es "" Nike mujer-Zapatillas mujer-Negro/Blanco/Antracita/Gris ""@es"
1274,"""Nike Kids Hypervenom Phade II FG-R - Volt/Zwart/Hyper Turquoise""@nl "" Nike Kinderen Voetbalschoenen Ferme Grond Volt-Zwart-Hyper Turquoise ""@nl"
1275,"""Nike Premier FG Boots - Black/White""@en "" Nike Football The Black-White Firm Ground Mens 599427-018 ""@en"
1276,"""Nike Tiempo Legacy II FG - White/Black/Total Orange""@en "" Nike Mens Boots Firm Ground Orange ""@en"
1277,"""Nike Free Run - Nero/Bianco/Antracide""@it "" Nike Scarpe Uomo Nero/Bianco/Antracide ""@it"
1278,"""Metallic Sandals"" ""Shoes And Boots at Crazy8 """
1279,"""Puma Esito Classico FG - Nero/Bianco/Bronzo""@it "" Scarpe da Calcio Puma Terreni Compatti Nero-Bianco-Bronzo 10333601 ""@it"
1280,"""Sneakers buty Puma R698 Core Leather white / steel gray (360601-01)""@pl (360601-01) | Bludshop.com""@pl"
1281,"""Nike Tiempo Mystic V FG - Clear Jade/Black/Volt""@en "" Nike Mens Soccer Cleats Firm Ground Jade/Black/Volt ""@en"
1282,""" Patagonia R3 Wool Lined Split Toe Booties Black ""@da ""Patagonia - dk""@da"
1283,"""Nike Hypervenom Phatal II DF FG - Volt/ Noir/ Hyper Turquoise""@fr "" Nike chaussures pour homme terrain sec volt noir hyper turquoise ""@fr"
1284,"""Nike Free Hypervenom - Zwart/Donker Grijs/Metallic Zinc""@nl "" Jongens Schoenen Nike Zinc 705390-001 ""@nl"
1285,""" Sneaker Hogan Interactive en gamuza azul noche ""@es ""Sneaker noche""@es"
1286,"""Concave Volt 1.0 SG -Negro/Rosa""@es "" Concave -Botas de futbol-Terrenos blandos-Negro/Rosa ""@es"
1287,"""Nike F.C. Roshe Tiempo VI - Negro""@es "" Nike Zapatillas-Deportivas Nike-Negro ""@es"
1288,""" Nike Air Max 95 Essential - Black ""Nike 749766-021 sneakAvenue"""
1289,"""Nike Magista Onda IC"" 优惠 IC 购买 Goalinn"""
1290,"""Dziecięce buty Nike Mercurial Victory V FG - Biały/Czarny/Volt/Pomarańczowy""@pl "" Dziecięce piłkarskie Trawa naturalna Lanki Biały/Czarny/Volt/Pomarańczowy ""@pl"
1291,"""Nike Sportswear Lunar Magista II FK - Negro""@es "" Nike Zapatillas-Deportivas Nike- Negro ""@es"
1292,"""SOBREMESA MEDION S91/ i7-7700/ 8GB/ 1TB+240GBSSD/ GTX1070/ W10 PCC426""@es ""HP EliteDesk PC 800 G2 con factor de forma reducido (ENERGY STAR) -... ""@es"
1293,"""Asics Gel-Lyte III Split Camo - Marcepanowy""@pl "" Asics Marcepanowy-Obuwie Meskie Buty Meskie-H7Y0L-0593 ""@pl"
1294,""" Nike Roshe Two Flyknit - Black ""Nike 844833-006 sneakAvenue"""
1295,"""NIKE MERCURIAL VICTORY IV FG""@fr FG - BOTTES FOOTBALL FIXES Nike couleur Jaune 555613 703 Anima Sportiva Sport boutique""@fr"
1296,"""Nike Air Zoom Structure 19 CP - Black/White-Volt""@en "" Nike Mens Shoes Black/White-Volt ""@en"
1297,"""Nike sneaker flex 2016 rn""@en-gb ""Tudo para futebol""@en-gb"
1298,"""Vans Classic Slip-On black (VN-0EYEBLK)""@eu (VN-0EYEBLK) | Bludshop.com""@eu"
1299,""" FjallRaven G-1000 Cap Dark Grey ""@de ""FjallRaven - ch_de""@de"
1300,"""Dziecięce buty Nike Tiempo Rio III FG - Jasny/Czarny/Volt""@pl "" Dziecięce piłkarskie Trawa naturalna Lanki Jasny/Czarny/Volt ""@pl"
1301,"""ASICS GEL-LYTE III ""@pl | BIALY 439.99 PLN Sneakersy H534L0101""@pl"
1302,"""Nike Metcon 2 - Black/White/Wolf Grey/Volt""@en "" Nike Mens Shoes Regular Training Grey/Volt ""@en"
1303,"""Buty ASICS Gel-Lyte III - Czarne""@pl "" Buty męskie Czarne ""@pl"
1304,"""Air Jordan 6 Retro “All-Star” (#907961-015)""@en-US (#907961-015) | SobeSoles.com""@en-US"
1305,"""Puma evoPOWER 1.2 FG - Peacoat-Blanco-Plasma""@es "" Botas de futbol Puma- Puma Terrenos firmes- 10317101- Peacoat-Blanco-Plasma ""@es"
1306,"""GEL-FORTITUDE 7""@fr-fr ""GEL-FORTITUDE 7 | Women CHAUSSURES DE COURSE À PIED POUR FEMMES ASICS""@fr-fr"
1307,"""Air Jordans 5 Retro “Shanghai Shen” Black/Varsity Maize-Varsity Royal-Black For Sale""@en-US Sale | New 2017""@en-US"
1308,""" Keen Chandler CNX Black/Gargoyle ""@en ""Keen - ca""@en"
1309,""" Nike Air VaporMax Flyknit Running"
1310,"""Nike Sportswear Air Max 90 Mid Winter - Nero""@it "" Nike Scarpe Uomo Nero ""@it"
1311,"""Nike Roshe One""@en One Black 511881-026 - Purchaze""@en"
1312,"""Nike Hypervenom Phelon II FG - Platino/Negro/Verde fantasma""@es "" Nike Botas de futbol-Terrenos firmes-Platino/Negro/Verde fantasma ""@es"
1313,"""ASICS Tiger GEL-Kayano Trainer Evo Origami Pack - Monaco Blue / Indian Ink""@en "" Mens Shoes ASICS Ink H621N-4950 ""@en"
1314,""" Keen Newport H2 Black/True Red ""@fr ""Keen - ca_fr""@fr"
1315,""" Nike Air Jordan XI Retro Low ""UNC"" "", ""Air ""UNC"""" ""Nike UNC - 528895-106 | 43einhalb sneaker store"""
1316,"""Nike HypervenomX Finale TF - Scarpe Uomo Campi Coperti Volt/Black/Hyper Turquoise""@it "" Nike Sintetici Turquoise ""@it"
1317,"""Nike Free Run Flyknit - Black/White""@en "" Nike Black/White Mens Shoes 831069-001 ""@en"
1318,"""Nike Sportswear Air Force 1 07 - Blanco""@es "" Nike Zapatillas de deporte-Deportivas-Blanco ""@es"
1319,"""Puma evoSPEED 1.4 FG - Lave/Blanc/Eclipse Totale""@fr "" Puma chaussures homme terrain sec lave-blanc-eclipse totale ""@fr"
1320,"""NIKE AIR COURTBALLISTEC 4.1""@fr 4.1 - CHAUSSURES TENNIS HOMME Nike couleur Blanc 488144 109 Anima Sportiva Sport boutique""@fr"
1321,"""Nike Junior Mercurial Victory V FG - Cremise Acceso/Violetto Persiano/Nero""@it "" Scarpe da Calcio Nike Terreni Compatti Persiano/Nero ""@it"
1322,"""Nike Kids Tiempo Legend VI FG - Clear Jade/Black/Volt""@en "" Nike Junior Boots Firm Ground Jade/Black/Volt ""@en"
1323,"""Sneakers buty Nike Roshe One wolf grey / white (511881-023)""@pl (511881-023) | Bludshop.com""@pl"
1324,"""NIKE AIR VIBENNA PREM""@pl ""Nike męskie✓ Darmowa dostawa do domu ★ sklep Sizeer ★""@pl"
1325,"""Nike Air Zoom Pegasus 33 Women's Training Shoes - White/Pink/Green""@en ""Running and Training""@en"
1326,"""WMNS Roshe One"" ""Nike WMNS One - 844994-002 | everysize.com"""
1327,"""Nike Sportswear Classic Cortez Nylon - Black""@en "" Mens Shoes Nike Black 807472-011 ""@en"
1328,"""Puma evoPOWER 1.3 Lth FG - Red Blast/Puma White/Puma Black""@en "" Puma Black Mens Boots Firm Ground ""@en"
1329,"""Air Jordan 13 Retro “Playoffs” Black/Varsity Red-White-Vibrant Yellow For Sale""@en-US Sale | New Jordans 2015""@en-US"
1330,"""Nike Junior Hypervenom Phelon II FG - Nero/Volt""@it "" Nike Scarpe Uomo Terreni Compatti Nero/Volt ""@it"
1331,"""Nike Mercurial Veloce III DF FG - Black/Pink Blast""@en "" Nike Mens Boots Firm Ground Blast ""@en"
1332,"""Air Jordan 1 High OG Royal Black/Varsity Royal-White For Sale""@en-US Sale – Hoop Jordan""@en-US"
1333,"""Asics Womens Gel-Cumulus 17 - Deep Cobalt/Turquoise/Dutch Blue""@en "" Asics Shoes Blue ""@en"
1334,"""Puma evoSPEED 1.4 FG -Laca/Blanco/Eclipse total""@es "" Puma -Botas de futbol- Terrenos Firmes-Laca-Blanco-Eclipse total ""@es"
1335,"""Puma Junior evoPOWER 4.2 FG - Peacoat/Bianco/Plasma Splendente""@it "" Scarpe da Calcio Puma Splendente 10322801 ""@it"
1336,"""Concave Halo+ Youths FG - Blue/White""@en "" Concave Kids Soccer Cleats Firm Ground Blue/White ""@en"
1337,"""Nike WMNS Classic Cortez Leather""@en Leather White Black 807471-101 - Purchaze""@en"
1338,"""Puma evoSPEED 5.4 FG - Giallo Safety/Blu Atomic/Bianco""@it "" Puma Scarpe Uomo Terreni Compatti Atomic/Bianco ""@it"
1339,"""Nike Hypervenom Phantom II SG-Pro - Volt/Negro/Hyper turquesa""@es "" Nike -Botas de futbol- turquesa ""@es"
1340,"""MAX 95 EM SNEAKER"" ""NIKE MAX SNEAKER - Orange | Jimmy Jazz 554971886"""
1341,"""Asics Womens Fuze X - Black/VBlack/Diva Pink""@en "" Asics Pink Shoes T689-9090 ""@en"
1342,""" Keen Daytona Black Olive ""@en ""Keen - au""@en"
1343,"""Buty Męskie Nike Air Max Zero Essential - Czarny""@pl "" Buty Czarny 876070-010 ""@pl"
1344,"""Nike Free Trainer 3.0 V4 - Noir/ Noir-Gris-Orange Total""@fr "" Nike chaussures pour homme noir-noir-gris-orange total ""@fr"
1345,"""lunar caldra"" ""Nike lunar caldra - 803879-414 | everysize.com"""
1346,"""Nike Enfant Magista Onda IN - Blanc/ Noir/ Rose/ Volt""@fr "" Nike chaussures pour enfant indoor blanc noir rose volt ""@fr"
1347,"""Nike Tiempo Legend VI FG - Giada/Nero/Volt""@it "" Nike Scarpe Uomo Terreni Compatti Giada/Nero/Volt ""@it"
1348,"""Buty Puma Suede Classic+ - Cabernet/Biały""@pl "" Buty męskie Cabernet-Biały ""@pl"
1349,"""Nike TiempoX Mystic V TF - Nero/Bianco/Verde Electro""@it "" Nike Scarpe Uomo Campi Sintetici Electro ""@it"
1350,"""Ariat Men's Fuse Rodeo Red Mesh Shoes""@en Shoes | Sheplers""@en"
1351,"""Nike HyperVenomX Finale IC - White/Black/Green Glow/White""@en "" Nike Mens Boots Glow/White ""@en"
1352,"""New Balance 247 - Navy""@en "" Mens Shoes New Navy MRL247RB ""@en"
1353,"""Nike Zoom Speed TR3 - Vert/ Blanc/ Noir""@fr "" Nike chaussures pour homme vert-blanc-noir ""@fr"
1354,"""Sneakers Asics Gel - Lyte III navy / white (H5Z2N-5001)""@eu (H5Z2N-5001) | Bludshop.com""@eu"
1355,"""Buty Nike Tiempo Legend V FG - Czarny/Volt/Biały""@pl "" Buty piłkarskie Sucha murawa Korki Lanki 631518-017 Czarny-Volt-Biały ""@pl"
1356,"""NIKE JR MAGISTA OLA II FG""@en FG - SOCCER SHOES Nike colour Green 844204 374 Athletic footwear apparel and sports equipment""@en"
1357,"""Puma evoSPEED 1.2 Leather FG Soccer Cleats Sharks Blue with Peach"" - Cleats"""
1358,"""Nike Hypervenom Phantom SG-Pro - Volt/Persian Violet/Hot Lava/Black""@en "" Nike Mens Boots Soft Ground Lava/Black ""@en"
1359,"""Nike Junior MercurialX Vapor XI CR7 IC – The Soccer Factory""@en-US"
1360,"""Nike Hypervenom Phatal III DF FG - Schwarz/Weiß/Game Royal""@de "" Herren Fußballschuhe Nike Royal ""@de"
1361,"""Concave Quantum + FG - Wit/Zwart""@nl "" Concave Heren Voetbalschoenen Ferme Grond Wit-Zwart ""@nl"
1362,"""Nike Free 5.0 para mujer-Negro/Blanco/Gris""@es "" Nike mujer-Zapatillas de correr Nike-Negro-Blanco-Gris ""@es"
1363,"""Nike Lunartempo 2 MP -Negro/Antracita/Verde""@es "" Nike -Zapatillas de entrenamiento para hombre-Negro/Antracita/Verde ""@es"
1364,"""NIKE TIEMPO GENIO II LEA FG""@en FG - MAN SOCCER SHOES Nike colour Red 819213 608 Athletic footwear apparel and sports equipment""@en"
1365,"""Asics Gel Lyte III""@en III Granite Pack H6B2L-9024 - Purchaze""@en"
1366,"""Puma R698 Core Leather black-black-drizzle (360601-02)""@eu (360601-02) | Bludshop.com""@eu"
1367,"""Nike Mercurial Vapor XI FG - Negro/Rosa""@es "" Nike Botas de futbol-Terrenos firmes-Negro/Rosa ""@es"
1368,"""Nike MercurialX Proximo II Ronaldo IN - Algue/ Volt/ Hasta/ Blanc""@fr "" Chaussures de football homme Nike CR7 Indoor Algue Volt Hasta Blanc I Pro Direct Soccer ""@fr"
1369,"""Nike Junior Magista Obra II FG - Nero/Cremise Totale""@it "" Nike Scarpe Terreni Compatti Totale ""@it"
1370,"""Nike Sportswear Lunar Magista II FK - Schwarz""@de "" Nike Herren Trainingsschuhe Schwarz ""@de"
1371,"""SCARPA DA CORSA STRADA GT-2000 5 DONNA""@it-it DONNA | Women Women's Road Running Shoes ASICS""@it-it"
1372,"""Nike Womens Air Zoom Pegasus 33 - Black/White/Anthracite/Cool Grey""@en "" Nike Grey Shoes 831356-001 ""@en"
1373,""" LOAFER METALLIC SHOE ""@en-GB ""LOAFER - GOLD Penelope Chilvers""@en-GB"
1374,"""Puma BOG Sock Core high risk red (362038-03)""@eu (362038-03) | Bludshop.com""@eu"
1375,"""Buty Concave Halo+ FG Mikrofibra - Niebieski/Biały""@pl "" Microfibre Męskie buty piłkarskie Trawa naturalna Niebieski Biały ""@pl"
1376,"""ZE 329"" ""Tiresavings.com - The Best Value In Tires on the Web!"""
1377,"""Nike Kids Magista Ola II FG - Rio Teal/Volt/Obsidian/Clear Jade""@nl "" Nike Kinderen Voetbalschoenen Ferme Grond Jade ""@nl"
1378,"""Nike Girls Air Max 2016 (GS) - Hyper Pink""@en "" Shoes Nike Pink 807237-600 ""@en"
1379,"""Nike Zoom Structure 19 Comp Pack Men's Running Shoes SP16 007""@en 007 · Nike Moderate Support Trai ah""@en"
1380,"""Air Jordan 5 Low “Dunk From Above” White/Metallic Gold Star-Midnight Navy For Sale""@en-US Sale | New Jordans 2016""@en-US"
1381,"""Nike Womens Air Zoom Pegasus 33 - Black/White-Anthracite-Cool Grey""@en-GB "" Nike Grey Shoes 831356-001 ""@en-GB"
1382,"""Air Jordan 14 Retro Low “Laney” Varsity Royal/Varsity Maize-Black-White For Sale""@en-US Sale | Cheap Jordans 2017""@en-US"
1383,"""Nike Sportswear Roshe Run - Marine/Noir/Blanc""@fr "" Chaussures homme Nike Marine-Noir-Blanc ""@fr"
1384,"""ASICS Tiger GEL-Kayano Trainer Evo Origami Pack - Black / Dark Grey""@en "" Mens Shoes ASICS Grey H621N-9016 ""@en"
1385,"""Nike Free Trainer 3.0 V4 - Nero/Rosso Team/Rosso University/Volt""@it "" Nike Scarpe Uomo University/Volt ""@it"
1386,"""GEL-KAYANO 24 LITE-SHOW""@en-nl LITE-SHOW | Men Road Running ASICS""@en-nl"
1387,"""PUMA EVOSPEED 3.5 LTH FG""@de FG - FUßBALLSCHUHE NOCKEN Puma Farbe Vielfarbig 103794 01 Der Online-Shop für deine Sportbekleidung""@de"
1388,"""Jordan - Men's Air Jordan 5 Retro 'Dark Stucco Camo' (Dark | Fire Red)"""
1389,"""NIKE ZOOM WINFLO 3"" "" kixpress.com - NIKE   3 831561-001"
1390,"""Asics Gel Pulse 7 Men's Running Shoes SS16 5093""@en 5093 · Asics Neutral Trainers ah""@en"
1391,"""Nike Kids Mercurial Vapor XI Ronaldo IC - Seaweed/Volt/Hasta/White""@en "" Nike MercurialX Mens Boots Indoor Seaweed/Volt/Hasta/White ""@en"
1392,"""Nike WMNS Air Max Thea""@en Thea Black Wolf Grey Anthracite White 599409-007 - Purchaze""@en"
1393,"""Puma evoSPEED SL FG - Total Eclipse/Lava Blast/White""@en "" Puma Mens Boots Firm Ground Blast/White ""@en"
1394,"""Puma Suede Classic+ - Team Regal Red""@en "" Mens Shoes Puma Red 352634-05 ""@en"
1395,"""Nike Train Speed 4 - Black/White/Black""@en "" Nike Mens Shoes Regular Training Black/White/Black ""@en"
1396,"""Nike Mercurial Victory V FG - White/Black/Volt/Total Orange""@en "" Nike Mens Soccer Cleats Firm Ground Orange ""@en"
1397,"""Asics Hyper LD 5 - Deep Blue/Onyx/Flash Yellow""@en "" Mens Shoes Asics Yellow G404Y-4399 ""@en"
1398,"""Puma evoSPEED 1.2 K FG - Blue/Peach""@en "" Puma Soccer Shoes Firm Ground Cleats Sharks Blue-Fluro Peach ""@en"
1399,"""Nike Sportswear Roshe One - Wolf Grey""@en "" Mens Shoes Nike Grey 511881-023 ""@en"
1400,"""Puma evoSPEED 3.5 Lth FG - Puma Black/Puma White/Red Blast""@en "" Blast Mens Soccer Cleats Firm Ground ""@en"
1401,"""Nike Train Speed 4 - Nero/Blu Glow/Bianco""@it "" Nike Scarpe Uomo Training Regolare Glow/Bianco ""@it"
1402,"""NIKE TIEMPO LEGACY IC""@en apparel and sports equipment""@en IC - MAN INDOOR SOCCER SHOES Nike colour Light blue 631522 418 Athletic footwear"
1403,"""Nike Boys Roshe One (GS) - Black""@en "" Nike Black/Metallic Silver-White-White Shoes 599728-021 ""@en"
1404,"""Nike Hypervenom Phantom SG-Pro - Volt/Persian Violet/Hot Lava/Black""@en "" Nike Soccer Cleats Soft Ground Lava/Black ""@en"
1405,"""ASICS GEL NOOSA TRI 11""@en 11 - MAN RUNNING SHOES Asics colour Multicolor T626N 9601 Athletic footwear apparel and sports equipment""@en"
1406,"""GT-2000 5 LITE-SHOW""@en-gb LITE-SHOW | Women Women's Road Running Shoes ASICS""@en-gb"
1407,"""Nike Air Force 1 '07 Mid white (315123-111)""@eu (315123-111) | Bludshop.com""@eu"
1408,"""Nike Kids Tiempo Rio III FG - Clear Jade/Black/Volt""@en "" Nike Junior Boots Firm Ground Jade/Black/Volt ""@en"
1409,"""Nike Sportswear Womens Air Force 1 Hi SE - Black""@en "" Shoes Nike Black / Black-Dark Grey-Gum Med Brown 860544-002 ""@en"
1410,"""Nike Wmns Air Zoom Pegasus 33 (831356-106)""@es-ES (831356-106) - footstop""@es-ES"
1411,"""Air Jordan 11Lab4 ""@fr Rouge | 719864-600 foot District""@fr"
1412,"""Puma Suede Classic+ - Cabernet""@en "" Mens Shoes Puma Cabernet 352634-75 ""@en"
1413,"""Air Jordan 6 Retro ""champagne"" ""@en - Featured – The Sneaker Authority""@en"
1414,"""Puma evoSPEED 3.5 Cuir FG - Blanc Puma/ Noir Orange""@fr "" Puma chaussures pour homme terrain sec blanc noir orange ""@fr"
1415,"""Nike Zoom Train Complete - Cannon/Black/Ghost Green/White""@en-GB "" Nike Mens Shoes Regular Training Green/White ""@en-GB"
1416,"""Nike Jr Mercurial Vapor X FG - Bright Crimson/Persian Violet/Black""@en "" Junior Football Boots Nike Firm Ground Violet/Black ""@en"
1417,"""Nike Roshe One""@en One Black Anthracite Sail 511881-010 - Purchaze""@en"
1418,"""Nike Hypervenom Phatal II DF Cuir FG - Noir/Orange Total""@fr "" Nike chaussures de football homme terrain sec noir-noir-orange total ""@fr"
1419,"""Air Jordan 4 Retro “Pure Money” White/Metallic Silver-Pure Platinum For Sale""@en-US Sale – Hoop Jordan""@en-US"
1420,"""Puma King Top IN- Black/White/Gold""@en "" Puma Football Boots - Indoor Soccer Cleats Black-White-Team Gold ""@en"
1421,"""Nike Free RN Distance Mens Running Shoes - Black""@en Black | Start Fitness""@en"
1422,"""Nike Air Max 90 Leather black / (302519-001)""@eu (302519-001) | Bludshop.com""@eu"
1423,"""Nike Womens Air Zoom Structure 19 - Hyper Violet/White-Gamma Blue-Photo Blue""@en "" Nike Shoes Blue ""@en"
1424,"""NIKE FREE RUN""@en RUN - MAN TIME SHOES Nike colour Black 831508 001 Athletic footwear apparel and sports equipment""@en"
1425,"""Nike WMNS Air Force 1 Hi Se black / black-dark grey (860544-002)""@eu (860544-002) | Bludshop.com""@eu"
1426,"""Nike Air Max Zero Essential - Black""@en "" Mens Shoes Nike Black 876070-010 ""@en"
1427,"""Asics Gel Respector""@en Respector Shadow Pack H5W3L-9090 - Purchaze""@en"
1428,"""Nike Air Max 90 Essential - White""@en "" Mens Shoes Nike White 537384-111 ""@en"
1429,"""GEL-DS TRAINER 22 NC""@en-es NC | Women Women's Fast Running Shoes ASICS""@en-es"
1430,"""Nike Air Zoom Pegasus 33 - Concord/White-Black-Electric Green""@en "" Nike Mens Shoes Green ""@en"
1431,"""Puma Esito Classico FG - Black/White/Bronze""@en "" Puma Black/White/Bronze ""@en"
1432,"""Nike WMNS Air Pegasus '89 black / summit white-wolf grey (84488-001)""@eu (84488-001) | Bludshop.com""@eu"
1433,"""Puma R698 Core Leather white / steel gray (360601-01)""@eu (360601-01) | Bludshop.com""@eu"
1434,"""2017 Air Jordan 1 Retro High OG “Royal” Black/Varsity Royal-White For Sale""@en-US Sale | New Jordans 2017""@en-US"
1435,"""Asics Gel Saga""@de Saga Winter Trail Pack H5T4N-9090 - Purchaze""@de"
1436,"""Nike Sportswear Roshe One - Midnight Navy""@en "" Mens Shoes Nike Navy 511881-405 ""@en"
1437,"""Nike Kids Hypervenom Phantom II FG - Volt/Black/Hyper Turquoise""@en "" Nike Junior Boots Firm Ground Turquoise ""@en"
1438,"""Concave Halo+ Kids FG - Blue/White""@en "" Concave Junior Boots Firm Ground Blue/White ""@en"
1439,"""Puma evoSPEED 3.5 Lth FG - Puma White/Puma Black/Shocking Orange""@en "" Orange Mens Soccer Cleats Firm Ground ""@en"
1440,"""Nike Air Max 90 Essential""@en Essential White 537384-111 - Purchaze""@en"
1441,"""Nike Womens Free 5.0 - Black/White-Dark Grey-Dove Grey-Wolf Grey""@en "" Nike Shoes Grey ""@en"
1442,"""Nike Zoom Speed TR3 -Negro/Blanco""@es "" Nike -Zapatillas para hombre-Negro-Blanco ""@es"
1443,"""Puma Kids evoPOWER 4.3 FG - Blue Yonder/Puma White/Shocking Orange""@en "" Puma Orange Junior Boots Firm Ground ""@en"
1444,"""Nike WMNS Air Max BW Ultra (819638-001)""@de"
1445,"""Asics Gel-Lyte III (H63QQ-2323)""@eu (H63QQ-2323) | Bludshop.com""@eu"
1446,"""Asics Gel-Kayano Trainer Evo gecko green / guava (HN6D0-8873)""@eu (HN6D0-8873) | Bludshop.com""@eu"
1447,"""Nike Kids Mercurial Victory V FG - White/Black/Volt/Total Orange""@en "" Nike Junior Boots Firm Ground Orange ""@en"
1448,"""Nike Metcon 1 - Volt/White/Black/Pure Platinum""@en "" Nike Mens Shoes Platinum ""@en"
1449,"""Nike Womens Air Zoom Pegasus 33 - White/Black-Pink Blast-Electric Green""@en "" Nike Shoes Green ""@en"
1450,"""Nike Metcon 2 - Black/White""@en "" Nike Mens Shoes Black/White ""@en"
1451,"""Nike Sportswear Air Force 1 07 - Wit""@nl "" Nike Heren Schoenen Wit / ""@nl"
1452,"""GEL-NIMBUS 19""@en-es 19 | Women Women's Road Running Shoes ASICS""@en-es"
1453,"""Nike Free RN Men's Running Shoes SP17 101""@en 101 · Nike Barefoot Trainers ah""@en"
1454,"""Asics Fuze X - Asics Blue/Blue/Hot Orange""@en "" Mens Shoes Orange ""@en"
1455,"""Nike Air Max 90 Essential - Zwart""@nl "" Nike Heren Hardloopschoenen Sportschoenen Schoenen Trainers Zwart ""@nl"
1456,"""2018 New Jordan 13 Olive Black Light True Red""@en-US ""Where to buy Release Date 2018""@en-US"
1457,"""Nike Sportswear Air Force 1 - Midnight Navy""@en "" Mens Shoes Nike Navy 488298-436 ""@en"
1458,"""Puma evoPOWER 2.2 FG - White/Total Eclipse/Lava Blast""@en "" Puma Mens Boots Firm Ground Blast ""@en"
1459,"""Nike Womens Air Zoom Pegasus 32 - Hyper Violet/Gamma Blue-White-Black""@en "" Nike Shoes Blue-White-Black ""@en"
1460,"""Nike Womens Air Zoom Pegasus 32 - Hyper Orange/Black-Volt-Opt Yellow""@en "" Nike Shoes Yellow ""@en"
1461,"""NIKE AIR ZOOM FIT 2""@en 2 - WOMAN TRAINING SHOES Nike colour Black 819672 001 Athletic footwear apparel and sports equipment""@en"
1462,"""Nike WMNS Air Force 1 '07 Mid LE white (366731-100)""@eu (366731-100) | Bludshop.com""@eu"
1463,"""Nike WMNS Air Max Thea""@en Thea White 599409-101 - Purchaze""@en"
1464,"""Nike Air More Uptempo white / light brown (414962-103)""@eu (414962-103) | Bludshop.com""@eu"
1465,"""Nike Lunarglide 7 - Black/Summit White/Anthracite""@en "" Nike Mens Shoes White/Anthracite ""@en"
1466,"""2016 Air Jordan 9 Retro “Copper Statue” White Black-Militia Green""@en-US Green | Shoes""@en-US"
1467,"""ASICS Gel Saga Winter Trail - Black""@en "" Mens Shoes ASICS Black H5T4N-9090 ""@en"
1468,"""Nike Free Run Distance - Black/White-Dark Grey-Wolf Grey""@en "" Nike Grey Mens Shoes 827115-010 ""@en"
1469,"""Dziecięce Nike Magista Obra II FG - Niebieski /Volt/Obsydian/Clear Jade""@pl "" Dziecięce Miękka nawierzchnia wkręty Jade ""@pl"
1470,"""Nike Kids Hypervenom Phelon II FG - Total Crimson/Obsidian/Vivid Purple""@en "" Nike Mens Boots Firm Ground Purple ""@en"
1471,"""NIKE Air Max Thea (599409-007) Sneakers for Women @ upclassics"""
1472,"""NIKE WMNS CLASSIC CORTEZ NYLON""@pl NYLON | CZARNY 299.99 PLN Sneakersy 749864011""@pl"
1473,"""Nike Free Trainer 3.0 V4 - Black/Team Red/University Red/Volt""@en "" Mens Shoes Nike Red/Volt 749361-066 ""@en"
1474,"""Nike Free RN - Blanc/ Noir/ Platine""@fr "" Nike chaussures pour homme blanc noir platine ""@fr"
1475,"""ASICS GEL-Kayano Trainer Evo Chameleon - Gecko Green / Guava""@en "" Mens Shoes ASICS Tiger Guava HN6D0-8873 ""@en"
1476,"""Nike Tiempo Legacy II SG - Pure Platinum/Black/Hyper Orange""@en "" Nike Mens Boots Soft Ground Orange ""@en"
1477,"""Nike Sportswear Air Max LD Zero - Black""@en "" Mens Shoes Nike Black / Black-Dark Grey 848624-005 ""@en"
1478,"""Sneakers buty Asics Gel-Lyte III (H63QQ-2323)""@pl (H63QQ-2323) | Bludshop.com""@pl"
1479,"""Nike Girls Lunarglide 7 (GS) - Black/Metallic Silver-White-Pink Pow""@en "" Nike Pow Shoes 747966-001 ""@en"
1480,"""NIKE MERCURIAL VICTORY IV FG""@en apparel and sports equipment""@en FG - MAN SOCCER SHOES Nike colour Yellow 555613 703 Athletic footwear"
1481,"""Roshe One""@en"
1482,"""Nike Mercurial Victory IV FG - Yellow/Black/Lime""@en "" Nike Soccer Shoes Firm Ground Cleats Vibrant Yellow-Black-Neo Lime ""@en"
1483,"""Nike Free Run Distance Women's Running Shoes SU16 501""@en 501 · Nike Barefoot Trainers ah""@en"
1484,""" Air Jordan 13 Retro ""playoff"" 2017""@en ""Air 2017 - – The Sneaker Authority""@en"
1485,"""Asics Gel-Zaraca 4 - Black/Onyx/Flash Yellow""@en "" Asics Mens Shoes Yellow ""@en"
1486,"""Nike Jr Mercurial Vapor X FG - Bright Crimson/Persian Violet/Black""@en "" Junior Rugby Boots Nike Firm Ground Violet/Black ""@en"
1487,"""Nike Sportswear Boys Roshe One - Black""@en "" Shoes Nike Black / Cool Grey 599728-020 ""@en"
1488,"""NIKE TIEMPO MYSTIC V FG""@en apparel and sports equipment""@en FG - MAN SOCCER SHOES Nike colour Green 819236 307 Athletic footwear"
1489,"""Nike AIR Zoom Pegasus 32 Men's Training Shoes - Green/Blue Lagoon/Black""@en ""Clearance Footwear""@en"
1490,"""Puma evoSPEED 2.3 FG - Bright Plasma-White-Peacoat""@en "" Mens Rugby Boots Puma Firm Ground Plasma-White-Peacoat 10301204 ""@en"
1491,"""Nike Air Zoom Pegasus 33 Jungle Pack Women's Running Shoes FA16 406""@en 406 · Nike Neutral Trainer ah""@en"
1492,"""Nike Roshe Two""@en Two Black 844656-001 - Purchaze""@en"
1493,"""Asics Gel Lyte V""@en V Latigo Bay Black H5V2L-8990 - Purchaze""@en"
1494,"""ASICS GEL-Kayano Trainer Knit MT - Schwarz""@de "" ASICS Schwarz Herren Schuhe ""@de"
1495,"""Air Jordan 4 Retro ""Alternate Motorsports"""""
1496,""" Jordan Air 4 Retro"
1497,"""ASICS Tiger GEL-Lyte III - Black""@en "" Mens Shoes ASICS Black H534L-9090 ""@en"
1498,"""Air Jordan 4 Retro “Pure Money” (#308497-100)""@en-US (#308497-100) | SobeSoles.com""@en-US"
1499,"""Air Jordan 13 Retro French Blue/Flint Grey-White Newest For Sale Online""@en-US Online | New Jordans 2015""@en-US"
1500,"""Nike Train Speed 4 - Nero/Bianco""@it "" Nike Scarpe Uomo Training Regolare Nero/Bianco ""@it"
1501,"""NIKE AIR MAX 90 ESSENTIAL 537384-090""@it"
1502,"""Nike Air Max 90 Flash GS""@en GS Black Summit White 807626-001 - Purchaze""@en"
1503,"""Gel Kayano Trainer Evo Knit"" ""Asics Gel Knit - H7P4N9090 | everysize.com"""
1504,"""Air Jordan 4 Retro “Motorsports” (#308497-117)""@en-US (#308497-117) | SobeSoles.com""@en-US"
1505,"""Nike Flex 2016 Run - University Red/Black-Bright Crimson-White""@en "" Nike Crimson-White Mens Shoes 830369-601 ""@en"
1506,"""Nike Free Run - Concord/Black-Hyper Cobalt-Photo Blue""@en "" Nike Blue Mens Shoes 831508-400 ""@en"
1507,"""GEL-SONOMA 3 G-TX FÜR HERREN""@de-at HERREN | Men Trail Running ASICS""@de-at"
1508,"""Nike Train Speed 4 - Black/Blue Glow/White""@en-GB "" Nike Mens Shoes Regular Training Glow/White ""@en-GB"
1509,"""Nike Free RN - Black/White-Anthracite""@en "" Nike Black/White-Anthracite Mens Shoes 831508-001 ""@en"
1510,"""Puma evoTOUCH 2 FG - Black/White/Safety Yellow""@en "" Puma Yellow Mens Soccer Cleats Firm Ground ""@en"
1511,"""Cheap Air Jordan 11 (XI) “Midnight Navy” Black Friday 378037-123 For Sale""@en-US Sale | Retro Shoes""@en-US"
1512,"""Nike Air Zoom Pegasus 33 - Zwart/Wit/Anthracite/Grijs""@nl "" Nike Heren Hardloopschoenen Zwart-Wit-Anthracite-Grijs ""@nl"
1513,"""Nike Sportswear Roshe One (GS) - Noir/Argent/Blanc""@fr "" Chaussures enfant Nike Noir-Argent-Blanc ""@fr"
1514,"""Nike Free Run Flyknit - Noir/ Blanc""@fr "" Nike chaussures pour homme noir blanc ""@fr"
1515,"""Nike WMNS Air Max 90 Essential white / light brown crimson (616730-113)""@eu (616730-113) | Bludshop.com""@eu"
1516,"""Asics Womens Gel-Noosa Tri 11 White Noise - White/White/Black""@en "" Asics Shoes White/White/Black ""@en"
1517,"""Puma evoSPEED 4.5 Tricks FG - Pink Glo/Safety Yellow/Black""@en "" Puma Mens Shoes Firm Ground Yellow/Black ""@en"
1518,"""GT-2000 5 LITE-SHOW""@en-it LITE-SHOW | Women Women's Road Running Shoes ASICS""@en-it"
1519,"""ASICS Tiger GEL-Kayano Trainer Knit MT - Black""@en "" Mens Shoes ASICS Black H7P4N-9090 ""@en"
1520,"""GEL-NIMBUS 19 FÜR DAMEN""@de-de DAMEN | Women Road Running ASICS""@de-de"
1521,"""GEL-SONOMA 3 G-TX""@en-nl G-TX | Men Men's Trail Running & Hiking Shoes ASICS""@en-nl"
1522,"""Nike Tiempo Legacy II SG - Czysta Platyna/Czarny/Pomarańczowy""@pl "" Nike Męskie buty piłkarskie Miękka nawierzchnia Wkręty Platyna Czarny Pomarańczowy ""@pl"
1523,"""Nike Sportswear Roshe Run - Midnight Navy / Black White""@en "" Mens Shoes Nike White ""@en"
1524,"""Nike Hypervenom Phatal II Df Ltr FG - Black/Black-Total Orange-Total Orange""@en "" Nike Mens Football Boots Firm Ground Orange ""@en"
1525,"""Sneakers buty Nike Air Presto racer blue / white-black (848132-401)""@pl (848132-401) | Bludshop.com""@pl"
1526,"""Nike Tiempo Legend VI SG-Pro -Negro/Blanco/Dorado metalizado""@es "" Nike -Botas de futbol-Terrenos blandos-Negro/Blanco/Dorado metalizado ""@es"
1527,"""Nike Tiempo Genio II Leather TF - White/Black/Electro Green""@en "" Nike Mens Boots Turf Trainer 819216-103 Green ""@en"
1528,"""Nike Mercurial Veloce III Ronaldo FG - Seaweed/Volt/Hasta/White""@en "" Nike Mens Soccer Cleats Firm Ground Seaweed/Volt/Hasta/White ""@en"
1529,"""Puma evoSPEED 4.5 FG - Puma White/Puma Black/Shocking Orange""@en "" Orange Mens Soccer Cleats Firm Ground ""@en"
1530,"""Asics FuzeX Women's Running Shoes SS16 2001""@en 2001 · Asics Barefoot Trainers ah""@en"
1531,"""2017 Cheap Air Jordan 4 Retro Black/Game Royal-Matte Silver-White For Sale""@en-US Sale | Jordans 2017""@en-US"
1532,"""Womens Nike Free Run Flyknit - Black/White""@en-GB "" Womens Black/White Shoes 831070-001 ""@en-GB"
1533,"""Air Jordans 5 Retro White/Black-Fire Red For Sale""@en-US Sale | 2017 Air Jordan Shoes""@en-US"
1534,"""Nike Air Max 90 Essential""@en Essential Black 537384-090 - Purchaze""@en"
1535,"""Nike Air Max 90 Essential""@en Essential University Blue Pure Platinum Obsidian White 537384-416 - Purchaze""@en"
1536,"""Nike Team Hustle D 7 (GS) (747998-007)""@es-ES (747998-007) - footstop""@es-ES"
1537,"""Air 2 Retro Decon"" ""NIKE JORDAN Air Decon - 897521-402 | everysize.com"""
1538,"""Nike Womens Free Run Distance - Hyper Violet/Bl Tnt-Frc Prpl-Bl Lg""@en "" Nike Shoes Lg ""@en"
1539,"""Asics Gel-Pulse 7 - Deep Cobalt/Silver/Hot Orange""@en "" Asics Mens Shoes Orange ""@en"
1540,"""Nike Air Max Tavas""@en Tavas Black White 705149-009 - Purchaze""@en"
1541,"""2017 All-Star Air Jordan 6 Retro “Chameleon” Cheap For Sale Online""@en-US Online | Shoes""@en-US"
1542,"""Nike Sportswear Air Max Tavas - Black / White""@en "" Mens Shoes Nike White 705149-009 ""@en"
1543,"""Dziecięce buty Nike Hypervenom Phantom II FG - Volt/Czarny/Turkusowy""@pl "" Dziecięce piłkarskie Trawa naturalna Lanki Volt/Czarny/Turkusowy ""@pl"
1544,"""Puma Suede Classic+ - Cabernet/Bianco""@it "" Scarpe Uomo Puma Cabernet/Bianco ""@it"
1545,"""ASICS Tiger GEL-Lyte III Granite Pack - Black / Chilli""@en "" Mens Shoes ASICS Chilli H6B2L-9024 ""@en"
1546,"""Air Jordan 4 Retro “Pure Money” White/Metallic Silver-Pure Platinum 2017""@en-US 2017 | 11 Legend Blue For Sale""@en-US"
1547,"""GEL-NOOSA TRI 11""@en-fr 11 | Men Men's Fast Running Shoes ASICS""@en-fr"
1548,"""Nike Air Zoom Pegasus 33 Women's Running Shoes FA16 001""@en 001 · Nike Neutral Trainers ah""@en"
1549,"""Nike Air Max 90 Ultra Essential white / cool grey - infrared black (819474-106)""@eu (819474-106) | Bludshop.com""@eu"
1550,"""Nike F.C. Free Hypervenom 2 - Noir""@fr "" Nike chaussures pour homme noir rouge or ""@fr"
1551,"""Cheap Nike Air Jordan 5 Retro “Shanghai Shen”""@en-US Shen” | 2017""@en-US"
1552,"""ASICS Tiger GEL-Kayano Trainer Evo -Negro""@es "" ASICS -Zapatillas para hombre- Negro ""@es"
1553,"""Nike Womens Air Zoom Pegasus 33 - Mid Navy/Reflective Silver-Bright Crimson""@en "" Nike Shoes Crimson ""@en"
1554,"""Nike Air Zoom Pegasus 33 - Black/White/Anthracite/Cool Grey""@en "" Nike Grey Mens Shoes 831352-001 ""@en"
1555,"""Nike mercurial victory iv fg""@bg ""football shoes fg Nike - Обувки Футбол Спортна екипировка | TEMPO STORES Онлайн магазин""@bg"
1556,"""Nike Sportswear Just Do It Benassi - Midnight Navy""@en "" Mens Shoes Nike Navy 343880-403 ""@en"
1557,"""NIKE AIR ZOOM PEGASUS 33""@de 33 - HERREN LAUFSCHUHE Nike Farbe Schwarz 831352 001 Der Online-Shop für deine Sportbekleidung""@de"
1558,"""Nike Sportswear Roshe Run - Wolf Grey / White""@en "" Nike Mens Shoes White ""@en"
1559,"""NIKE AIR ZOOM STRUCTURE TRIAX""@en TRIAX - WOMAN RUNNING SHOES Nike colour Pink 806584 500 Athletic footwear apparel and sports equipment""@en"
1560,"""Klapki klapki Nike WMNS Benassi Jdi black white (343881-011)""@pl (343881-011) | Bludshop.com""@pl"
1561,"""2017 Air Jordan 5 “Camo” Dark Stucco/Fire Red Cheap Sale""@en-US Sale | Jordans 2017""@en-US"
1562,"""Nike Air Zoom Structure 19 CP Femme - Blanc/ Volt/ Noir""@fr "" Nike femme chaussures pour blanc-volt-noir ""@fr"
1563,"""Nike Wmns Classic Cortez Leather white / black (807471-101)""@eu (807471-101) | Bludshop.com""@eu"
1564,"""Nike Free RN Men's Running Shoes SU16 400""@en 400 · Nike Barefoot Trainers ah""@en"
1565,"""ASICS Tiger GEL-Kayano Trainer Evo - Black""@en "" Mens Shoes ASICS Black HN6A0-9090 ""@en"
1566,"""Nike Air Zoom Pegasus 32 Femme - Hyper Orange/ Noir/ Volt/ Jaune""@fr "" Nike femme chaussures pour hyper orange-noir-volt-jaune ""@fr"
1567,"""Nike Premier Football Boots"" ""'The Nike Premier'"
1568,"""Puma evoPOWER 2.2 FG - Bianco/Eclisse Totale/Lava Blast""@it "" Puma Scarpe Uomo Terreni Compatti Bianco-Eclisse Totale-Lava Blast ""@it"
1569,"""Nike Sportswear Womens Air Max Thea - White""@en "" Shoes Nike White 599409-101 ""@en"
1570,"""Nike Air Zoom Pegasus 33 Men's Running Shoes FA16 001""@en 001 · Nike Neutral Trainers ah""@en"
1571,"""Nike Sportswear Air Max 1 (Ragazza) - Nero/Rosa Vivido/Bianco""@it "" Nike Scarpe Ragazza Vivido/Bianco ""@it"
1572,"""Nike Zoom Train Complete - Cannon/Negro/Verde fantasma/Blanco""@es "" Nike Zapatillas de deporte-Cannon/Negro/Verde fantasma/Blanco ""@es"
1573,"""Nike Roshe One GS""@en GS Black Metallic Silver White 599728-021 - Purchaze""@en"
1574,"""Nike WMNS Air Force 1 Mid (366731-100)""@en"
1575,"""Nike Sportswear Air Max 90 Essential -Blanco""@es "" Nike -Zapatillas para hombre-Deportivas- Blanco ""@es"
1576,"""Asics Gel-Kayano Trainer Evo (H621N-9016)""@es-ES (H621N-9016) - footstop""@es-ES"
1577,"""Sneakers buty Nike WMNS Air Max 90 black / - 325213-043""@pl 325213-043 | Bludshop.com""@pl"
1578,"""Nike Womens Free RN Flyknit - Black/White""@en "" Nike Black/White Shoes 831070-001 ""@en"
1579,"""Nike Air Max 90 Essential - Black""@en "" Mens Shoes Nike Black 537384-077 ""@en"
1580,"""NIKE MERCURIAL VICTORY FG""@en FG - MAN SOCCER SHOES Nike colour White 651632 107 Athletic footwear apparel and sports equipment""@en"
1581,"""NIKE AIR ZOOM PEGASUS 33""@en 33 - WOMAN RUNNING SHOES Nike colour Black 831356 001 Athletic footwear apparel and sports equipment""@en"
1582,"""Sneakers buty Nike WMNS Air Force 1 Hi Se black / black-dark grey (860544-002)""@pl (860544-002) | Bludshop.com""@pl"
1583,"""Air Jordans 5 Retro “Shanghai Shen” Black/Varsity Maize-Varsity Royal-Black For Sale""@en-US Sale | 2017 Air Jordan Shoes""@en-US"
1584,"""Nike Free Rn Flyknit (831069-001)""@es-ES (831069-001) - footstop""@es-ES"
1585,"""GEL-QUANTUM 360 KNIT""@en-es KNIT | Men Easy Running ASICS""@en-es"
1586,"""Nike Roshe One GS""@de GS Schwarz Silber Weiss 599728-021 - Purchaze""@de"
1587,"""Puma evoPOWER 4.2 FG JR - Peacoat-White-Bright Plasma""@en "" Junior Rugby Boots Puma Firm Ground Plasma 10322801 ""@en"
1588,"""Puma evoPOWER 1.3 FG - Jaune/ Noir/ Bleu Atomique""@fr "" Puma chaussures pour homme terrain sec jaune noir bleu atomique ""@fr"
1589,"""Nike Zoom Winflo 3 (831561-001)""@es-ES (831561-001) - footstop""@es-ES"
1590,"""Nike Air Jordan 1 Retro High (332550-602)""@es-ES (332550-602) - footstop""@es-ES"
1591,"""Suede Classic Eco"" ""Puma Suede Eco - 35263403 | everysize.com"""
1592,"""NIKE AIR ZOOM PEGASUS 33""@en 33 - MAN RUNNING SHOES Nike colour Black 831352 001 Athletic footwear apparel and sports equipment""@en"
1593,"""Air Jordan 1 High OG Royal 555088-007""@en"
1594,"""Free Hypervenom 2 FC"" ""Nike Free FC - 747140 006 | everysize.com"""
1595,"""Nike Sportswear Air Max 90 Leather - Black""@en "" Mens Shoes Nike Black 302519-001 ""@en"
1596,"""Nike Roshe One""@en One Wolf Grey White 511881-023 - Purchaze""@en"
1597,"""ASICS GEL NOOSA TRI 11""@de 11 - DAMEN LAUFSCHUHE Asics Farbe Schwarz T676Q 9090 Der Online-Shop für deine Sportbekleidung""@de"
1598,"""Asics Gel-Zaraca 4 - Schwarz/Onyx/Gelb""@de "" Asics Herrenschuhe Schwarz/Onyx/Gelb ""@de"
1599,"""Nike Sportswear Classic Cortez Leather - White""@en "" Mens Shoes Nike White / Midnight Navy-Gym Red 749571-146 ""@en"
