id,title
0,"""Concave Halo+ FG Microfiber - Blue/White""@en "" Concave Mens Soccer Cleats Firm Ground Blue/White ""@en"
1,"""Nike Zoom Speed TR3 - Verde/Bianco/Nero""@it "" Nike Scarpe Uomo Verde-Bianco-Nero ""@it"
2,"""Shoes Air Force I '07""@en '07 6038 | Shoes \ Lifestyle - Basketball shop Basketmania""@en"
3,"""Puma Kids King Top i FG - Black/White/Team Gold""@en "" Puma Junior Boots Firm Ground 10246601 Gold ""@en"
4,"""Buty Nike Junior Mercurial Victory V FG - Szkarłatny/Perski fiolet/Czarny""@pl "" Dziecięce buty piłkarskie Korki Intense Heat Twarde podłoże Trawa naturalna Lanki 651634-650 Szkarłatny-Perski fiolet-Czarny ""@pl"
5,"""New Air Jordan 6 Retro “Champagne Bottle”""@en-US Bottle” | Women Jordans 2017""@en-US"
6,"""Nike WMNS Benassi Jdi black / white (343881-011)""@eu (343881-011) | Bludshop.com""@eu"
7,"""Nike Nike Zoom Speed TR3 - Blu Royal Intenso/Bianco/Nero""@it "" Scarpe Uomo Intenso/Bianco/Nero ""@it"
8,"""Puma Basket Classic LFS - Wit""@nl "" Heren Schoenen Puma Wit ""@nl"
9,""" Keen Yoyageur Black Olive/Inca Gold ""@da ""Keen - dk""@da"
10,"""Air Jordans 11 Retro Low White Black-Concord For Sale""@en-US Sale | 2017 Air Jordan Shoes""@en-US"
11,"""Nike Tiempo Genio II Piel FG -Negro/Blanco/Dorado metalizado""@es "" Nike - Botas de futbol-Terrenos firmes-Negro/Blanco/Dorado metalizado ""@es"
12,"""Nike Free Run - Blanco/Negro""@es "" Nike Zapatillas para hombre-Blanco/Negro ""@es"
13,"""Nike Free Run - Blanco/Negro/Platino""@es "" Nike Zapatillas de correr- Blanco/Negro/Platino ""@es"
14,"""Puma King Pro SG - Blk/Wht/Gold""@en "" Puma Rugby Boots Soft Ground Black-White-Gold ""@en"
15,"""Gel Sonoma 3 G-TX M"" ""Asics"""
16,"""2017 Cheap All-Star Air Jordan 6 “Chameleon” For Sale""@en-US Sale | Jordans 2017""@en-US"
17,"""Puma Speed 1000 S IGNITE - Quarry-Bleu Atomique-Blanc""@fr "" Puma chaussures pour homme quarry-bleu atomique-blanc ""@fr"
18,"""Air Jordans 9 Retro Black/Matte Silver-University Blue For Sale""@en-US Sale | New 2017""@en-US"
19,"""GEL-RESOLUTION 7 DA UOMO""@it-it UOMO | Men SCARPE TENNIS ASICS""@it-it"
20,"""Sneakers buty Asics Gel-Kayano Trainer Evo gecko green / guava (HN6D0-8873)""@pl (HN6D0-8873) | Bludshop.com""@pl"
21,"""Puma evoSPEED 1.3 Graphic FG - White-Sea Pine-High Risk Red""@en "" Puma Football Boots Firm Ground Soccer Cleats Red 10330401 ""@en"
22,"""Sneakers buty Nike Air Max 90 Essential university blue / navy grey white 537384-416""@pl 537384-416 | Bludshop.com""@pl"
23,"""Nike Tiempo Legacy FG - Anthracite/Black/Volt""@en "" Nike Mens Boots Firm Ground Anthracite/Black/Volt ""@en"
24,"""Nike Zoom Train Complete - Nero/Antracide/Bianco""@it "" Nike Scarpe Uomo Training Regolare Nero/Antracide/Bianco ""@it"
25,"""Air Jordan Retro"" ""Nike Air Retro - 378038-123 | everysize.com"""
26,"""Concave Quantum + FG - Wit/Limoen""@nl "" Concave Heren Voetbalschoenen Ferme Grond Wit-Limoen ""@nl"
27,"""Nike Junior Tiempo Legend VI FG - Giada/Nero/Volt""@it "" Nike Scarpe Terreni Compatti Giada/Nero/Volt ""@it"
28,"""Puma evoSPEED 2.3 FG - Plasma/Blanco/Peacoat""@es "" Botas de futbol Puma- Puma -Terrenos firmes- 10301102-Plasma/Blanco/Peacoat ""@es"
29,"""Air Force 1""@en"
30,"""Nike Zoom Speed TR3 - Karminrot/Schwarz/Volt""@de "" Nike Herrenschuhe Karminrot/Schwarz/Volt ""@de"
31,"""GEL-QUANTUM 360 KNIT""@it-it KNIT | Women Easy Running ASICS""@it-it"
32,"""Nike Free Train Versatility - White/Black""@en "" Nike Mens Shoes White/Black ""@en"
33,"""Nike F.C. Roshe Tiempo VI - Nero""@it "" Scarpe Uomo Nike Nero ""@it"
34,"""Air Force 1 GS"" ""Nike Air GS - 314192-009 | everysize.com"""
35,"""NIKE AIR FORCE 1 `07 (315122-001) Sneakers for Men and Women @ upclassics"""
36,"""NIKE AIR ZOOM STRUCTURE TRIAX""@de TRIAX - HERREN LAUFSCHUHE Nike Farbe Weiß 806580 100 Der Online-Shop für deine Sportbekleidung""@de"
37,"""Puma evoPOWER 1.3 Cuir FG - Rouge/ Blanc Puma/ Noir Puma""@fr "" Puma chaussures pour homme terrain sec rouge blanc noir ""@fr"
38,"""NIKE AIR VIBENNA PREM""@pl ""Nike męskie✓ Darmowa dostawa do domu ★ sklep Sizeer ★""@pl"
39,"""Nike Sportswear Womens Air Huarache Run Ultra - Black""@en "" Shoes Nike Black/Black-Black-White 819151-008 ""@en"
40,"""Concave Halo+ Microfibre FG - White/Pink""@en "" Concave Mens Soccer Cleats Firm Ground White/Pink ""@en"
41,"""Puma Evospeed 1.2 K FG - Bleu/Peche""@fr "" Chaussure de Football Puma Terrain Sec Homme BleuPeche ""@fr"
42,"""Nike Tiempo Mystic V FG - Zwart/Wit/Hyper Oranje/Volt""@nl "" Nike Heren Voetbalschoenen Ferme Grond Oranje/Volt ""@nl"
43,"""Nike Sportswear Air Max Tavas - Nero/Antracide/Nero""@it "" Nike Scarpe Uomo Nero/Antracide/Nero ""@it"
44,"""Air Jordans 14 Retro Low “Laney” Shoes For Sale""@en-US Sale | 2017 Air Jordan Shoes""@en-US"
45,"""Puma evoPOWER 2.3 FG - Azul/Blanco/Naranja""@es "" Puma Botas de futbol-Terrenos firmes-Azul/Blanco/Naranja ""@es"
46,"""Air Jordan 13 Low “Brave Blue” (#310810-407)""@en-US (#310810-407) | SobeSoles.com""@en-US"
47,"""Nike Tiempo Genio II Pelle TF - Bianco/Nero/Arancione Totale""@it "" Nike Scarpe Uomo Campi Sintetici Totale ""@it"
48,"""Air Jordan 5 Silver Tongue 136027-100""@en"
49,"""Air Jordans 9 Retro Black/Matte Silver-University Blue For Sale""@en-US Sale | Cheap KD 9""@en-US"
50,"""Zapatillas Nike Sportswear Air Max 90 Piel- Blanco""@es "" Deportivas Nike- Zapatillas Blanco- 302519-113 ""@es"
51,"""Nike Junior Mercurial Vortex III FG - Nero/Rosa Blast""@it "" Scarpe Nike Terreni Compatti Blast ""@it"
52,"""Nike Enfant Magista Obra II FG - Noir/ Carmin""@fr "" Nike chaussures pour enfant terrain sec noir carmin ""@fr"
53,""" Air Jordan 11 Retro Low BG ""blue moon""""@en ""Air moon"" - – The Sneaker Authority""@en"
54,"""Asics Fuze X - Blauw/Oranje""@nl "" Asics Heren Hardloopschoenen Blauw-Oranje ""@nl"
55,"""WMNS Roshe Two""@en"
56,"""Nike Tiempo Legend VI SG-Pro - Zwart/Hyper Turqouise""@nl "" Nike SG Heren Voetbalschoenen Zachte Grond Zwart-Hyper Turqouise ""@nl"
57,"""ASICS Gel-Quantum 360 Knit - White/Snow/Silver""@en "" ASICS White/Snow/Silver Mens Shoes T728N-0100 ""@en"
58,"""GEL-NIMBUS 19 FÜR DAMEN""@de-de DAMEN | Women Road Running ASICS""@de-de"
59,""" x Kylie Jenner Iconic Sunglasses in Black/Silver"" ""Accessories at SINGER22.com"""
60,"""Nike Free 5.0 Flash Men's Training Shoe - Silver/Gray/Jade""@en ""Running and Training""@en"
61,"""Puma evoSPEED 5.5 FG Enfant - Noir Puma/ Blanc Rouge""@fr "" Puma chaussures pour enfant terrain sec noir blanc rouge ""@fr"
62,"""Dziecięce buty Nike Hypervenom Phelon II FG - Czarny/Volt""@pl "" Dziecięce piłkarskie Trawa naturalna Lanki Czarny/Volt ""@pl"
63,"""Cheap Nike Air More Uptempo White-Gum Sale""@en-US Sale | Cheap Jordans 2017""@en-US"
64,"""Nike HyperVenom Phatal II FG Dynamic Fit – The Soccer Factory""@en-US"
65,"""Nike HypervenomX Finale IC - Blanco/Negro/Verde""@es "" Nike Zapatillas de futbol sala-Blanco/Negro/Verde ""@es"
66,"""NIKE WMNS AIR FORCE 1 HI SE""@pl 99 PLN | Lifestyle 860544002 - UP8.com""@pl SE CZARNY 369"
67,"""GEL-LYTE III NS""@en-ie ""Sites-asics-eu-Site | ASICS Tiger""@en-ie"
68,"""GT-2000 5 LITE-SHOW""@it-it LITE-SHOW | Men Road Running ASICS""@it-it"
69,"""Puma IGNITE v2 - Noir-Asphalte-Rouge-Argent""@fr "" Puma chaussures pour homme noir-asphalte-rouge-argent ""@fr"
70,"""NITROFUZE""@it-it ""NITROFUZE | Men SCARPE DA RUNNING PER UOMO ASICS""@it-it"
71,"""Nike Free Trainer 3.0 V4 - Nero/Verde/Solare/Bianco""@it "" Nike Scarpe Uomo Nero/Verde/Solare/Bianco ""@it"
72,"""SCARPA DA CORSA STRADA GT-2000 5 DONNA""@it-it DONNA | Women Women's Road Running Shoes ASICS""@it-it"
73,"""Nike Tiempo Legend V FG - Blu Laguna/Bianco/Volt/Nero""@it "" Nike Scarpe Calcio Uomo Terreni Compatti Laguna/Bianco/Volt/Nero ""@it"
74,"""Brooks Revel para mujer - Blanco/Antracita/Negro""@es "" Zapatillas mujer- Brooks Blanco/Antracita/Negro 1202491B155 ""@es"
75,"""NIKE STEFAN JANOSKI MAX ""@pl ""Nowości Nike 2017 | Sklep Sizeer""@pl"
76,"""Puma evoSPEED SL S II FG - Noir Puma/ Blanc Rouge""@fr "" Puma chaussures pour homme terrain sec noir blanc rouge ""@fr"
77,"""Concave Halo+ Microfibre FG - Blanc/ Rose""@fr "" Concave chaussures pour homme terrain sec blanc rose ""@fr"
78,"""Nike Sportswear Dames Air Max 1 Ultra Moire - Summit Wit/Racer Blauw""@nl "" Schoenen Nike -Summit Wit-Racer Blauw 704995-100 ""@nl"
79,"""Puma evoSPEED SL S II FG - Puma Black/Puma White/Red Blast""@en "" Blast Mens Soccer Cleats Firm Ground ""@en"
80,"""Tennis Classic CS"" ""Nike Tennis CS - 683613 104 | everysize.com"""
81,"""Nike Tiempo Legend SG-Pro - Antracide/Nero/Volt""@it "" Nike Scarpe Uomo Terreni Morbidi Antracide-Nero-Volt ""@it"
82,"""Shoes Air Jordan I Retro High GS""@en GS 9378 | Shoes \ %SALE% - Basketball shop Basketmania""@en"
83,"""WMNS Roshe One"" ""Nike WMNS One - 844994-002 | everysize.com"""
84,"""Nike Sportswear Air Max Tavas - Noir/Anthracite/Noir""@fr "" Chaussures homme Nike Noir-Anthracite-Noir ""@fr"
85,"""NIKE MERCURIAL VICTORY FG""@en FG - MAN SOCCER SHOES Nike colour White 651632 107 Athletic footwear apparel and sports equipment""@en"
86,"""Nike Tiempo Legend VI FG Junior - Nero/Bianco/Oro Metallico""@it "" Nike Scarpe Terreni Compatti Nero-Bianco-Oro Metallico ""@it"
87,"""Nike Enfant Mercurial Vortex III FG - Noir/ Rose""@fr "" Nike chaussures pour enfant terrain sec noir rose ""@fr"
88,"""Air Jordan 11 Low White/Varsity Red (Size 36~46)""@en-US 36~46) – Hoop Jordan""@en-US"
89,"""NEW BALANCE MRL247RB""@pl MRL247RB | GRANATOWY 349 99 PLN Lifestyle - UP8.com""@pl"
90,"""Nike Free Train Versatility - Noir/ Blanc""@fr "" Nike chaussures pour homme noir blanc ""@fr"
91,"""Puma King Allround TF - Black/White/Team Gold""@en "" Puma Mens Boots Turf Trainer Gold ""@en"
92,"""Puma evoSPEED 5.5 FG - Puma White/Puma Black/Shocking Orange""@en "" Orange Mens Boots Firm Ground ""@en"
93,"""Mens Air Jordan 13 “Olive” Black/True Red-Light Olive 2018 For Sale""@en-US Sale | 11 Legend Blue"
94,"""Nike Sportswear Womens Air Max Ultra BW - Black""@en "" Shoes Nike Black / Pure Platinum White 819638-001 ""@en"
95,"""Nike Air Max 90 Leather""@en Leather Black 302519-001 - Purchaze""@en"
96,"""Nike Air Zoom Structure 19 para mujer-Violeta/Azul""@es "" Nike mujer-Zapatillas mujer-Violeta/Azul ""@es"
97,"""NITROFUZE""@fr-be ""NITROFUZE | Men CHAUSSURES DE COURSE À PIED POUR HOMMES ASICS""@fr-be"
98,"""GEL-EXCITE 4""@de-de 4 | Men HERREN LAUFSCHUHE ASICS""@de-de"
99,"""NIKE TIEMPO LEGACY IC""@fr IC - CHAUSSURES FOOT EN SALLE Nike couleur Bleu clair 631522 418 Anima Sportiva Sport boutique""@fr"
100,""" Therm-A-Rest Lumbar Pillow Nautical Blue ""@da ""Therm-A-Rest - dk""@da"
101,"""Puma King Top M.I.I FG - Noir/ Blanc/ Or""@fr "" Puma chaussures pour homme terrain sec noir blanc or ""@fr"
102,"""NIKE STEFAN JANOSKI MAX ""@pl ""Nike męskie✓ Darmowa dostawa do domu ★ sklep Sizeer ★""@pl"
103,"""Basketball shoes Air Jordan XIII Retro ""@en 4815 | Shoes \ - Basketball shop Basketmania""@en"
104,"""NIKE TIEMPO LEGACY IC""@de IC - FUßBALLSCHUHE HALLE Nike Farbe Hellblau 631522 418 Der Online-Shop für deine Sportbekleidung""@de"
105,"""Nike Zoom Winflo 3 - Azul/Negro/Blanco""@es "" Nike Zapatillas para hombre-Azul/Negro/Blanco ""@es"
106,"""Asics Gel-Noosa Tri 11 (T676Q-0101)""@es-ES (T676Q-0101) - footstop""@es-ES"
107,"""Nike Sportswear Womens Air Max 1 Mid Sneakerboot - Black""@en "" Nike Shoes Black / Gum Med Brown ""@en"
108,"""Nike Donna Air Zoom Fit 2 - Nero/Bianco/Grigio Scuro/Grigio Lupo""@it "" Nike Scarpe Lupo ""@it"
109,"""Concave Quantum 1.0 SG - Nero/Bianco""@it "" Concave Scarpe Uomo Terreni Morbidi Nero/Bianco ""@it"
110,"""ASICS HYPER LD 5""@es 5 - ZAPATILLAS CON CLAVOS Asics color Azul G404Y 4399 Equipamiento deportivo y casual""@es"
111,"""Asics Fuze X - Noir/ Blanc/ Onyx""@fr "" Asics chaussures pour homme nnoir blanc onyx ""@fr"
112,"""Puma evoTOUCH Pro FG - Nero/Bianco/Giallo Safety""@it "" Puma Scarpe Uomo Terreni Compatti Safety ""@it"
113,"""Puma evoSPEED II SL Piel Tricks FG -Rosa/Amarillo/Negro""@es "" Puma -Botas de futbol-Terrenos firmes-Rosa/Amarillo/Negro ""@es"
114,"""Air Jordan 6 (VI) Retro Black/Infrared Cheap For Sale Online""@en-US Online | New Jordans 2015""@en-US"
115,"""NIKE AIR ZOOM PEGASUS 33""@de 33 - DAMEN LAUFSCHUHE Nike Farbe Schwarz 831356 001 Der Online-Shop für deine Sportbekleidung""@de"
116,"""Concave Quantum + FG - Noir/ Blanc""@fr "" Concave chaussures pour homme terrain sec noir-blanc ""@fr"
117,"""Nike Womens Air Zoom Pegasus 33 - White/Black-Pink Blast-Electric Green""@en "" Nike Shoes Green ""@en"
118,"""Nike Hypervenom Phelon II FG - Platine/ Noir/ Vert""@fr "" Nike chaussures pour homme terrain sec platine noir vert ""@fr"
119,"""NIKE AIR MAX 90 ESSENTIAL ""@pl ""Nike ✓ Darmowa dostawa do domu ★ sklep Sizeer ★""@pl"
120,"""GT-2000 5 LITE-SHOW""@en-gb LITE-SHOW | Men Men's Road Running Shoes ASICS""@en-gb"
121,"""Nike Hypervenom Phatal II DF Cuir FG - Noir/Orange Total""@fr "" Nike chaussures de football homme terrain sec noir-noir-orange total ""@fr"
122,"""Air 6 Retro AS"" ""NIKE JORDAN Air AS - 907961-015 | everysize.com"""
123,"""Puma evoSPEED 5.5 FG - Bianco Puma/Nero Puma/Arancione""@it "" Puma Scarpe Uomo Terreni Compatti Puma/Arancione ""@it"
124,"""Puma evoPOWER 1.2 FG - Peacoat-Blanco-Plasma""@es "" Botas de futbol Puma- Puma Terrenos firmes- 10317101- Peacoat-Blanco-Plasma ""@es"
125,"""Puma evoSPEED 3.5 Piel FG - Blanco/Negro/Naranja""@es "" Puma Botas de futbol-Terrenos firmes-Blanco/Negro/Naranja ""@es"
126,"""Chanclas Nike Sportswear Benassi Just Do It - Azul/Blanco""@es "" Chanclas para la ducha-Azul/Blanco ""@es"
127,"""Nike Mercurial Veloce II Leather FG - Black/Hyper Pink""@en "" Nike Soccer Cleats Firm Ground Black/Black-Hyper Pink-Hyper Pink ""@en"
128,"""Nike Zoom Speed TR3 - Rouge/ Blanc/ Noir/ Orange""@fr "" Nike chaussures pour homme rouge-blanc-noir-orange ""@fr"
129,"""NIKE TIEMPO LEGACY IC""@es IC - BOTAS FÚTBOL SIN TACOS Nike color Azul claro 631522 418 Equipamiento deportivo y casual""@es"
130,"""Nike Sportswear Air Force 1 07 - Blanco""@es "" Nike Zapatillas de deporte-Deportivas-Blanco ""@es"
131,"""Concave Volt 1.0 SG -Negro/Rosa""@es "" Concave -Botas de futbol-Terrenos blandos-Negro/Rosa ""@es"
132,"""NIKE HYPERVENOM FINALE IC""@de IC - FUßBALLSCHUHE HALLE Nike Farbe Schwarz 749887 103 Der Online-Shop für deine Sportbekleidung""@de"
133,"""Nike Wmns Classic Cortez Leather white / black (807471-101)""@eu (807471-101) | Bludshop.com""@eu"
134,"""GEL-MAI""@nl-nl ""GEL-MAI | Men Men's Sneakers ASICS Tiger""@nl-nl"
135,"""Nike MagistaX Proximo IC - Azul Racer/Volt/Negro""@es "" Nike -Zapatillas de futbol- Racer/Volt/Negro ""@es"
136,"""Nike Metcon 1 - Volt/Bianco/Nero/Platino Puro""@it "" Nike Scarpe Uomo Volt-Bianco-Nero-Platino Puro ""@it"
137,"""Puma evoSPEED 3.4 Cuir FG - Noir/ Jaune/ Blanc""@fr "" Puma chaussures pour homme terrain sec noir jaune blanc ""@fr"
138,"""Nike Tiempo Genio II Cuir FG - Noir/ Blanc/ Or""@fr "" Nike chaussures pour homme terrain sec noir blanc or ""@fr"
139,"""Shoes Air Jordan 1 Mid""@en Mid 10329 | Shoes \ Retro - Basketball shop Basketmania""@en"
140,"""Nike Tiempo Legacy II FG - Nero/Bianco/Arancione Hyper/Volt""@it "" Nike Scarpe Uomo Terreni Copmpatti Hyper/Volt ""@it"
141,"""Nike Hypervenom Phelon II FG -Negro/Volt""@es "" Nike -Botas de futbol-Terrenos firmes-Negro/Volt ""@es"
142,"""Nike Tiempo Mystic V FG - Clear Jade/Black/Volt""@en "" Nike Mens Soccer Cleats Firm Ground Jade/Black/Volt ""@en"
143,"""Nike Metcon 2 - Nero/Bianco/Grigio Lupo/Volt""@it "" Nike Scarpe Uomo Training Regolare Lupo/Volt ""@it"
144,"""GEL-CUMULUS 19""@en-ie 19 | Women Road Running ASICS""@en-ie"
145,"""Classic Polo""@en ""Women's Essential Breton Tee in White Linen/Navy Stripe from Crew Clothing""@en"
146,"""Nike Sportswear Roshe Run - Midnight Navy/Zwart/Wit""@nl "" Heren Schoenen Kleding Nike Navy-Zwart-Wit ""@nl"
147,"""Nike Hypervenom Phelon II FG - Platino Puro/Nero/Verde""@it "" Nike Scarpe Uomo Terreni Compatti Puro/Nero/Verde ""@it"
148,"""Air Max Tavas"" ""Nike Air Tavas - 705149-010 | everysize.com"""
149,"""Nike Zoom Speed Trainer Men's Training Shoes - Green/Black/White""@en ""Clearance Footwear""@en"
150,"""ASICS Tiger GEL-Mai - Surf The Web""@en "" Mens Shoes ASICS Web H703N-4590 ""@en"
151,"""Puma evoSPEED 4.5 Tricks FG - Pink Glo/Safety Yellow/Black""@en "" Puma Mens Shoes Firm Ground Yellow/Black ""@en"
152,"""SCARPA DA STRADA GEL-NIMBUS 19 LITE-SHOW DONNA""@it-it DONNA | Women Women's Road Running Shoes ASICS""@it-it"
153,"""Nike Air Max 90 Essential""@de Essential Hellblau Dunkelblau Hellgrau Weiss 537384-416 - Purchaze""@de"
154,"""Puma evoSPEED 4.4 FG - Lava Blast/White/Total Eclipse""@en "" Puma Mens Boots Firm Ground Eclipse ""@en"
155,"""Zapatillas Nike Sportswear Air Max 90 Piel- Negro""@es "" Deportivas Nike- Zapatillas Negro ""@es"
156,"""Nike Lunarglide 7 - Noir/ Blanc/ Anthracite""@fr "" Nike chaussures pour homme noir-blanc-anthracite ""@fr"
157,"""Puma evoSPEED 3.5 Cuir FG - Blanc Puma/ Noir Orange""@fr "" Puma chaussures pour homme terrain sec blanc noir orange ""@fr"
158,"""GEL-NIMBUS 19 VOOR HEREN""@nl-nl HEREN | Men Road Running ASICS""@nl-nl"
159,"""ASICS Gel-Respector Shadow - Schwarz""@de "" ASICS Retro Laufschuhe Schwarz ""@de"
160,"""Nike Youths Magista Onda IC - White/Black/Pink Blast/Volt""@en "" Nike Soccer Cleats Indoor Blast/Volt ""@en"
161,"""Air Jordan 11 (XI) Retro “72-10″ Black/Gym Red-White-Anthracite Cheap Price Online""@en-US Online | New Jordans 2016""@en-US"
162,"""Nike Free Run - Negro/Blanco/Antracita""@es "" Nike Zapatillas de correr-Negro/Blanco/Antracita ""@es"
163,"""Nike Mercurial Victory V FG - White/Volt/Hyper Pink/Black""@en "" Mens Football Boots Nike Firm Ground Soccer Cleats Pink/Black 651632-170 ""@en"
164,"""Asics Gel Resolution 7 White/Silver Men's Shoes""@us Shoes - TennisTopia""@us"
165,"""Nike Tiempo Legend VI FG Enfant - Noir/ Blanc/ Or""@fr "" Nike chaussures pour enfant terrain sec noir blanc or ""@fr"
166,"""Nike Hypervenom Phelon II FG - Blanc/ Noir/ Orange Total/ Volt""@fr "" Nike chaussures pour homme terrain sec blanc noir orange total volt ""@fr"
167,"""Jordan - Men's Air Jordan 5 Retro 'Dark Stucco Camo' (Dark | Fire Red)"""
168,"""Nike Tiempo Genio II Cuir TF - Blanc/ Noir/ Orange Total""@fr "" Nike chaussures pour homme terrain synthetique blanc noir orange total ""@fr"
169,""" Keen Daytona Black Olive ""@de ""Keen - ch_de""@de"
170,"""NIKE TIEMPO LEGACY FG""@de FG - FUßBALLSCHUHE NOCKEN Nike Farbe Schwarz 631521 007 Der Online-Shop für deine Sportbekleidung""@de"
171,"""Gel Kayano Trainer EVO""@en"
172,"""ASICS GEL-KAYANO""@pl GEL-KAYANO | NIEBIESKI 299.99 PLN Sneakersy H621N4950""@pl"
173,"""Nike Kids Tiempo Legend VI FG - Clear Jade/Black/Volt""@en "" Nike Junior Boots Firm Ground Jade/Black/Volt ""@en"
174,"""GEL-LYTE V""@de-de V | Unisex Men's Sneakers ASICS Tiger""@de-de"
175,"""Zoom Train Complete"" ""Nike Zoom Complete - 882119-004 | everysize.com"""
176,"""Nike Womens Free Run Distance - Black/White-Volt-Hot Lava""@en "" Nike Shoes Lava ""@en"
177,""" Keen Newport H2 Black/True Red ""@nb ""Keen - no""@nb"
178,"""GEL-FORTITUDE 7""@nl-nl 7 | Women HARDLOOPSCHOENEN VOOR DAMES ASICS""@nl-nl"
179,""" Air Jordan 4 Retro ""alternate motorspots""""@en ""Air motorspots"" - – The Sneaker Authority""@en"
180,"""Nike Flex 2016 Run -Negro/Blanco/Gris""@es "" Nike -Zapatillas para hombre-Negro/Blanco/Gris ""@es"
181,"""Nike Free Hypervenom - Zwart/Donker Grijs/Metallic Zinc""@nl "" Jongens Schoenen Nike Zinc 705390-001 ""@nl"
182,""" Keen Yoyageur Black Olive/Inca Gold ""@nl ""Keen - be_nl""@nl"
183,"""Nike Sportswear Air Max LD Zero - Czarny""@pl "" Buty Męskie Nike Czarny 848624-005 ""@pl"
184,"""Puma evoSPEED 1.4 Piel FG - Lava/Blanco/Eclipse total""@es "" Puma 1 Botas de futbol Puma- Terrenos firmes-Lava-Blanco-Eclipse total ""@es"
185,"""Concave Volt 1.0 SG - Black/Pink""@en "" Concave Mens Soccer Cleats Soft Ground Black/Pink ""@en"
186,"""Nike Air Zoom Pegasus 32 para mujer-Violeta/Azul/Blanco/Negro""@es "" Nike mujer-Zapatillas mujer-Violeta/Azul/Blanco/Negro ""@es"
187,"""Air Jordan 9 Retro Medium Grey/Cool Grey-White (Size 36~47)""@en-US 36~47) – Hoop Jordan""@en-US"
188,"""Nike Air Zoom Pegasus 33 Jungle Pack Women's Running Shoes FA16 406""@en 406 · Nike Neutral Trainer ah""@en"
189,"""Nike Tiempo Genio II Pelle TF - Platino Puro/Nero/Arancione Hyper""@it "" Nike Scarpe Uomo Campi Sintetici Puro-Nero-Arancione Hyper ""@it"
190,"""Puma evoTOUCH 2 FG - Noir/ Blanc/ Jaune""@fr "" Puma chaussures pour homme terrain sec noir blanc jaune ""@fr"
191,""" Keen Commuter III Black/Gargoyle ""@en ""Keen - en""@en"
192,"""Nike Tiempo Rio III SG - Jade/ Noir/ Volt""@fr "" Nike chaussures pour homme terrain gras jade noir volt ""@fr"
193,""" Air Jordan 13 Retro Low ""brave blue""""@en ""Air blue"" - Pre Order – The Sneaker Authority""@en"
194,"""Nike Enfant Hypervenom Phelon II FG - Noir/ Volt""@fr "" Nike chaussures pour enfant terrain sec noir volt ""@fr"
195,"""NIKE FREE RUN""@en RUN - WOMAN TIME SHOES Nike colour Dark purple 831509 500 Athletic footwear apparel and sports equipment""@en"
196,"""Sneakers buty Asics Gel-Lyte III black/chili (H6B2L-9024)""@pl (H6B2L-9024) | Bludshop.com""@pl"
197,""" Keen Wichita Black/Drizzle ""@nl ""Keen - be_nl""@nl"
198,"""GEL-RESOLUTION 7""@es-es 7 | Men ZAPATILLAS DE TENIS PARA HOMBRE ASICS""@es-es"
199,"""Nike MercurialX Finale II IN - Violet Dynastie/ Citrus""@fr "" Chaussures de football pour homme Indoor Nike dynastie Citrus I Pro Direct Soccer ""@fr"
200,"""Nike Kids Air Force 1 - Black""@en "" Nike Black Boys Shoes 314192-009 ""@en"
201,"""Nike Kids Magista Onda IC - White/Black/Pink Blast/Volt""@en "" Nike Mens Boots Indoor Blast/Volt ""@en"
202,"""Nike Hypervenom Phatal II DF FG - Volt/Nero/Turchese Hyper""@it "" Nike Scarpe Uomo Terreni Compatti Hyper ""@it"
203,"""Nike Free Train Versatility - Blanc/ Noir""@fr "" Nike chaussures pour homme blanc noir ""@fr"
204,"""NIKE HYPERVENOM PHELON FG""@en FG - MAN SOCCER SHOES Nike colour White 749896 108 Athletic footwear apparel and sports equipment""@en"
205,"""ASICS Tiger GEL-Kayano Trainer Evo - Wit""@nl "" ASICS Heren Schoenen Wit ""@nl"
206,"""Puma Junior King Top i FG - Nero/Bianco/Team Oro""@it "" Scarpe Puma Terreni Compatti Oro 10246601 ""@it"
207,"""Puma evoSPEED 4.5 Tricks FG - Rose/ Jaune/ Noir""@fr "" Puma chaussures pour homme terrain sec rose -jaune -noir ""@fr"
208,"""Puma Esito Classico SG - Negro/Blanco/Bronce""@es "" Botas de futbol Puma- Puma 10333301 Negro/Blanco/Bronce ""@es"
209,"""Puma King II FG – The Soccer Factory""@en-US"
210,"""Nike Zoom Winflo 3 - Racer Blue/Blue Glow-Black-White""@en "" Nike Glow-Black-White Mens Shoes 831561-401 ""@en"
211,"""Nike Junior Magista Obra II FG - Nero/Cremise Totale""@it "" Nike Scarpe Terreni Compatti Totale ""@it"
212,"""Puma King Top i FG Junior - Zwart/Wit/Goud""@nl "" Puma Voetbalschoenen Kinderen -Zwart/Wit/Goud ""@nl"
213,"""Nike Zoom Speed TR3 - Nero/Bianco""@it "" Nike Scarpe Uomo Nero/Bianco ""@it"
214,"""Air Jordan 14 Low ‘Laney’ Varsity Royal/Black-Varsity Maize-White""@en-US Maize-White – Hoop Jordan""@en-US"
215,"""GEL-LYTE""@fr-fr ""GEL-LYTE | Women Women's Sneakers ASICS Tiger""@fr-fr"
216,"""Nike Womens Air Zoom Vomero 11 - Blue Grey/Black-Hyper Violet-Bl Tnt""@en "" Nike Shoes Tnt ""@en"
217,"""Nike Magista Onda IC"" 优惠 IC 购买 Goalinn"""
218,"""Nike Air Max BW""@de BW Schwarz Weiss 881981-002 - Purchaze""@de"
219,"""Nike Junior Magista Onda IC - Bianco/Nero/Rosa Blast/Volt""@it "" Nike Scarpe Campi Coperti Blast/Volt ""@it"
220,"""Asics Gel-Pulse 7 - Cobalto Intenso/Argento/Arancione Caldo""@it "" Asics Scarpe Uomo Caldo ""@it"
221,"""Nike Free Train Versatility - Bianco/Nero""@it "" Nike Scarpe Uomo Bianco/Nero ""@it"
222,"""Nike Tiempo Legend VI FG - Clear Jade/Black/Volt""@en "" Nike Mens Boots Firm Ground Jade/Black/Volt ""@en"
223,"""Asics Femmes Fuze X - Rose/Blanc/Carbone""@fr "" Chaussures femme Asics Rose-Blanc-Carbone ""@fr"
224,"""Nike Hypervenom Phelon II FG Enfant - Carmin/ Obsidienne/ Violet""@fr "" Chaussures de football Terrain sec Nike carmin obsidienne violet ""@fr"
225,"""Nike Zoom Train Complete - Black/Anthracite/White""@en "" Nike Mens Shoes Regular Training Black/Anthracite/White ""@en"
226,"""ASICS FUZEX LYTE 2""@pl 99 PLN | Running T719N4990 - UP8.com""@pl 2 NIEBIESKI 299"
227,"""Concave Quantum + FG - Zwart/Wit""@nl "" Concave Heren Voetbalschoenen Ferme Grond Zwart-Wit ""@nl"
228,"""Nike Sportswear Womens Air Max Thea Ultra Flyknit - Pure Platinum""@en "" Shoes Nike Platinum 881175-002 ""@en"
229,"""Nike Air Zoom Pegasus 33 Women's Training Shoes - White/Pink/Green""@en ""Running and Training""@en"
230,"""Sneakers buty Nike Air Max 90 Ultra Essential white / cool grey - infrared black (819474-106)""@pl (819474-106) | Bludshop.com""@pl"
231,"""Asics Gel Lyte III""@en III Granite Pack H6B2L-9024 - Purchaze""@en"
232,"""New Air Jordan 4 Retro 11Lab4 “Red Patent Leather” Cheap Price For Sale""@en-US Sale | New Jordans 2016""@en-US"
233,"""Nike Hypervenom Phelon II FG - Nero/Volt""@it "" Nike Scarpe Uomo Terreni Compatti Nero/Volt ""@it"
234,"""Nike Train Speed 4 - Negro/Blanco""@es "" Nike Zapatillas de deporte- Negro/Blanco ""@es"
235,"""Asics Gel-Zaraca 4 - Bleu methyl/Noir/Argent""@fr "" Chaussures homme Asics methyl-Noir-Argent ""@fr"
236,"""Nike Air Zoom Pegasus 33 - Czarny/Biały/Antracyt/Zimnoszary""@pl "" Nike Czarny/Biały/Antracyt/Zimnoszary ""@pl"
237,"""WMNS Suede Platform""@en"
238,"""Nike Sportswear Air Max 90 Ultra Moire - Bleu Marine/ Blanc""@fr "" Nike chaussures pour homme bleu marine blanc ""@fr"
239,"""Free Hypervenom 2"" ""Nike Free 2 - 747139-010 | everysize.com"""
240,"""Concave Quantum+ FG - Wit/Roze""@nl "" Concave Heren Voetbalschoenen Ferme Grond Wit-Roze ""@nl"
241,"""Nike Air Zoom Pegasus 32 Women's Running Shoes SP16 800""@en 800 · Nike Neutral Trainers ah""@en"
242,"""Nike Tiempo Legend VI SG-Pro - Negro/Hyper turquesa""@es "" Nike Botas de futbol-Terrenos blandos-Negro/Hyper turquesa ""@es"
243,"""SCARPA DA ALLENAMENTO GEL-CRAZE TR 4 UOMO""@it-it UOMO | Men SCARPE FITNESS E ASICS""@it-it"
244,"""NIKE TIEMPO LEGACY II FG""@en apparel and sports equipment""@en FG - MAN SOCCER SHOES Nike colour Green 819218 307 Athletic footwear"
245,"""Nike Flylon Train Dynamic - Nero/Bianco/Grigio Scuro/Volt""@it "" Nike Scarpe Uomo Training Regolare Scuro/Volt ""@it"
246,"""Nike Tiempo Legend V FG - Bleu Lagon/ Blanc/ Volt/ Noir""@fr "" Nike chaussures pour homme terrain sec- bleu lagon-blanc-volt-noir ""@fr"
247,"""Nike Mercurial Vapor XI Ronaldo FG - Seaweed/Volt/Hasta/White""@en "" Nike Mens Soccer Cleats Firm Ground Seaweed/Volt/Hasta/White ""@en"
248,"""Nike HypvernomX Finale TF - Bianco/Nero/Verde Glow/Bianco""@it "" Nike Scarpe Uomo Campi Sintetici Bianco-Nero-Verde Glow-Bianco ""@it"
249,"""Nike Hypervenom Phelon II FG -Volt/Negro/Hyper turquesa""@es "" Nike -Botas de futbol- Volt/Negro/Hyper turquesa ""@es"
250,"""Puma evoSPEED SL S II FG - Blanco/Negro/Naranja""@es "" Puma Botas de futbol-Terrenos firmes-Blanco/Negro/Naranja ""@es"
251,"""Nike Sportswear Womens Air Pegasus 89 - Black""@en "" Shoes Nike Black 844888-001 ""@en"
252,"""Asics Womens Gel-Cumulus 17 - Deep Cobalt/Turquoise/Dutch Blue""@en "" Asics Shoes Blue ""@en"
253,"""Nike Metcon 1 - Volt/White/Black/Pure Platinum""@en "" Nike Mens Shoes Platinum ""@en"
254,"""NIKE Air Zoom Mariah Flyknit Racer (917658-002) Sneakers for Women @ upclassics"""
255,"""Nike Women’S Air Zoom Pegasus 32 (749344-501)""@es-ES Women'S (749344-501) - footstop""@es-ES"
256,"""Nike Air Max 90 Essential""@de Essential Schwarz Weiss 537384-077 - Purchaze""@de"
257,"""ASICS Tiger GEL-Kayano Trainer Evo - Bianco""@it "" Scarpe Uomo ASICS Bianco ""@it"
258,"""Nike Air Vortex Leather""@en Leather Navy White Black 918206-401 - Purchaze""@en"
259,"""Cheap Air Jordan 11 (XI) “72-10″ Black/Gym Red-White-Anthracite For Sale""@en-US"
260,"""Puma evoPOWER 4.3 Youth FG - Safety Yellow/Black/Atomic Blue""@en "" Puma Mens Boots Firm Ground Blue ""@en"
261,"""Supreme x Air Jordan 5 White/Metallic White For Sale""@en-US"
262,"""Nike Sportswear Air Footscape Magista Flyknit - Bleu / Blanc Obsidienne""@fr "" Chaussures homme Nike Obsidienne ""@fr"
263,"""Vans VANS CLASSIC SLIP ON SKATE SHOES 10 (BLACK)""@en-US ""Skateboarding - Page 8 | Tar Wheels Skate Way""@en-US"
264,"""Nike Free RN Women's Running Shoes FA16 404""@en 404 · Nike Barefoot Trainers ah""@en"
265,"""Nike Hypervenom Phatal II DF Piel FG-Negro/Naranja""@es "" Nike FG-Botas de futbol Nike- Cesped Firme-Negro-Naranja ""@es"
266,"""NIKE TIEMPO GENIO II LEA FG""@en FG - MAN SOCCER SHOES Nike colour Red 819213 608 Athletic footwear apparel and sports equipment""@en"
267,"""2017 Nike Air Jordan 13 Retro “Chicago” White/Black-Team Red For Sale""@en-US Sale | New Jordans 2017""@en-US"
268,"""Nike Kids Tiempo Legend VI FG - Black/White/Metallic Gold""@en "" Nike Junior Boots Firm Ground Gold ""@en"
269,"""Air Max 90 Ultra Essential""@en"
270,"""ASICS GEL CUMULUS 17""@en apparel and sports equipment""@en 17 - WOMAN RUNNING SHOES Asics colour Dark purple T5D8N 5040 Athletic footwear"
271,"""Nike Free Trainer 3.0 V4 - Schwarz/Lagunenblau/Blau/Platin""@de "" Nike Herren Trainingsschuhe Schwarz/Lagunenblau/Blau/Platin ""@de"
272,"""GT-2000 5 DAMEN STRASSENLAUF SCHUHE""@de-de SCHUHE | Women Road Running ASICS""@de-de"
273,"""Nike Air Max 2016 (806771-001)""@es-ES para hombre - Negro (806771-040) footstop""@es-ES"
274,"""Concave Halo 1.0 FG - Czarny/Złoty""@pl "" Concave Męskie buty piłkarskie Trawa naturalna Lanki Czarny/Złoty ""@pl"
275,"""Nike Nike Zoom Speed TR3 - Deep Royal Blue/White/Black""@en "" Mens Shoes Blue/White/Black 804401-414 ""@en"
276,"""GEL-KAYANO 24 LITE-SHOW""@en-ie LITE-SHOW | Men Road Running ASICS""@en-ie"
277,"""Nike Sportswear Air Max 90 Ultra Moire - Schwarz""@de "" Nike Herrenschuhe Schwarz ""@de"
278,"""ASICS GEL-LYTE III ""@pl | BEZOWY 379.99 PLN Sneakersy H7Y0L0593""@pl"
279,"""Nike Sportswear Dualtone Racer - Midnight Navy""@fr "" chaussures homme Nike Navy 918227-400 ""@fr"
280,"""NIKE AIR MAX 90 ESSENTIAL ""@pl | BIALY 579.99 PLN Sneakersy 537384111""@pl"
281,"""Puma evoPOWER 2.2 FG - White/Total Eclipse/Lava Blast""@en "" Puma Mens Boots Firm Ground Blast ""@en"
282,"""Puma evoSPEED 3.5 Pelle FG - Bianco Puma/Nero Puma/rancione""@it "" Puma Scarpe Uomo Terreni Compatti Puma/rancione ""@it"
283,"""Puma evoSPEED 4.4 FG - Lava Blast/Bianco/Eclisse Totale""@it "" Puma Scarpe Uomo Terreni Compatti Blast-Bianco-Eclisse Totale ""@it"
284,"""Nike Hypervenom Phelon II FG - Blanco/Negro/Naranja total/Volt""@es "" Nike Botas de futbol-Blanco/Negro/Naranja total/Volt ""@es"
285,""" Air Jordan 1 Retro Hi OG ""Royal Blue"" 2017""@en ""Air 2017 - – The Sneaker Authority""@en"
286,"""Nike Hypervenom Phelon II FG - Black/Volt""@en "" Nike Mens Soccer Cleats Firm Ground Black/Volt ""@en"
287,"""NIKE JR MAGISTA OLA II FG""@en FG - SOCCER SHOES Nike colour Green 844204 374 Athletic footwear apparel and sports equipment""@en"
288,"""Nike Sportswear Air Max Tavas - Black / White""@en "" Mens Shoes Nike White 705149-009 ""@en"
289,"""Basketball shoes Air Jordan V Retro GS""@en GS | Shoes \ - Basketball shop Basketmania""@en"
290,"""Nike Hypervenom Phelon II FG - Noir/ Volt""@fr "" Nike chaussures pour homme terrain sec noir volt ""@fr"
291,""" Keen Harvest MJ Midnight Navy ""@en ""Keen - ie""@en"
292,"""Puma Suede Classic+ - Zwart""@nl "" Heren Schoenen Puma Trainers Sportschoenen Zwart ""@nl"
293,"""NIKE BRUIN LITE TXT""@de TXT - DAMEN FREIZEIT SCHUHE Nike Farbe 578364 100 Der Online-Shop für deine Sportbekleidung""@de"
294,"""Puma evoSPEED 3.5 Pelle FG - Nero Puma/Bianco Puma/Rosso""@it "" Puma Scarpe Uomo Terreni Compatti Puma/Rosso ""@it"
295,"""GEL-LYTE III""@es-es III | Men Men's Sneakers ASICS Tiger""@es-es"
296,"""NIKE MERCURIAL VICTORY IV FG""@es FG - BOTAS FÚTBOL CON TACOS Nike color Amarillo 555613 703 Equipamiento deportivo y casual""@es"
297,"""Nike Hypervenom Phantom II FG - Total Crimson/Obsidian/Vivid Purple""@en "" Nike Mens Boots Firm Ground Purple ""@en"
298,"""Nike Zoom Speed TR3 - Cremise Totale/Nero/Hyper Volt""@it "" Nike Scarpe Uomo Volt ""@it"
299,"""Nike Sportswear Air Max 1 (GS) Fille - Noir/Rose/Blanc""@fr "" chaussures enfant Nike Noir-Rose-Blanc ""@fr"
300,"""Air Jordans 5 Retro White/Fire Red-Black For Sale""@en-US Sale | 2017 Air Jordan Shoes""@en-US"
301,"""Puma Liga Classico FG - Noir-Blanc-Puma Silver""@fr "" Chaussures de Football Puma Terrain Sec Crampons Silver 10333001 ""@fr"
302,"""Joma Propulsion 3.0 FG - Zwart/Zilver/Wit""@nl "" Joma Heren Schoenen Ferme Grond Zwart/Zilver/Wit ""@nl"
303,"""Asics Gel-Lyte Runner gecko green / guava (HN6F0-8873)""@eu (HN6F0-8873) | Bludshop.com""@eu"
304,"""NIKE Air Force 1 `07 Wb Shoe (AA4061-200) Sneakers for Men @ upclassics"""
305,"""Nike Zoom Speed Trainer Men's Training Shoes - Green/Black/White""@en ""Running and Training""@en"
306,"""Nike Sportswear Air Max 90 Essential - Black""@en "" Mens Shoes Nike Black / Black-Wolf Grey-Anthracite 537384-053 ""@en"
307,""" Keen Chandler CNX Black/Gargoyle ""@nl ""Keen - nl""@nl"
308,"""Nike Air Zoom Pegasus 33 para mujer-Blanco/Negro/Rosa/Verde""@es "" Nike mujer-Zapatillas mujer-Blanco/Negro/Rosa/Verde ""@es"
309,""" Air Jordan 13 Retro Low ""brave blue""""@en ""Air blue"" - Mens Footwear – The Sneaker Authority""@en"
310,"""Nike Tiempo Legacy II FG - Clear Jade/Black/Volt""@en "" Nike Mens Boots Firm Ground Jade/Black/Volt ""@en"
311,"""Puma King Top 1982 K di FG - Ner/Bianco/Oro""@it "" Scarpe Calcio Puma Terreni Compatti Ner/Bianco/Oro ""@it"
312,"""Nike Tiempo Legacy II FG - Noir/ Blanc/ Or""@fr "" Nike chaussures pour homme terrain sec noir blanc or ""@fr"
313,"""WMNS Air Force 1 Low Upstep BR""@en"
314,"""Nike Hypervenom Phatal II DF FG - Blanc/ Noir/ Orange Total/ Volt""@fr "" Nike chaussures pour homme terrain sec blanc noir orange total volt ""@fr"
315,"""Buty Concave Quantum 1.0 FG - Biały/Limonka""@pl "" Męskie buty piłkarskie Trawa naturalna Biały Limonka ""@pl"
316,"""Nike Junior Hypervenom Phelon FG - Zwart/Orange""@nl "" Nike Voetbalschoenen Ferme Grond Kinderen Zwart-Orange ""@nl"
317,"""Asics Gt-200 4 Lite-Show PG (T6F4N-3093)""@es-ES (T6F4N-3093) - footstop""@es-ES"
318,"""Air Jordans 6 Retro Infrared 23/Black-Infrared 23 For Sale""@en-US Sale | 2017 Air Jordan Shoes""@en-US"
319,"""2017 Air Jordan 13 Retro “Chicago” White/Black-Team Red Shoes For Sale""@en-US Sale | Shoes""@en-US"
320,"""Concave Halo+ Youths FG - White/Red""@en "" Concave Kids Soccer Cleats Firm Ground White/Red ""@en"
321,"""GEL-NIMBUS 19 FÜR HERREN""@de-at HERREN | Men Men's Road Running Shoes ASICS""@de-at"
322,"""Puma Esito Classico FG - Bianco/Nero""@it "" Puma Scarpe Uomo Terreni Compatti Bianco-Nero ""@it"
323,"""adidas Adipure 360.4 W"" W comprare e offerta su Traininn"""
324,"""Air Jordans 5 Retro White/Fire Red-Black For Sale""@en-US Sale | Cheap KD 9""@en-US"
325,"""Nike Sportswear Air Footscape Magista Flyknit -Azul/Blanco/Obsidiana""@es "" Nike -Zapatillas para hombre-Azul/Blanco/Obsidiana ""@es"
326,"""SCARPA DA CORSA GEL-QUANTUM 360 KNIT DONNA""@it-it DONNA | Women Women's Easy Running Shoes ASICS""@it-it"
327,"""Air Jordan 9 Retro “Slim Jenkins” Black/Matte Silver-University Blue For Sale""@en-US Sale | New Jordans 2015""@en-US"
328,"""Nike Lunar Caldra - Obsidiana/Blanco/Azul""@es "" Nike Zapatillas para hombre-Obsidiana/Blanco/Azul ""@es"
329,"""2017 ‘Red Suede’ Air Jordan 5 University Red/Black-University Red""@en-US Red – Hoop Jordan""@en-US"
330,"""Puma evoSPEED 5.4 FG - Jaune/ Bleu Atomique/ Blanc""@fr "" Puma chaussures pour homme terrain sec jaune bleu atomique blanc ""@fr"
331,"""Zoom Speed Tr 3""@fr 00 € modèle homme""@fr speed tr 3 nike noir et vert à partir de 63"
332,"""Nike Air Zoom Winflo 3 - Noir/ Blanc/ Anthracite""@fr "" Nike chaussures pour homme noir blanc anthracite ""@fr"
333,"""Nike Hypervenom Phantom II SG-Pro - Volt/Negro/Hyper turquesa""@es "" Nike -Botas de futbol- turquesa ""@es"
334,"""Nike Air Max 90 Essential""@en Essential White 537384-111 - Purchaze""@en"
335,"""NIKE AIR MAX 90 MESH BG""@pl ""Nike dla dzieci ✓ Darmowa dostawa do domu ★ sklep Sizeer ★""@pl"
336,"""Puma SPEED 300 S DISC - Blu Atomic-Rosso Blast-Bianco""@it "" Puma Scarpe Uomo Blast-Bianco ""@it"
337,"""Nike Sportswear Air Max 90 Ultra Moire - Czarny""@pl "" Nike Męskie obuwie Czarny ""@pl"
338,"""Boy's Nike Air Force 1 (GS) Shoe - Black""@en Black Mr. Alan's ""@en"
339,""" Nike Wmns AIr Max 1 Premium - Black ""Nike 454746-011 sneakAvenue"""
340,"""Nike Mercurial Vapor XI FG - Nero/Rosa Blast""@it "" Nike Scarpe Uomo Terreni Compatti Blast ""@it"
341,"""Nike Free 5.0 Men's Training Shoes - Platinum/Wolf Gray/Clear Gray""@en ""Running and Training""@en"
342,"""Sneakers buty Nike Roshe One black / (511881-026)""@pl (511881-026) | Bludshop.com""@pl"
343,"""Mens Air Jordan 11 “Red Velvet” Night Maroon/Metallic Gold-White For Sale""@en-US Sale | Cheap Jordans 2017""@en-US"
344,"""Air Jordan 13 Retro “Playoffs” Black/Varsity Red-White-Vibrant Yellow For Sale""@en-US Sale | New Jordans 2015""@en-US"
345,"""NIKE AIR FORCE 1 MID`07 (GS) (314195-113) Sneakers for Women @ upclassics"""
346,"""Nike sneaker flex 2016 rn""@en-gb ""Tudo para futebol""@en-gb"
347,"""Nike Junior Mercurial Vapor X FG - Blu Squadron/Nero/Volt""@it "" Scarpe da Calcio Nike Terreni Compatti Squadron-Nero-Volt ""@it"
348,"""Nike Air Zoom Pegasus 33 - Gris/Negro/Gris oscuro/Azul""@es "" Zapatillas de correr- Nike oscuro/Azul 831352-004 ""@es"
349,"""Nike Mercurial Veloce III Ronaldo FG - Verde/Volt/Hasta/Bianco""@it "" Nike Scarpe Uomo Terreni Compatti Verde/Volt/Hasta/Bianco ""@it"
350,"""NIKE AIR MAX 90 ULTRA 2.0 LTR 924447-200""@it"
351,"""Puma evoSPEED SL S II FG - Nero Puma/Bianco Puma/Rosso""@it "" Puma Scarpe Uomo Terreni Compatti Puma/Rosso ""@it"
352,"""Concave Quantum + FG - Blanc/ Noir""@fr "" Concave chaussures pour homme terrain sec blanc-noir ""@fr"
353,""" Nike Roshe Two Flyknit - Black ""Nike 844833-006 sneakAvenue"""
354,"""ASICS Tiger GEL-Lyte III Granite Pack - Black / Chilli""@en "" Mens Shoes ASICS Chilli H6B2L-9024 ""@en"
355,"""Nike Free Trainer 3.0 V4 - Noir/ Rouge/ Volt""@fr "" Nike chaussures homme noir-rouge-volt ""@fr"
356,"""Air Jordans 6 Retro Infrared 23/Black-Infrared 23 For Sale""@en-US Sale | New 2017""@en-US"
357,"""GEMINI II LOW S1P SRC ""@es - Diadora Tienda Online"
358,"""Puma evoPOWER 1.3 Pelle FG - Rosso/Bianco Puma/Nero Puma""@it "" Puma Scarpe Uomo Terreni Compatti ""@it"
359,"""Nike WMNS Air Force 1 Low Upstep BR white (833123-100)""@eu (833123-100) | Bludshop.com""@eu"
360,"""Puma evoPOWER 1.3 FG - Jaune/ Noir/ Bleu Atomique""@fr "" Puma chaussures pour homme terrain sec jaune noir bleu atomique ""@fr"
361,"""Nike Sportswear Air Max 90 Ultra Moire - Nero""@it "" Nike Scarpe Uomo Nero/Nero/Bianco ""@it"
362,"""Nike Sportswear Womens Air Zoom Mariah Flyknit Racer PRM - Black""@en "" Shoes Nike Fk Prm Black-White 917658-002 ""@en"
363,"""Free Hypervenom 2""@en"
364,"""Train Speed 4"" ""Nike Train 4 - 843937-002 | everysize.com"""
365,"""NIKE AIR MAX THEA""@fr THEA - BASKETS FEMME Nike couleur Blanc 599409 101 Anima Sportiva Sport boutique""@fr"
366,"""Nike Sportswear Air Footscape Magista Flyknit - Blu royal Intenso""@it "" Scarpe Uomo Nike Intenso ""@it"
367,"""Nike Lunartempo 2 - Negro/Antracita""@es "" Nike 2-Zapatillas para hombre Negro/Antracita ""@es"
368,"""Nike Tiempo Genio II Pelle FG - Nero/Bianco/Oro Metallico""@it "" Nike Scarpe Uomo Terreni Compatti Nero-Bianco-Oro Metallico ""@it"
369,"""Tennis Classic"" ""Nike Tennis Classic - 312498-130 | everysize.com"""
370,"""Nike Zoom Speed TR3 - Rosso/Bianco/Nero/Cremise""@it "" Nike Scarpe Uomo Rosso/Bianco/Nero/Cremise ""@it"
371,"""Puma Kids evoPOWER 4.3 FG - Red Blast/Puma White/Puma Black""@en "" Puma Black Youths Soccer Cleats Firm Ground ""@en"
372,"""Nike Zoom Trout 4 Low Men's Turf Shoes - Black/University Red/Wolf Grey""@en ""New Items""@en"
373,"""NIKE FREE RUN DISTANCE""@en DISTANCE - MAN TIME SHOES Nike colour Light blue 827115 401 Athletic footwear apparel and sports equipment""@en"
374,"""Asics gel-kayano trainer evo black/dark grey""@bg ""sneakers retro running Asics grey - Маратонки Обувки Мъже | TEMPO STORES Онлайн магазин""@bg"
375,"""Nike Free Trainer 3.0 V4 - Schwarz/Grau/Orange""@de "" Nike Trainingsschuhe Herrenschuhe Schwarz-Grau-Orange ""@de"
376,"""Concave Quantum + SG - Wit/Limoen""@nl "" Concave Heren Voetbalschoenen Zachte Grond Wit-Limoen ""@nl"
377,"""Air Jordan 5 Retro Low""@en"
378,"""ASICS LIFESTYLE GEL LYTE III""@de III - FREIZEIT UNISEXE SCHUHE Asics Lifestyle Farbe Blau H5Z2N 5001 Der Online-Shop für deine Sportbekleidung""@de"
379,"""2017 Air Jordan 13 Playoffs Black/True Red-White""@en-US Red-White – Hoop Jordan""@en-US"
380,"""Buty Puma Liga Classico FG - Czarny-Biały-Srebrny""@pl "" Korki Buty piłkarskie Twarde podłoże Trawa naturalna Lanki Czarny-Biały-Srebrny 10333001 ""@pl"
381,""" Air Jordan 11 Retro Low ""columbia""""@en ""Air ""columbia"" - Mens Footwear – The Sneaker Authority""@en"
382,"""Nike Lunar Caldra - Obsidian/White/Blue""@en "" Mens Shoes Nike Obsidian/White/Blue 803879-414 ""@en"
383,"""Nike Femme Air Zoom Pegasus 33 - Bleu Marine/ Argent/ Carmin""@fr "" Nike chaussures pour femme bleu marine argent carmin ""@fr"
384,"""NIKE AIR MAX 90 MESH BG""@pl ""Obuwie odzież i akcesoria dla dzieci ✓ Darmowa dostawa ★ Sizeer ★""@pl"
385,"""Sneakers buty Asics Gel - Lyte V latigo bay / black (H5V2L-8990)""@pl (H5V2L-8990) | Bludshop.com""@pl"
386,"""Puma evoSPEED 1.5 FG - Noir Puma/ Blanc Rouge""@fr "" Puma chaussures pour homme terrain sec noir blanc rouge ""@fr"
387,""" Rumi Top in Black"" ""AMANDA UPRICHARD Joan Penny Ruffle Dresses and many more @ SINGER22"""
388,"""Sneakers buty Puma R698 Core Leather white / steel gray (360601-01)""@pl (360601-01) | Bludshop.com""@pl"
389,""" Jordan Air 1 Retro Low NS - White ""Jordan kopen bij sneakAvenue"""
390,""" Keen Chandler CNX Black/Gargoyle ""@fr ""Keen - fr""@fr"
391,"""GEL-FUJILYTE""@en-ie ""GEL-FUJILYTE | Men Trail Running ASICS""@en-ie"
392,"""Basketball Shoes Jordan Retro XIII Low""@en Low 10544 | \ Air ukryte - Basketball shop Basketmania""@en"
393,"""Concave Volt + SG - Argent/ Bleu""@fr "" Concave chaussures pour homme terrain gras argent-bleu ""@fr"
394,"""Nike Zoom Structure 19 Comp Pack Women's Running Shoes SP16 107""@en 107 · Nike Moderate Support Tr ah""@en"
395,"""Nike Magista Onda II TF - Volt/Nero/Arancione Totale""@it "" Nike Scarpe Uomo Campi Sintetici Totale ""@it"
396,"""Nike Air Max 90 Essential - Zwart""@nl "" Nike Heren Hardloopschoenen Sportschoenen Schoenen Trainers Zwart ""@nl"
397,"""Męskie Buty Nike TiempoX Mystic V TF - Czarny/Biały/Zielony Elektro""@pl "" Męskie Piłkarskie Turfy Elektro ""@pl"
398,"""Nike Tiempo Mystic V FG - Pure Platinum/Black/Hyper Orange""@en "" Nike Mens Soccer Shoes Firm Ground Orange ""@en"
399,"""GEL-RESOLUTION 7 VOOR HEREN""@nl-nl HEREN | Men TENNISSCHOENEN ASICS""@nl-nl"
400,"""Nike WMNS Roshe One black / white-dark grey 844994-002""@eu 844994-002 | Bludshop.com""@eu"
401,""" Keen Presidio Black ""@pt ""Keen - pt""@pt"
402,"""Air 1 Mid"" ""NIKE JORDAN Air Mid - 554724-110 | everysize.com"""
403,"""Nike Kids Hypervenom Phelon II FG - Total Crimson/Obsidian/Vivid Purple""@en "" Nike Mens Boots Firm Ground Purple ""@en"
404,"""Nike Sportswear Womens Air Max Zero - Glacier Blue""@en "" Shoes Nike Blue/Black-Ivory-Palm Green 857661-400 ""@en"
405,"""Nike Air Zoom Pegasus 33 Women's Training Shoes - Black/White/Cool Gray""@en ""Clearance Footwear""@en"
406,"""Adidas Icon 3 Men's Mid Trainer Shoes - Black/White/Onix""@en ""Running and Training""@en"
407,"""Nike Air Max 90 Ultra Essential white / cool grey - infrared black (819474-106)""@eu (819474-106) | Bludshop.com""@eu"
408,"""Nike Junior MercurialX Pro IC - Nero/Oro Metallic/Rosso Chilling""@it "" Nike Proximo Scarpe Campi Coperti Nero-Oro Metallic-Rosso Chilling ""@it"
409,"""Sneakers buty Puma WMNS Suede Platform puma black / white (362223-01)""@pl (362223-01) | Bludshop.com""@pl"
410,"""Nike Jr Mercurial Victory V FG - Bright Crimson/Persian Violet/Black""@en "" Junior Football Boots Nike Firm Ground Violet/Black ""@en"
411,"""Nike Tiempo Rio III SG - Clear Jade/Zwart/Volt""@nl "" Nike Heren Voetbalschoenen Zachte Grond Jade-Zwart-Volt ""@nl"
412,"""Puma Kids evoSPEED 5.5 FG - Puma Black/Puma White/Red Blast""@en "" Blast Youths Soccer Cleats Firm Ground ""@en"
413,"""Puma evoSPEED 5.5 Tricks Kids FG - Pink Glo/Safety Yellow/Black""@en "" Puma Junior Boots Firm Ground Yellow/Black ""@en"
414,"""Nike Enfant Magista Onda IN - Blanc/ Noir/ Rose/ Volt""@fr "" Nike chaussures pour enfant indoor blanc noir rose volt ""@fr"
415,""" FjallRaven G-1000 Cap Dark Grey ""@it ""FjallRaven - it""@it"
416,"""Air Max 90 Ultra Moire"" ""Nike Air Moire - 819477 010 | everysize.com"""
417,"""NIKE MD RUNNER 2 BG""@pl ""Nowości Nike 2017 | Sklep Sizeer""@pl"
418,"""Nike Femme Free Run - Hyper Violet/ Bleu Gamma/ Noir/ Carmin""@fr "" Nike chaussures pour femme hyper violet bleu gamma noir carmin ""@fr"
419,"""NIKE BRUIN LITE TXT""@it TXT - SCARPE FREE TIME DONNA Nike 578364 100 Articoli sportivi e abbigliamento sportivo""@it"
420,"""NIKE MERCURIAL VICTORY V FG""@it FG - SCARPE CALCIO FISSO Nike Bianco 651632 170 Articoli sportivi e abbigliamento sportivo""@it"
421,"""Funkita Diamond Back Tiptonic"" Swiminn"" 优惠 Tiptonic 购买"
422,""" Keen Chandler CNX Black/Gargoyle ""@fr ""Keen - ca_fr""@fr"
423,"""ASICS GEL NOOSA TRI 11""@de 11 - HERREN LAUFSCHUHE Asics Farbe Vielfarbig T626N 9601 Der Online-Shop für deine Sportbekleidung""@de"
424,"""Nike Sportswear Air Max 1 Ultra SE - Pure Platinum""@fr "" Chaussures homme Nike Platinum ""@fr"
425,"""Asics Gel Sonoma 3 GTX - Black/Onyx/Carbon""@en "" Asics Black/Onyx/Carbon Mens Shoes T727N-9099 ""@en"
426,"""Concave Quantum + FG - White/Black""@en "" Concave Mens Boots Firm Ground White/Black ""@en"
427,"""Concave Quantum+ FG - Bianco/Rosa""@it "" Concave Scarpe Uomo Terreni Compatti Bianco/Rosa ""@it"
428,"""Nike Free Run - Nero/Bianco/Antracide""@it "" Nike Scarpe Uomo Nero/Bianco/Antracide ""@it"
429,"""NIKE AIR MAX 90 MESH BG""@pl ""Buty obuwie sportowe dla dzieci Nike. ✓ Darmowa dostawa ★ Sizeer ★""@pl"
430,""" Keen Presidio Black ""@es ""Keen - es""@es"
431,"""Nike Flex 2016 Run - Schwarz/Silber/Rot-Weiß""@de "" Nike Herrenlaufschuhe Schwarz/Silber/Rot-Weiß ""@de"
432,"""Nike Air Zoom Pegasus 33 Women's Training Shoes - White/Pink/Green""@en ""Women's Footwear""@en"
433,"""CHAUSSURE DE ROUTE GEL-NIMBUS 19 LITE-SHOW POUR FEMMES""@fr-fr FEMMES | Women Road Running ASICS""@fr-fr"
434,"""Nike Flex 2016 Run - Nero/Bianco/Grigio""@it "" Nike Scarpe Uomo Nero/Bianco/Grigio ""@it"
435,"""Buty Concave Quantum + SG - Czarny/Biały""@pl "" Męskie buty piłkarskie Miękka nawierzchnia Wkręty Czarny Biały ""@pl"
436,"""Nike Mercurial Veloce II Pelle FG - Nero/Nero/Rosa Hyper/Rosa Hyper""@it "" Nike Scarpe Calcio Uomo Nero-Nero-Rosa Hyper-Rosa Hyper ""@it"
437,"""NIKE Air Max 90 Essential (537384-201) Sneakers for Men @ upclassics"""
438,"""NIKE WMNS NIKE FLEX 2017 RN""@pl ""Nowości UP8""@pl"
439,"""GEL-FORTITUDE 7""@en-gb 7 | Women Women's Running Shoes ASICS""@en-gb"
440,"""Nike Air Force 1 '07 Low midnight navy / white (488298-436)""@eu (488298-436) | Bludshop.com""@eu"
441,"""NIKE TIEMPO LEGEND VI FG""@en apparel and sports equipment""@en FG - MAN SOCCER SHOES Nike colour Black 819177 010 Athletic footwear"
442,"""Nike Hypervenom Phatal II DF FG - Volt/Negro/Hyper turquesa""@es "" Nike Botas de futbol- turquesa ""@es"
443,"""Puma evoPOWER 3.2 FG - Blanc/Eclipse Totale/Lave""@fr "" Puma chaussures homme terrain sec- blanc-eclipse totale-lave ""@fr"
444,"""GEL-NIMBUS 19 LITE-SHOW""@en-nl LITE-SHOW | Women Road Running ASICS""@en-nl"
445,"""Air Jordan 6 Chameleon 907961-015""@en"
446,"""Puma evoTOUCH 2 FG - Nero/Bianco/Giallo Safety""@it "" Puma Scarpe Uomo Terreni Compatti Safety ""@it"
447,"""Nike MagistaX Proximo IC - Black/Volt/Racer Blue""@en "" Nike Mens Soccer Cleats Indoor Blue ""@en"
448,"""Nike Sportswear Air Max 1 Ultra SE - Puro Platino""@it "" Scarpe Uomo Nike Platino ""@it"
449,"""Buty Puma Classico SG Junior - Czarny-Biały-Złoty""@pl "" Korki Dziecięce buty piłkarskie JR Miękkie podłoże Mokra trawa Tepy Czarny-Biały-Złoty 10335201 ""@pl"
450,"""Nike Zoom Speed TR3 -Negro/Blanco""@es "" Nike -Zapatillas para hombre-Negro-Blanco ""@es"
451,""" Sneaker Hogan Interactive en gamuza azul noche ""@es ""Sneaker noche""@es"
452,"""Concave Volt 1.0 SG - Zwart/Wit""@nl "" Concave Heren Voetbalschoenen Zachte Grond Zwart/Wit ""@nl"
453,"""Wmns Air Force 1 Hi SE"" ""Nike Wmns SE - 860544-002 | everysize.com"""
454,"""Nike Lunartempo 2 - Noir/ Anthracite""@fr "" Nike chaussures pour homme noir anthracite ""@fr"
455,"""Nike Nike Zoom Speed TR3 - Azul/Blanco/Negro""@es "" -Zapatillas de entrenamiento- Azul/Blanco/Negro ""@es"
456,"""Puma evoSPEED 3.4 Pelle FG - Nero/Giallo Safety/Bianco""@it "" Puma Scarpe Uomo Terreni Compatti Safety/Bianco ""@it"
457,"""Buty Puma evoSPEED 2.3 FG - Bright Plasma-Biały-Peacoat""@pl "" Korki Buty piłkarskie Twarde podłoże Trawa Lanki Plasma-Biały-Peacoat 10301204 ""@pl"
458,"""Concave Volt + SG - Zwart/Roze""@nl "" Concave Heren Voetbalschoenen Zachte Grond Zwart-Roze ""@nl"
459,"""Sneakers buty Nike Air Force 1 '07 Mid white (315123-111)""@pl (315123-111) | Bludshop.com""@pl"
460,"""Puma evoPower 4.3 Firm Ground Junior Football Boots - Red""@en Red | Start Fitness""@en"
461,"""GEL-PULSE 8""@de-de 8 | Women DAMEN LAUFSCHUHE ASICS""@de-de"
462,"""NIKE WMNS CLASSIC CORTEZ NYLON""@pl NYLON | CZARNY 299.99 PLN Sneakersy 749864011""@pl"
463,"""Nike Free Run Distance Femme - Noir/ Blanc/ Volt/ Lave""@fr "" Nike femme chaussures pour noir-blanc-volt-lave ""@fr"
464,"""Nike Tiempo Legend V FG - Blue Lagoon/White/Volt/Black""@en "" Nike Mens Boots Firm Ground Lagoon/White/Volt/Black ""@en"
465,"""Nike Flex 2016 Run - Blu Racer/Nero-Blu Glow/Bianco""@it "" Nike Racer/Nero-Scarpe Uomo Glow/Bianco ""@it"
466,"""Nike Free Run -Concord/Negro/Cobalto/Azul""@es "" Nike - Zapatillas para hombre-Concord/Negro/Cobalto/Azul ""@es"
467,"""Nike Mercurial Victory V FG - Blanco/Negro/Volt/Naranja total""@es "" Nike Botas de futbol- total ""@es"
468,"""Air Jordan 5 Retro White/Varsity Red-Obsidian""@en-US Red-Obsidian | Cheap Jordans 2018""@en-US"
469,"""Asics Womens GT-2000 5 - Black/Onyx/White""@en "" Asics Black/Onyx/White Shoes T757N-9099 ""@en"
470,"""Puma evoPOWER 2.3 FG - Bleu/ Blanc Puma/ Orange""@fr "" Puma chaussures pour homme terrain sec bleu blanc orange ""@fr"
471,"""Concave Halo+ Microfibre FG - Wit/Roze""@nl "" Concave Heren Voetbalschoenen Ferme Grond Wit-Roze ""@nl"
472,"""ASICS HYPER MD 6""@it 6 - SCARPE CHIODATE Asics Giallo G502Y 0743 Articoli sportivi e abbigliamento sportivo""@it"
473,"""NIKE AIR MAX 90 MESH BG""@pl Męskie i Dziecięce ✓ Darmowa dostawa ★ Sizeer ★""@pl ""Nike Air Max Damskie"
474,"""Concave Kids Halo+ FG - Zwart/Goud""@nl "" Concave Kinderen Voetbalschoenen Ferme Grond Zwart-Goud ""@nl"
475,"""GEL-EXCITE 4""@es-es 4 | Men ZAPATILLAS DE RUNNING PARA HOMBRE ASICS""@es-es"
476,"""Nike Hypervenom Phelon II FG - Volt/Nero/Hyper Turchese""@it "" Nike Scarpe Uomo Terreni Compatti Turchese ""@it"
477,"""Nike Zoom Speed Trainer Men's Training Shoes - Black/White""@en ""Running and Training""@en"
478,"""BUTY MĘSKIE NIKE AIR FORCE 1 Mid 07 All White 366731-100 ""@pl Jordan ""Buty Męskie Nike Air Force Buty Adidas""@pl"
479,"""Nike F.C. Free Hypervenom 2 - Zwart""@nl "" 3rd Oct Nike Heren Schoenen Hardloopschoenen Zwart ""@nl"
480,"""Gel Kayano 24 Lite-Show M"" ""Asics"""
481,"""Nike Mercurial Veloce II SG-Pro - Jasne Mango/Metaliczne Srebro/Turkusowy""@pl "" Nike Męskie buty piłkarskie Miękka nawierzchnia Wkręty Mango Metaliczne Srebro Turkusowy ""@pl"
482,"""Nike Mercurial Veloce III DF FG - Black/Pink Blast""@en "" Nike Mens Boots Firm Ground Blast ""@en"
483,"""Nike Air Max 90 Essential""@en Essential Black Wolf Grey White 537384-053 - Purchaze""@en"
484,""" Air Jordan 4 Retro ""pure money""""@en ""Air money"" - – The Sneaker Authority""@en"
485,"""ASICS GEL-NOOSA TRI 11""@pl 11 | CZARNY 379 99 PLN Running T626N9601 - UP8.com""@pl"
486,"""Air Max Tavas"" ""Nike Air Tavas - 705149-009 | everysize.com"""
487,"""Nike Sportswear Boys Air Max Tavas - Hyper Cobalt Chiaro/Bianco/Blu Royal Scuro""@it "" Scarpe Junior Nike Scuro ""@it"
488,"""Nike Train Speed 4 - Black/White/Black""@en "" Nike Mens Shoes Regular Training Black/White/Black ""@en"
489,"""CPB-NEW-DVD DRIVE FOR HP G62"" "" CPB-NEW-DVD G62 - 599062-001 Z CDW Internal Use/Service Pts CDWG.com"
490,"""Nike Air Max 90 Essential""@en Essential Black 537384-090 - Purchaze""@en"
491,"""Puma IGNITE v2 - Nero-Asfalto-Rosso Blast-Argento""@it "" Puma Scarpe Uomo Blast-Argento ""@it"
492,"""Concave Halo+ Enfant FG - Bleu/ Blanc""@fr "" Concave enfant chaussures pour terrain sec bleu-blanc ""@fr"
493,"""GEL-BLADE 5""@es-es 5 | Men Zapatillas de squash y bádminton para hombre ASICS""@es-es"
494,"""Latest Air Jordan 11 XI White/Midnight Navy-University Blue Sale""@en-US"
495,"""Concave Quantum + FG - Nero/Bianco""@it "" Concave Scarpe Uomo Terreni Compatti Nero/Bianco ""@it"
496,"""PUMA BASKET PLATFORM PATENT WN'S""@pl ""Nowości Puma 2017 | Sklep Sizeer""@pl"
497,"""NIKE ROSHE ONE (GS) ""@pl | CZARNY 279.99 PLN Sneakersy 599728031""@pl"
498,"""ASICS GEL EXCITE 4""@en 4 - MAN RUNNING SHOES Asics colour Dark gray T6E3N 9793 Athletic footwear apparel and sports equipment""@en"
499,"""GEL-BLADE 5""@nl-nl 5 | Men Squash & badmintonschoenen voor heren ASICS""@nl-nl"
500,"""Nike Free Train Versatility - Nero/Bianco""@it "" Nike Scarpe Uomo Nero/Bianco ""@it"
501,"""Nike Junior Mercurial Victory V SG - Rouge Vif/ Violet Persan/ Noir""@fr "" chaussures de football junior Nike terrain gras enfant rouge vif-violet persan-noir ""@fr"
502,"""Nike Sportswear Air Max 1 (Ragazza) - Nero/Rosa Vivido/Bianco""@it "" Nike Scarpe Ragazza Vivido/Bianco ""@it"
503,""" Keen McKenzie Brindle/Ensign Red ""@da ""Keen - dk""@da"
504,"""Nike Sportswear Air Max 90 Ultra Essential - Black""@en "" Mens Shoes Nike Black / Black-Dark Grey-White 819474-013 ""@en"
505,"""GEL-BLADE 5""@fr-fr 5 | Men Chaussures de squash & badminton pour hommes ASICS""@fr-fr"
506,"""lunar caldra"" ""Nike lunar caldra - 803879-414 | everysize.com"""
507,"""Nike Sportswear Air Force 1 - Gym Red / Sail Deep Royal Blue""@en "" Nike Mens Shoes Blue ""@en"
508,"""Nike Junior Hypervenom Phelon II FG - Nero/Volt""@it "" Nike Scarpe Uomo Terreni Compatti Nero/Volt ""@it"
509,"""NIKE AIR COURTBALLISTEC 4.1""@es 4.1 - ZAPATILLAS TENIS HOMBRE Nike color Blanco 488144 109 Equipamiento deportivo y casual""@es"
510,""" Keen Chandler CNX Black/Gargoyle ""@sv ""Keen - se""@sv"
511,"""Nike Tiempo Legend VI SG-Pro - Nero/Bianco/Nero/Oro Metallico""@it "" Nike Scarpe Uomo Terreni Morbidi Metallico ""@it"
512,"""Air Jordans 5 Retro White/Black-Fire Red For Sale""@en-US Sale | 2017 Air Jordan Shoes""@en-US"
513,"""Cage swirls green Vector Image""@en ""Swirl Images within Floral & Decorative (over 17 000)""@en"
514,"""Nike Air Zoom Structure 19 CP - Black/White-Volt""@en "" Nike Mens Shoes Black/White-Volt ""@en"
515,"""Air Jordan 1 Mid"" ""Nike Air Mid - 554724-110 | everysize.com"""
516,"""Reggiseno Nike Pro Rival - Biancot/Nero/Nero""@it "" Reggiseno Abbigliamento Donna Bianco-Nero-Nero ""@it"
517,"""Fersea Knee High Riding Boots""@en ""Salvatore Ferragamo Fersea Boots | SHOPBOP SAVE UP TO 30% Use Code: MORE17""@en"
518,"""Nike Zoom Speed TR3 -Rojo/Blanco/Negro""@es "" Nike -Zapatillas para hombre-Rojo/Blanco/Negro ""@es"
519,"""Nike Sportswear Free Hypervenom 2 - Schwarz""@de "" Nike Herren Trainingsschuhe Schwarz ""@de"
520,"""Shoes Air Force 1 '07 WB""@en WB | Shoes \ Lifestyle - Basketball shop Basketmania""@en"
521,""" Nike Air Max 1 Premium SC - Team Red ""Nike 918354-600 sneakAvenue"""
522,"""Puma evoPOWER 2.2 FG - Bianco/Eclisse Totale/Lava Blast""@it "" Puma Scarpe Uomo Terreni Compatti Bianco-Eclisse Totale-Lava Blast ""@it"
523,"""Puma evoSPEED 5.5 FG - Puma Biały/Puma Czarny/Szokujący Pomarańcz""@pl "" Męskie buty piłkarskie Trawa naturalna Lanki Pomarańcz ""@pl"
524,"""Puma evoSPEED 1.4 FG - Lava Blast/Bianco/Eclisse Totale""@it "" Puma Terreni Compatti Blast-Bianco-Eclisse Totale ""@it"
525,"""Air Jordan 13 Retro “Bred” Black/Varsity Red-White For Sale Online""@en-US Online | New Jordans 2015""@en-US"
526,""" Keen Yoyageur Black Olive/Inca Gold ""@nb ""Keen - no""@nb"
527,"""Nike Zoom Speed TR3 - Vert/ Blanc/ Noir""@fr "" Nike chaussures pour homme vert-blanc-noir ""@fr"
528,"""Nike Tiempo Genio II Pelle FG - Giada/Nero/Volt""@it "" Nike Scarpe Uomo Terreni Compatti Giada/Nero/Volt ""@it"
529,"""NIKE TIEMPO LEGEND VI FG""@de FG - FUßBALLSCHUHE NOCKEN Nike Farbe Schwarz 819177 010 Der Online-Shop für deine Sportbekleidung""@de"
530,"""Nike Free Run Distance para mujer-Negro/Blanco/Volt/Rojo""@es "" Nike mujer-Zapatillas mujer-Negro/Blanco/Volt/Rojo ""@es"
531,""" Air Jordan 11 Retro RL GG ""velvet"" ""@en ""Air - – The Sneaker Authority""@en"
532,"""Puma Classico SG Kids - Black/White/Puma Gold""@en "" Puma Gold ""@en"
533,"""Concave Quantum 1.0 SG - Zwart/Wit""@nl "" Concave Heren Voetbalschoenen Zachte Grond Zwart-Wit ""@nl"
534,"""Nike Train Speed 4 - Negro/Azul/Blanco""@es "" Nike Zapatillas de deporte-Negro/Azul/Blanco ""@es"
535,"""Air Jordan X""@en X 5663 | Shoes \ Air Retro - Basketball shop Basketmania""@en"
536,"""Air Jordan 6/VI Retro Infrared - Officiel Chaussures Pour Homme""@fr Livraison Gratuite!""@fr Homme-Air 6 Retro-Chaussure Basket Air Pas Cher discount"
537,"""Asics Fuze X Lyte 2 - Thunder Blauw/Zwart/Wit""@nl "" Asics Heren Schoenen Hardloopschoenen Blauw/Zwart/Wit ""@nl"
538,"""Puma evoSPEED SL Pelle II FG - Bianco Puma/Nero Puma/Arancione""@it "" Puma Scarpe Uomo Terreni Compatti Puma/Arancione ""@it"
539,"""NIKE FREE RUN""@de RUN - DAMEN FREIZEIT SCHUHE Nike Farbe Violett 831509 500 Der Online-Shop für deine Sportbekleidung""@de"
540,""" Keen Clearwater CNX Black/Yellow ""@da ""Keen - dk""@da"
541,"""Buty Nike Hypervenom Phantom FG - Volt/Perski fiolet/Lava/Czarny""@pl "" Korki Buty piłkarskie Intense Heat Twarde podłoże Trawa naturalna Lanki 599843-758 Volt-Perski fiolet-Lava-Czarny ""@pl"
542,"""GEL-RESOLUTION 7""@it-it 7 | Men SCARPE DA TENNIS UOMO ASICS""@it-it"
543,"""Puma Junior evoPOWER 3.3 FG - Blu/Bianco Puma/Arancione""@it "" Puma Scarpe Uomo Terreni Compatti Puma/Arancione ""@it"
544,"""Sneakers buty Nike Air Force 1 Low gym red / sail-deep royal blue (488298-626)""@pl (488298-626) | Bludshop.com""@pl"
545,""" Keen Daytona Black Olive ""@fr ""Keen - ch_fr""@fr"
546,"""Puma evoTOUCH Pro FG -Negro/Blanco/Amarillo""@es "" Puma -Botas de futbol-Terrenos firmes-Negro/Blanco/Amarillo ""@es"
547,"""Nike Free RN Women's Running Shoes SU16 500""@en 500 · Nike Barefoot Trainers ah""@en"
548,"""Nike Flex 2016 Run - University Red/Black-Bright Crimson-White""@en "" Nike Crimson-White Mens Shoes 830369-601 ""@en"
549,"""Nike Air Max Tavas""@de Tavas Schwarz Anthrazit 705149-010 - Purchaze""@de"
550,"""Nike HypervenomX Proximo IN - Volt/ Noir""@fr "" Nike chaussures pour homme indoor volt noir ""@fr"
551,"""Nike Train Speed 4 - Nero/Blu Glow/Bianco""@it "" Nike Scarpe Uomo Training Regolare Glow/Bianco ""@it"
552,"""NIKE AIR MAX 90 ULTRA 2.0 LTR""@pl ""Nike męskie✓ Darmowa dostawa do domu ★ sklep Sizeer ★""@pl"
553,"""Nike Mercurial Veloce III DF FG -Negro/Rosa""@es "" Nike -Botas de futbol-Terrenos firmes-Negro/Rosa ""@es"
554,"""Puma evoSPEED 5.5 Tricks Enfant FG - Rose/ Jaune/ Noir""@fr "" Puma chaussures pour enfant terrain sec rose jaune noir ""@fr"
555,"""Nike Zoom Winflo 3 - Blu Racer/Blu Glow/Nero/Bianco""@it "" Nike Scarpe Uomo Glow/Nero/Bianco ""@it"
556,"""Puma Suede Classic+ - Black""@en "" Mens Shoes Puma Black 352634-03 ""@en"
557,"""Nike Hypervenom Phelon II FG - Volt/ Noir/ Hyper Turquoise""@fr "" Nike chaussures pour homme terrain sec volt noir hyper turquoise ""@fr"
558,"""Nike Lunartempo 2 - NeroAntracide""@it "" Nike Scarpe Uomo NeroAntracide ""@it"
559,"""Puma Kids evoSPEED 5.5 Tricks FG - Pink Glo/Safety Yellow/Black""@en "" Puma Junior Boots Firm Ground Yellow/Black ""@en"
560,"""Nike Tiempo Legacy II FG - Black/White/Hyper Orange/Volt.""@en "" Nike Mens Boots Firm Ground Orange/Volt ""@en"
561,"""Air Max Thea"" ""Nike Air Thea - 599409 020 | everysize.com"""
562,"""Nike Air Max 90 Flash GS""@en GS Black Summit White 807626-001 - Purchaze""@en"
563,"""Puma evoPOWER 4.3 FG - Bleu/ Blanc Puma/ Orange""@fr "" Puma chaussures pour homme terrain sec bleu blanc orange ""@fr"
564,"""Concave Halo2.0 FG - Noir/ Noir""@fr "" Concave chaussures pour homme terrain sec noir-noir ""@fr"
565,"""Nike Hypervenom Phantom SG-Pro - Volt/Persian Violet/Hot Lava/Black""@en "" Nike Soccer Cleats Soft Ground Lava/Black ""@en"
566,"""Concave Quantum 1.0 SG - Noir/ Blanc""@fr "" Concave chaussures pour homme terrain gras noir-blanc ""@fr"
567,"""Nike Air Zoom Pegasus 33 Women's Training Shoes - Black/White/Cool Gray""@en ""Women's Footwear""@en"
568,"""ASICS Tiger GEL-Lyte III Future Pack - Mid Blue""@en "" Mens Shoes ASICS Blue H637Y-4242 ""@en"
569,"""Nike HypervenomX Finale TF - Volt/ Noir/ Hyper Turquoise""@fr "" Nike chaussures pour homme terrain synthetique volt noir hyper turquoise ""@fr"
570,"""Nike Tiempo Legacy II FG - Noir/ Blanc/ Hyper Orange/ Volt""@fr "" Chaussures de football pour homme Terrain sec Nike Noir Blanc orange Volt I Pro Direct Soccer ""@fr"
571,"""Asics Gel Kayano Trainer EVO H621N-4950 ""@es ""Longlou Sneakers - Asics H621N-4950""@es"
572,"""Nike Mercurial Superfly V Ronaldo FG - Verde/Volt/Hasta/Bianco""@it "" Nike Abbigliamento Uomo Verde/Volt/Hasta/Bianco ""@it"
573,"""GEL-EXCITE 4""@it-it 4 | Men SCARPE DA RUNNING PER UOMO ASICS""@it-it"
574,"""Nike Hypervenom Phantom FG - Volt/ Violet Persan/ Hot Lava/ Noir""@fr "" chaussures de football Nike terrain sec football- volt-violet persan-hot lava-noir ""@fr"
575,"""NIKE CLASSIC CORTEZ LEATHER"" ""SNEAKERS ON LINE"""
576,"""Asics Gel-Lyte III Mid (H637Y-4242)""@es-ES (H637Y-4242) - footstop""@es-ES"
577,"""Roshe One"" ""Nike Roshe One - 511881-405 | everysize.com"""
578,"""Air Jordan 5 Retro White/Black-Fire Red""@en-US Red | Cheap Jordans 2018""@en-US"
579,"""Puma IGNITE Mesh Femme - Rouge/Bleu""@fr "" Chaussures de running femme Puma Rouge-Bleu ""@fr"
580,"""Puma evoSPEED SL Piel II FG - Blanco/Negro/Naranja""@es "" Puma Botas de futbol-Terrenos firmes-Blanco/Negro/Naranja ""@es"
581,"""Buty Nike Tiempo Legend V FG - Czarny/Volt/Biały""@pl "" Buty piłkarskie Sucha murawa Korki Lanki 631518-017 Czarny-Volt-Biały ""@pl"
582,"""Asics Gel-Lyte III Split Camo - Marcepanowy""@pl "" Asics Marcepanowy-Obuwie Meskie Buty Meskie-H7Y0L-0593 ""@pl"
583,"""GEL-NIMBUS 19""@en-ie 19 | Women Road Running ASICS""@en-ie"
584,"""Nike Hypervenom Phantom II FG - Platino/Negro/Verde fantasma""@es "" Nike Botas de futbol-Terrenos firmes-Platino/Negro/Verde fantasma ""@es"
585,"""PUMA SUEDE CLASSIC ""@pl | CZERWONY 249.99 PLN Sneakersy 35263405""@pl"
586,"""Asics Gel-Zaraca 4 - Blu Methyl/Nero/Argento""@it "" Asics Scarpe Uomo Methyl/Nero/Argento ""@it"
587,"""Concave Quantum 1.0 FG - Bianco/Lime""@it "" Concave Scarpe Uomo Terreni Compatti Bianco/Lime ""@it"
588,"""Nike Mercurial Victory V FG - Volt/Hiper Rosa/Negro""@es "" Botas de futbol Nike- Nike 651632-760- Rosa/Negro ""@es"
589,"""Puma Top Winner Mesh - Blue Aster/Vibrant Yellow""@en "" Puma Shoes Trainers Mens Footwear Yellow ""@en"
590,"""Nike Kids Hypervenom Phantom II FG - Volt/Black/Hyper Turquoise""@en "" Nike Junior Boots Firm Ground Turquoise ""@en"
591,"""Sneakers buty Nike WMNS Air Force 1 '07 Mid LE white (366731-100)""@pl (366731-100) | Bludshop.com""@pl"
592,"""Basketball shoes Air Jordan VI Retro PRM Heriress""@en Heriress | Shoes \ %SALE% - Basketball shop Basketmania""@en"
593,"""Air Jordan 5 Low “Dunk From Above” White/Metallic Gold Star-Midnight Navy For Sale""@en-US Sale | New Jordans 2016""@en-US"
594,"""Nike Junior Mercurial Victory V FG - Cremise Acceso/Violetto Persiano/Nero""@it "" Scarpe da Calcio Nike Terreni Compatti Persiano/Nero ""@it"
595,"""Nike Sportswear Air Max 90 Ultra Moire - Midnight Navy""@en "" Nike Mens Shoes Navy / Mid White ""@en"
596,"""Asics Donna Fuze X - Nero/Rosa Diva""@it "" Asics Scarpe Diva ""@it"
597,"""Nike Air Zoom Pegasus 33 Women's Training Shoes - Black/White/Cool Gray""@en ""Running and Training""@en"
598,"""Puma evoPOWER 4.3 FG - Blu/Bianco Puma/Arancione""@it "" Puma Scarpe Uomo Terreni Compatti Puma/Arancione ""@it"
599,"""Puma IGNITE v2 -Negro/Asfalto/Rojo/Plateado""@es "" Puma -Zapatillas de correr-Negro/Asfalto/Rojo/Plateado ""@es"
600,"""Nike Junior Hypervenom Phantom II FG - Volt/Nero/Hyper Turchese""@it "" Nike Scarpe Terreni Compatti Turchese ""@it"
601,"""Nike Air Max Zero Essential - Negro""@es "" Zapatillas para hombre Retro Running Nike Negro 876070-010 ""@es"
602,"""Concave Quantum + SG - Noir/ Blanc""@fr "" Concave chaussures pour homme terrain gras noir-blanc ""@fr"
603,"""Nike Free Run Distance - Noir/Blanc/Gris""@fr "" Chaussures homme Nike Noir-Blanc-Gris ""@fr"
604,"""NIKE Dualtone Racer (918227-400) Sneakers for Men @ upclassics"""
605,"""Nike Kids Mercurial Vapor X FG - Squadron Blue/Black/Volt""@en "" Nike Junior Boots Firm Ground Blue/Black/Volt ""@en"
606,"""Nike Flex 2016 Run -Negro/Plateado/Rojo/Blanco""@es "" Nike - Zapatillas de correr para hombre-Negro/Plateado/Rojo/Blanco ""@es"
607,"""Nike F.C. Roshe Tiempo VI - Schwarz""@de "" Nike Herren Laufschuhe Retro Schwarz ""@de"
608,"""JORDAN 13 “BRED”""@en-US “BRED” | The Basement Clothing""@en-US"
609,"""Nike Zoom Speed TR3 - Bleu Royal/ Blanc/ Noir""@fr "" Nike chaussures pour homme bleu royal blanc noir ""@fr"
610,"""Concave Quantum+ FG - White/Pink""@en "" Concave Mens Soccer Cleats Firm Ground White/Pink ""@en"
611,"""Nike Tiempo Rio III SG - Giada Clear/Nero/Volt""@it "" Nike Scarpe Uomo Terreni Morbidi Clear/Nero/Volt ""@it"
612,"""Buty Concave Quantum + FG - Biały/Czarny""@pl "" Męskie buty piłkarskie Trawa naturalna Biały Czarny ""@pl"
613,"""Nike Lunartempo Femme - Bleu Royal/ Fuchsia""@fr "" Nike femme chaussures pour bleu royal-fuschia ""@fr"
614,"""NIKE AIR MAX 90 ULTRA 2.0 LTR""@pl obuwie Sneakers ✓ Darmowa dostawa ★ Sizeer ★""@pl ""Sneakersy"
615,"""KANMEI GS""@en-fr GS | Unisex Kids Running Shoes ASICS""@en-fr"
616,"""Nike Sportswear para mujer Roshe One Premium - Negro""@es "" Zapatillas casuales-Nike Negro ""@es"
617,"""Cheap Air Jordan 13 (XIII) Retro “Bred” Black/Varsity Red-White For Sale""@en-US"
618,"""Nike Air Vortex Leather""@de Leather Grau Weiss Schwarz 918206-002 - Purchaze""@de"
619,"""Concave Volt + SG - Noir/ Rose""@fr "" Concave chaussures pour homme terrain gras noir- rose ""@fr"
620,"""Air Max 90 Essential"" ""Nike Air Essential - 537384-111 | everysize.com"""
621,"""Nike Sportswear Classic Cortez Nylon - Black""@en "" Mens Shoes Nike Black 807472-011 ""@en"
622,"""Puma evoSPEED SL Leder II FG - Puma Zwart/Puma Wit/Rood Blast""@nl "" leder Heren Voetbalschoenen Ferme Grond Zwart-Puma Wit-Rood Blast ""@nl"
623,""" Scarpa Mojito Coral Red ""@pt ""Scarpa - pt""@pt"
624,"""NIKE JR MERCURIAL VICTORY FG""@de FG - KIND FUßBALLSCHUHE NOCKEN Nike Farbe Weiß 651634 107 Der Online-Shop für deine Sportbekleidung""@de"
625,"""Zoom Stefan Janoski L""@en"
626,"""NIKE TORBA NK BRSLA M DUFF""@pl ""Torby sportowe męskie na ramię ✓ Darmowa dostawa ★ Sizeer ★""@pl"
627,"""Puma evoSPEED SL Cuir II FG - Noir Puma/ Blanc Rouge""@fr "" Puma chaussures pour homme terrain sec noir blanc rouge ""@fr"
628,""" Keen Alamosa Chocolate Brown / Bronze Green ""@sv ""Keen - se""@sv"
629,"""Nike Sportswear Air Force 1 Mid 07 - Obsidian""@en "" Mens Shoes Nike Obsidian / Gum Light Brown 315123-408 ""@en"
630,"""Nike Hypervenom Phelon II FG - Bianco/Nero/Arancione Totale/Volt""@it "" Nike Scarpe Uomo Terreni Compatti Totale/Volt ""@it"
631,"""NIKE Air Max 90 Essential (616730-113) Sneakers for Women @ upclassics"""
632,"""Nike Tiempo Legend V FG- Azul/Blanco/Volt/Negro""@es "" Nike FG - Botas de futbol-Azul-Blanco-Volt-Negro ""@es"
633,"""Puma Youths evoSPEED 5.5 FG - Puma Black/Puma White/Red Blast""@en "" Jr Blast Soccer Cleats Firm Ground ""@en"
634,"""Air Max 2016"" ""Nike Air 2016 - 806771 001 | everysize.com"""
635,"""Nike Junior Mercurial Victory V FG - Rouge Vif/ Violet Persan/ Noir""@fr "" chaussures de football junior Nike terrain sec enfant rouge vif-violet persan-noir ""@fr"
636,"""Nike F.C. Air Footscape Magista FK - Rouge""@fr "" Nike chaussures pour homme rouge noir or ""@fr"
637,"""Air Jordan 6 Retro ""champagne"" ""@en - New Arrivals – The Sneaker Authority""@en"
638,"""Nike Femme Free Run - Bleu/ Noir/ Carmin""@fr "" Nike chaussures pour femme bleu noir carmin ""@fr"
639,"""Nike Kawa Adjustable Men's Slide Sandals - White/Black/White""@en ""Clearance Footwear""@en"
640,"""Nike WMNS Air Max BW Ultra (819638-001)""@de"
641,"""Free RN"" ""Nike Free RN - 831508 100 | everysize.com"""
642,"""Nike Mercurial Vapor XI FG - Cremise Totale/Volt/Rosa Blast""@it "" Nike Scarpe Uomo Terreni Compatti Blast ""@it"
643,"""Air Force 1 Mid 07""@en"
644,"""ASICS GEL NOOSA TRI 11""@en 11 - WOMAN RUNNING SHOES Asics colour White T676Q 0101 Athletic footwear apparel and sports equipment""@en"
645,"""Puma evoSPEED 3.4 Leather FG - Black/Safety Yellow/White""@en "" Puma Mens Shoes Firm Ground Yellow/White ""@en"
646,""" Nike Air VaporMax Flyknit Running"
647,"""NIKE MERCURIAL VICTORY IV FG""@fr FG - BOTTES FOOTBALL FIXES Nike couleur Jaune 555613 703 Anima Sportiva Sport boutique""@fr"
648,"""Nike Magista Obra II FG - Turquoise Rio/ Volt/ Obsidienne/ Jade""@fr "" Chaussures de football homme Terrain sec Nike Volt Obsidienne Jade I Pro Direct Soccer ""@fr"
649,"""GEL-LYTE MT""@fr-fr MT | Unisex Men's Sneakers ASICS Tiger""@fr-fr"
650,"""Nike Tiempo Legend V FG - Negro/Volt/Blanco""@es "" Botas de futbol- Nike Terrenos firmes- Negro-Volt-Blanco ""@es"
651,""" Nike Air Huarache Run Premium - Desert Moss ""Nike 704830-302 sneakAvenue"""
652,"""Nike WMNS Air Max Thea""@en Thea White 599409-101 - Purchaze""@en"
653,"""Nike Sportswear JDI Benassi - Midnight Navy""@fr "" chaussures homme Nike Navy 343880-403 ""@fr"
654,"""Zapatillas Puma Basket Classic LFS -Blanco""@es "" Zapatillas baloncesto- Deportivas Puma- -Blanco ""@es"
655,"""Nike MagistaX Proximo IC ‘Radiant Reveal Pack’ – The Soccer Factory""@en-US"
656,"""Nike Mercurial Superfly V Ronaldo FG - Algue/ Volt/ Hasta/ Blanc""@fr "" Chaussures de football homme Nike CR7 Terrain sec Algue Volt Hasta Blanc I Pro Direct Soccer ""@fr"
657,"""Sneakers buty Asics Gel - Lyte III navy / white (H5Z2N-5001)""@pl (H5Z2N-5001) | Bludshop.com""@pl"
658,"""Nike Sportswear Air Max Tavas - Black / Anthracite Black""@en "" Nike Mens Shoes ""@en"
659,"""Wmns Air Max BW Ultra"" ""Nike Wmns Ultra - 819638 001 | everysize.com"""
660,"""Buty Puma evoPOWER 4.2 FG JR - Peacoat-Biały-Bright Plasma""@pl "" Korki Dziecięce buty piłkarskie Twarde podłoże Trawa naturalna Lanki Plasma 10322801 ""@pl"
661,"""Nike Free Run Distance para mujer-Violeta/Morado/Azul""@es "" Nike mujer-Zapatillas mujer-Violeta/Morado/Azul ""@es"
662,"""Nike Sportswear Femme Air Max 1 Mid Sneakerboot - Noir/ Marron""@fr "" Nike chaussures pour femme noir marron ""@fr"
663,"""NIKE TIEMPO LEGACY IC""@en apparel and sports equipment""@en IC - MAN INDOOR SOCCER SHOES Nike colour Light blue 631522 418 Athletic footwear"
664,"""Puma Popcat - Blu Dazzling/Bianco""@it "" Puma Abbigliamento Uomo Dazzling-Bianco ""@it"
665,"""Nike Junior Sportswear Air Max 90 Flash (GS) - Nero/Bianco Summit""@it "" Nike Scarpe Summit ""@it"
666,"""GEL-NIMBUS 19 LITE-SHOW STRASSENLAUF SCHUH FÜR DAMEN""@de-at DAMEN | Women Road Running ASICS""@de-at"
667,"""Nike Mercurial Vapor XI FG - Negro/Rosa""@es "" Nike Botas de futbol-Terrenos firmes-Negro/Rosa ""@es"
668,"""Puma evoTOUCH 1 FG -Negro/Blanco/Amarillo""@es "" Puma -Botas de futbol-Terrenos firmes-Negro/Blanco/Amarillo ""@es"
669,"""Concave Volt 1.0 SG - Noir/ Blanc""@fr "" Chaussures de football Concave homme terrain gras noir blanc ""@fr"
670,"""NIKE MD RUNNER 2 BG""@pl ""Obuwie odzież i akcesoria dla dzieci ✓ Darmowa dostawa ★ Sizeer ★""@pl"
671,"""ASICS Tiger GEL-Lyte III Valentines Day Pack - Red""@en "" Mens Shoes ASICS Red H63QQ-2323 ""@en"
672,"""Air Max 90 Essential"" ""Nike Air Essential - 616730-113 | everysize.com"""
673,"""Nike Flylon Train Dynamic - Black/White/Dark Grey/Volt""@en-GB "" Nike Mens Shoes Regular Training Grey/Volt ""@en-GB"
674,"""Nike Tiempo Legacy II FG - Blanc/ Noir/ Orange Total""@fr "" Nike chaussures pour homme terrain sec blanc noir orange total ""@fr"
675,"""Nike Tiempo Legacy II FG - White/Black/Total Orange""@en "" Nike Mens Boots Firm Ground Orange ""@en"
676,"""Nike Mercurial Vapor XI Ronaldo FG - Verde/Volt/Hasta/Bianco""@it "" Nike Scarpe Uomo Terreni Compatti Verde/Volt/Hasta/Bianco ""@it"
677,"""Nike Tiempo Legacy FG - Antracide/Nero/Volt""@it "" Nike Scarpe Uomo Terreni Compatti Antracide-Nero-Volt ""@it"
678,"""Air Jordans 9 Retro Medium Grey/Cool Grey-White For Sale""@en-US Sale | 2017 Air Jordan Shoes""@en-US"
679,"""Nike Sportswear Roshe Run - Midnight Navy / Black White""@en "" Mens Shoes Nike White ""@en"
680,"""Nike Metcon 3 - Black""@en-GB "" Nike Black Mens Shoes 852928-002 ""@en-GB"
681,""" Maple Veneer Stair Tread Cover - 42"" ""@en, ""@en"
682,"""Puma King Allround TT - Black/White/Team Gold""@en "" Puma Mens Soccer Cleats Turf Trainer 17011901 Gold ""@en"
683,""" Jordan Air 2 Retro Decon"
684,"""Concave Quantum + FG - Black/White""@en "" Concave Mens Boots Firm Ground Black/White ""@en"
685,"""Buty ASICS Gel-Lyte III - Czarne""@pl "" Buty męskie Czarne ""@pl"
686,"""Nike Kids Hypervenom Phade II FG-R - Volt/Zwart/Hyper Turquoise""@nl "" Nike Kinderen Voetbalschoenen Ferme Grond Volt-Zwart-Hyper Turquoise ""@nl"
687,"""Nike Mercurial Superfly V Ronaldo FG - Seaweed/Volt/Hasta/White""@en "" Nike Mens Boots Firm Ground Seaweed/Volt/Hasta/White ""@en"
688,"""adidas Adizero Malice FG"" Goalinn"" FG anfugen und sonderangebote"
689,"""Nike Dri-Fit Cushioned N 3 Pair Pack"" Pack anfugen und sonderangebote Runnerinn"""
690,"""Nike Donna Air Zoom Pegasus 33 - Viola/Bianco/Lyl Bl/Nero/Rosa""@it "" Nike Abbigliamento Bl/Nero/Rosa ""@it"
691,"""Concave Volt+ FG Enfant - Noir/ Or""@fr "" Concave chaussures pour enfant terrain sec noir or ""@fr"
692,"""Nike Premier FG - Negro-Blanco""@es "" Botas de Futbol Terreno Firme Tacos Nike Negro-Blanco ""@es"
693,"""Nike Air Zoom Pegasus 33 Men's Running Shoes SU16 400""@en 400 · Nike Neutral Trainers ah""@en"
694,"""ZAPATILLA DE RUNNING GEL-QUANTUM 360 KNIT PARA HOMBRE""@es-es HOMBRE | Men Men's Easy Running Shoes ASICS""@es-es"
695,"""Nike Sportswear Air Max 90 Ultra Essential - Blanc/ Gris/ Infrarouge/ Noir""@fr "" Nike chaussures pour homme blanc gris infrarouge noir ""@fr"
696,"""Buty Nike Sportswear Air Max 90 Essential - Białe""@pl "" Buty męskie Białe ""@pl"
697,"""GEL-LYTE V""@de-at V | Women Women's Sneakers ASICS Tiger""@de-at"
698,"""ASICS GEL GT 2000 3""@es 3 - ZAPATILLAS RUNNING HOMBRE Asics color Azul T500N 4207 Equipamiento deportivo y casual""@es"
699,"""Klapki klapki Nike WMNS Benassi Jdi black white (343881-011)""@pl (343881-011) | Bludshop.com""@pl"
700,"""5 3/4"" Heel Black w/ Matte Platform Boot""@en ""Wholesale Knee Stripper High Boots""@en"
701,"""Nike Hypervenom Phantom II FG - Cremise Total/Ossidiana/Viola Vivido""@it "" Nike Scarpe Uomo Terreni Compatti Vivido ""@it"
702,"""Nike Magista Onda II TF - Volt/Zwart/Total Oranje""@nl "" Nike Heren Voetbalschoenen Turf Trainer Volt-Zwart-Total Oranje ""@nl"
703,"""Air Jordan 14 Retro ""laney""""@en ""laney"" - New Arrivals – The Sneaker Authority""@en"
704,"""Asics Gel-Zaraca 4 - Blau/Schwarz/Silber""@de "" Asics Herrenschuhe Blau/Schwarz/Silber ""@de"
705,"""Nike Free Run - White/Black""@en "" Nike Mens Shoes White/Black ""@en"
706,"""Nike Free Run Distance - Nero/Bianco/Grigio Scuro/Grigio Lupo""@it "" Nike Scarpe Uomo Nero-Bianco-Grigio Scuro-Grigio Lupo ""@it"
707,"""ASICS GEL-Kayano Trainer Evo - Noir""@fr "" chaussures homme ASICS Noir ""@fr"
708,"""NIKE AIR ZOOM PEGASUS 33""@en 33 - MAN RUNNING SHOES Nike colour Black 831352 001 Athletic footwear apparel and sports equipment""@en"
709,"""Puma evoSPEED 1.5 FG - Nero Puma/Bianco Puma/Rosso""@it "" Puma Scarpe Uomo Terreni Compatti Puma/Rosso ""@it"
710,"""Nike Tiempo Legacy II SG - Platino Puro/Nero/Arancione Hyper""@it "" Nike Scarpe Uomo Terreni Morbidi Puro-Nero-Arancione Hyper ""@it"
711,"""Pantaloni Impermeabili Nike Foundation 12 - Nero/Bianco""@it "" Abbigliamento Allenamento Pantaloni Nero-Bianco 447433-010 ""@it"
712,"""Air Jordan 6 Retro Premium Heiress"" ""Nike Air Heiress - 881430-029 | everysize.com"""
713,"""NIKE TIEMPO MYSTIC V FG""@en apparel and sports equipment""@en FG - MAN SOCCER SHOES Nike colour Green 819236 307 Athletic footwear"
714,"""Air Jordan 11 Retro""@en"
715,"""Nike Air Zoom Pegasus 33 para mujer-Morado oscuro/Blanco/Rosa""@es "" Nike mujer-Zapatillas oscuro/Blanco/Rosa ""@es"
716,"""Sneakers buty Nike WMNS Air Max 90 black / - 325213-043""@pl 325213-043 | Bludshop.com""@pl"
717,"""Sneakers buty Asics Gel-Lyte Runner gecko green / guava (HN6F0-8873)""@pl (HN6F0-8873) | Bludshop.com""@pl"
718,"""Wmns Roshe Two"" ""Nike Wmns Two - 844931 002 | everysize.com"""
719,"""New Air Jordan 14 Retro Low “Laney” Shoes""@en-US Shoes |"
720,"""Nike Free Train Versatility - Black/Black/White""@en "" Nike Mens Shoes Black/Black/White ""@en"
721,""" Keen Clearwater CNX Black/Yellow ""@nl ""Keen - nl""@nl"
722,"""NIKE AIR MAX 90 ESSENTIAL ""@pl | CZARNY 499.99 PLN Sneakersy 537384077""@pl"
723,"""Nike Sportswear Air Max 90 Mid Winter - Negro""@es "" Nike -Zapatillas para hombre-Deportivas- Negro ""@es"
724,"""Wmns Air Pegasus 89"" ""Nike Wmns 89 - 844888-001 | everysize.com"""
725,""" Patagonia R3 Wool Lined Split Toe Booties Black ""@fr ""Patagonia - be_fr""@fr"
726,"""Nike Sportswear Womens Classic Cortez Leather - White / Black White""@en "" Shoes Nike 807471-101 ""@en"
727,"""ASICS GEL-LYTE III ""@pl | BIALY 439.99 PLN Sneakersy H534L0101""@pl"
728,"""Маратонки Asics GEL-SONOMA 3 G-TX T727N.9099""@bg"
729,""" Nike Air Force 1 Premium - Black ""Nike 905345-001 sneakAvenue"""
730,"""Roshe One GS"" ""Nike Roshe GS - 599728-020 | everysize.com"""
731,"""Air Max 90 Ultra Moire"" ""Nike Air Moire - 819477-400 | everysize.com"""
732,"""Puma Speed 1000 S IGNITE -Azul/Rojo/Blanco""@es "" Puma -Zapatillas para hombre-Azul/Rojo/Blanco ""@es"
733,"""Nike Sportswear Air Force 1 07 - Bianco""@it "" Nike Pelle Scarpe Uomo Bianco 315122-111 ""@it"
734,""" Nike WMNS Air Footscape Woven"
735,"""GEL-DS TRAINER 22 LAUFSCHUH FÜR DAMEN""@de-at DAMEN | Women Women's Fast Running Shoes ASICS""@de-at"
736,"""Concave Volt + SG - Nero/Rosa""@it "" Concave Scarpe Uomo Terreni Morbidi Nero/Rosa ""@it"
737,"""Nike Free 5.0 Men's Training Shoes - Platinum/Wolf Gray/Clear Gray""@en ""Clearance Footwear""@en"
738,"""NITROFUZE""@es-es ""NITROFUZE | Men ZAPATILLAS DE RUNNING PARA HOMBRE ASICS""@es-es"
739,"""Nike Sportswear Air Max Tavas - Schwarz/Anthrazit/Schwarz""@de "" Nike Herrenschuhe Schwarz/Anthrazit/Schwarz ""@de"
740,"""Concave Halo 1.0 FG - Black/Gold""@en "" Concave Mens Soccer Cleats Firm Ground Black/Gold ""@en"
741,"""Air Jordan 6 Retro GS Premium “Heiress”Black White Girls Size For Sale""@en-US Sale | Shoes""@en-US"
742,"""NIKE AIR MAX 90 ULTRA 2.0 LTR""@pl ""Znane marki ubrań i butów męskich ✓ Darmowa dostawa do domu ★ Sizeer ★""@pl"
743,"""Nike MercurialX Proximo II Ronaldo IN - Algue/ Volt/ Hasta/ Blanc""@fr "" Chaussures de football homme Nike CR7 Indoor Algue Volt Hasta Blanc I Pro Direct Soccer ""@fr"
744,"""Air Jordans 5 Retro “Shanghai Shen” Black/Varsity Maize-Varsity Royal-Black For Sale""@en-US Sale | New 2017""@en-US"
745,"""Nike Mercurial Victory V FG - Mangue/ Argent/ Turquoise""@fr "" Nike chaussures pour homme terrain sec mangue argent turquoise ""@fr"
746,"""Nike Sportswear Benassi JDI Douche Schoenen - Zwart/Wit""@nl "" Heren Nike Zwart-Wit 343880-090 ""@nl"
747,"""Nike Tiempo Legend SG-Pro - Anthracite/ Noir/ Volt""@fr "" Nike chaussures pour homme terrain gras anthracite-noir-volt ""@fr"
748,"""Air Jordans 13 Retro French Blue/Flint Grey-White For Sale""@en-US Sale | 2017 Air Jordan Shoes""@en-US"
749,"""Nike Sportswear Roshe Run -Negro/Antracita""@es "" Nike -Zapatillas para hombre-Deportivas-Negro-Antracita ""@es"
750,""" Keen Marshall MID WP Black Iris/Eventide ""@en ""Keen - ca""@en"
751,""" Keen Yoyageur Black Olive/Inca Gold ""@fr ""Keen - be_fr""@fr"
752,"""Buty męskie NIKE Roshe Run 511881-010 CZARNE ""@pl Jordan Męskie Nike Czarne Adidas""@pl ROSHE RUN Buty"
753,"""Survêtement Nike Academy 16 Knit 2 - Rouge Université/ Noir/ Gym/ Blanc""@fr "" survetement teamwear football homme rouge universite noir gym blanc ""@fr"
754,"""Puma EvoSpeed SL II Leather Tricks FG – The Soccer Factory""@en-US"
755,"""David Spencer Marco Casual Shoes""@en "" David Shoes at GlobalGolf.com ""@en"
756,"""NIKE WMNS AIR MAX 90 ""@pl | CZARNY 479.99 PLN Sneakersy 325213043""@pl"
757,"""Puma King Top K Di FG - Zwart/Wit/Goud""@nl "" Puma Ferme Grond Heren Voetbalschoenen Zwart-Wit-Goud ""@nl"
758,"""Nike MercurialX Pro IN Enfant - Noir/ Or/ Rouge""@fr "" Nike enfant chaussures pour indoor noir-or-rouge ""@fr"
759,""" Keen Newport H2 Black/True Red ""@en ""Keen - en""@en"
760,"""NIKE TIEMPO LEGACY II FG""@en FG - MAN SOCCER SHOES Nike colour White 819218 108 Athletic footwear apparel and sports equipment""@en"
761,""" Nike Air Max BW Ultra SE - Khaki ""Nike 844967-200 sneakAvenue"""
762,"""Under Armour Corespeed Force 3.0 FG - Noir""@fr "" Chaussures de football Under Terrain sec Noir ""@fr"
763,"""Nike Sportswear Air Max 90 Ultra Moire -Negro""@es "" Nike -Zapatillas para hombre-Deportivas-Negro ""@es"
764,"""Nike Ragazza Air Max 2016 (GS) - Rosa Hyper""@it "" Scarpe Nike Hyper ""@it"
765,"""Air Jordans 6 Retro “Champagne Bottle” Pro Green/Metallic Gold-Chilling Red-Black""@en-US Red-Black | 2017 Air Jordan Shoes""@en-US"
766,""" Patagonia R3 Wool Lined Split Toe Booties Black ""@nl ""Patagonia - nl""@nl"
767,"""Nike F.C. Zoom Mercurial XI FK - University Rood""@nl "" 3rd Oct Nike Heren Schoenen Hardloopschoenen Rood ""@nl"
768,"""Low-top retro trainers in soft nubuck""@en"
769,"""Nike Damen Sportswear Air Max 1 Mid Sneakerboots - Schwarz/Braun""@de "" Nike Womens Sneakerboot Damenschuhe Schwarz/Braun ""@de"
770,"""Nike Free Trainer 3.0 v4 - Noir/ Vert/ Solaire/ Blanc""@fr "" Nike chaussures pour homme noir-vert-solaire-blanc ""@fr"
771,"""Nike Mercurial Victory V FG - White/Black/Volt/Total Orange""@en "" Nike Mens Soccer Cleats Firm Ground Orange ""@en"
772,"""Nike Tiempo Legend VI FG - Jade/ Noir/ Volt""@fr "" Nike chaussures pour homme terrain sec jade noir volt ""@fr"
773,"""Puma Basket Classic LFS - White""@en "" Mens Shoes Puma white-white 354367-17 ""@en"
774,""" Keen Clearwater CNX Black/Yellow ""@fr ""Keen - ch_fr""@fr"
775,"""Nike Hypervenom Phatal II DF FG - Total Crimson/Obsidian/Vivid Purple""@en "" Nike Mens Soccer Cleats Firm Ground Purple ""@en"
776,"""ASICS GEL-CUMULUS 19""@pl 19 | NIEBIESKI 399 99 PLN Running T7B8N4890 - UP8.com""@pl"
777,"""NIKE AIR VIBENNA PREM""@pl ""Nowości Nike 2017 | Sklep Sizeer""@pl"
778,"""Concave Quantum+ FG - Blanc/ Rose""@fr "" Concave chaussures pour homme terrain sec blanc rose ""@fr"
779,"""SCARPA DA CORSA GEL-DS TRAINER 22 NC DONNA""@it-it DONNA | Women Women's Fast Running Shoes ASICS""@it-it"
780,"""Nike Metcon DSX Flyknit -Gris lobo/Negro""@es "" Zapatillas de entrenamiento- Nike lobo/Negro ""@es"
781,"""Puma evoTOUCH Pro FG - Zwart/Wit/Safety Geel""@nl "" Puma Heren Voetbalschoenen Ferme Grond Zwart-Wit-Safety Geel ""@nl"
782,"""Puma EvoSpeed SL S II FG – The Soccer Factory""@en-US"
783,"""GEL-EXCITE 4""@fr-be ""GEL-EXCITE 4 | Men CHAUSSURES DE COURSE À PIED POUR HOMMES ASICS""@fr-be"
784,"""Nike Womens Free Run - Blue Glow/Black-Racer Blue-Bright Crimson""@en "" Nike Crimson Shoes 831509-404 ""@en"
785,"""Nike Mercurial Vapor X FG Enfant - Bleu/ Noir/ Volt""@fr "" Nike enfant chaussures terrain sec bleu-noir-volt ""@fr"
786,"""Puma evoSpeed 1.5 Firm Ground Mens Football Boots - Black""@en Black | Start Fitness""@en"
787,"""Puma evoPOWER 2.3 FG - Blauw Yonder/Puma Wit/Shocking Oranje""@nl "" Puma Heren Voetbalschoenen Ferme Grond Yonder-Puma Wit-Shocking Oranje ""@nl"
788,""" Keen Wichita Black/Drizzle ""@fr ""Keen - fr""@fr"
789,"""NIKE WMNS NIKE FLEX 2017 RN""@pl ""Nike - buty i odzież damska sportowa | sklep internetowy up8""@pl"
790,"""Nike Sportswear Air Max 90 Cuir - Noir""@fr "" Chaussures Nike Noir 302519-001 ""@fr"
791,"""Nike Magista Ola II FG - Rio Teal/Volt/Ossidiana/Giada Clear""@it "" Nike Scarpe Uomo Terreni Compatti Clear ""@it"
792,"""Nike Sportswear Air Max 90 Flash (GS) - Noir/ Blanc""@fr "" Nike chaussures pour enfant noir blanc ""@fr"
793,"""Nike Mercurial Victory V FG - Volt/Rosa Hyper/Nero""@it "" Scarpe da Calcio Uomo Nike Terreni Compatti Hyper/Nero 651632-760 ""@it"
794,"""2018 Air Jordan 13 Black/True Red-Light Olive For Sale""@en-US Sale | New Jordans 2015""@en-US"
795,"""Nike Air Max 90 Essential - White""@en "" Mens Shoes Nike White 537384-111 ""@en"
796,"""Joma N-10 Pro FG - Wit/Zwart""@nl "" Joma Heren Voetbalschoenen Ferme Grond Wit-Zwart ""@nl"
797,"""NIKE TIEMPO LEGACY II SG PRO""@de PRO - FUßBALLSCHUHE STOLLEN Nike Farbe Weiß 819716 001 Der Online-Shop für deine Sportbekleidung""@de"
798,"""Sneakers buty Nike Air Presto racer blue / white-black (848132-401)""@pl (848132-401) | Bludshop.com""@pl"
799,"""Sneakers buty Nike Roshe One wolf grey / white (511881-023)""@pl (511881-023) | Bludshop.com""@pl"
800,"""Puma King Top M.I.I FG - Nero/Bianco/Oro Team""@it "" Puma Scarpe Uomo Terreni Compatti Team ""@it"
801,"""Gel Lyte III"" ""Asics Gel III - H534L 9090 | everysize.com"""
802,"""Nike Kids Mercurial Vortex III FG - Black/Pink Blast""@en "" Nike Junior Boots Firm Ground Blast ""@en"
803,"""Wmns Air Zoom Pegasus 33"" ""Nike Wmns 33 - 849812 406 | everysize.com"""
804,"""Nike Free Run Flyknit - Black/White""@en "" Nike Black/White Mens Shoes 831069-001 ""@en"
805,""" Air Jordan 11 Retro Low ""columbia""""@en ""Air ""columbia"" - Pre Order – The Sneaker Authority""@en"
806,"""R698 Leather"" ""Puma R698 Leather - 360601 02 | everysize.com"""
807,"""Nike Sportswear Roshe Run -Gris/Blanco""@es "" Nike -Zapatillas-Deportivas-Gris-Blanco ""@es"
808,"""Puma evoSPEED 1.4 Pelle FG - Lava Blast/Bianco/Eclisse Totale""@it "" Puma Scarpe Uomo Terreni Compatti Blast-Bianco-Eclisse Totale ""@it"
809,"""2017 Cheap Air Jordan 13 Retro “Chicago” White/Black-Team Red Shoes""@en-US Shoes | Jordans 2017""@en-US"
810,"""Nike Zoom Train Complete - Negro/Antracita/Blanco""@es "" Nike -Zapatillas de deporte-Negro/Antracita/Blanco ""@es"
811,"""Nike Metcon 1 - Volt/Blanco/Negro/Platino""@es "" Nike -Zapatillas para hombre- Volt-Blanco-Negro-Platino ""@es"
812,""" Air Jordan 7 Retro ""pantone"" ""@en ""Air - Mens Footwear – The Sneaker Authority""@en"
813,"""Asics Gel-Craze TR 4 - Black/Black/White""@en "" Asics Black/Black/White Mens Shoes S705N-9099 ""@en"
814,"""Nike Donna Sportswear Benassi JDI Print - Blu Coastal""@it "" Scarpe Nike Coastal ""@it"
815,"""Nike Mercurial Victory V FG - Bianco/Nero/Volt/Arancione Totale""@it "" Nike Scarpe Uomo Terreni Compatti Totale ""@it"
816,"""NIKE STEFAN JANOSKI MAX ""@pl obuwie sportowe Nike ✓ Darmowa dostawa ★ Sizeer ★""@pl ""Buty"
817,"""Nike F.C. Zoom Mercurial XI FK - Rot""@de "" Nike Herren Trainingsschuhe Rot ""@de"
818,"""Nike Free Run Distance - Negro/Blanco/Gris""@es "" Nike Zapatillas de correr-Negro/Blanco/Gris ""@es"
819,"""Puma King Enfant Top i FG - Noir/ Blanc/ Or""@fr "" chaussures de football enfant Puma Or 10246601 ""@fr"
820,"""Puma evoSPEED SL FG - Lave/Blanc/Eclipse Totale""@fr "" Puma chaussures homme terrain sec lave-blanc-eclipse totale ""@fr"
821,"""Concave Quantum 1.0 SG - Black/White""@en "" Concave Mens Boots Soft Ground Black/White ""@en"
822,"""Nike Tiempo Legacy II FG - Giada/Nero/Volt""@it "" Nike Scarpe Uomo Terreni Compatti Giada/Nero/Volt ""@it"
823,"""Air Jordans 9 Retro “Copper Statue” White Black-Militia Green For Sale""@en-US Sale | Cheap KD 9""@en-US"
824,"""Asics Gel Kayano Trainer EVO H707N-9090 ""@es ""Longlou Sneakers - Asics H707N-9090""@es"
825,"""Nike Alpha Huarache Men's Low Turf Shoes - Black/White""@en ""Turf and Coach""@en"
826,"""Nike WMNS Air Max Thea""@de Thea Schwarz Grau Anthrazit Weiss 599409-007 - Purchaze""@de"
827,"""Puma Junior evoPOWER 4.2 FG - Peacoat/Bianco/Plasma Splendente""@it "" Scarpe da Calcio Puma Splendente 10322801 ""@it"
828,"""Nike Hypervenom Phantom SG-Pro - Volt/Violetto Persiano/Lava Calda/Nero""@it "" Scarpe da Calcio Nike Calda/Nero ""@it"
829,"""Nike Hypervenom Phatal II DF FG -Blanco/Negro/Naranja total/Volt""@es "" Nike -Botas de futbol-Blanco/Negro/Naranja total/Volt ""@es"
830,"""Nike Benassi Solarsoft 2 Slide Sandals - Midnight/Lyon Blue""@en ""Slides and Sandals""@en"
831,"""Concave Quantum + SG - Bianco/Lime""@it "" Concave Terreni Morbidi Bianco/Lime ""@it"
832,"""Nike Tiempo Legend VI FG - Nero/Bianco/Nero/Oro Metallico""@it "" Nike Scarpe Uomo Terreni Compatti Nero-Bianco-Nero-Oro Metallico ""@it"
833,"""Nike Hypervenom Phelon II FG - Platino/Negro/Verde fantasma""@es "" Nike Botas de futbol-Terrenos firmes-Platino/Negro/Verde fantasma ""@es"
834,"""Concave Halo 1.0 FG - Nero/Oro""@it "" Concave Scarpe Uomo Terreni Compatti Nero/Oro ""@it"
835,"""Puma evoTOUCH Pro FG - Noir/ Blanc/ Jaune""@fr "" Puma chaussures pour homme terrain sec noir blanc jaune ""@fr"
836,"""Nike Air Zoom Structure 19 - White/Black-Electric Green-Concord""@en "" Nike Mens Shoes Green-Concord ""@en"
837,"""Puma Esito Classico Ferme Grond - Wit/Zwart""@nl "" Puma Heren Voetbalschoenen Wit-Zwart ""@nl"
838,"""Nike Sportswear Air Max 90 Mid Winter - Nero""@it "" Nike Scarpe Uomo Nero ""@it"
839,"""Nike Sportswear Air Max 90 Lederschuhe - Schwarz""@de "" Nike Freizeitschuhe Herrenschuhe Schwarz 302519-001 ""@de"
840,"""Nike Flylon Train Dynamic - Negro/Blanco/Gris oscuro/Volt""@es "" Nike -Zapatillas de deporte- oscuro/Volt ""@es"
841,"""Puma evoSPEED 4.5 FG - Puma White/Puma Black/Shocking Orange""@en "" Orange Mens Soccer Cleats Firm Ground ""@en"
842,"""Concave Quantum + FG - Black/White""@en "" Concave Mens Soccer Cleats Firm Ground Black/White ""@en"
843,"""Nike Free Run - Concord/Nero/Blu""@it "" Nike Scarpe Uomo Concord/Nero/Blu ""@it"
844,"""Free RN Flyknit"" ""Nike Free Flyknit - 831070-001 | everysize.com"""
845,"""Air Jordan 11 72-10 Black/Gym Red-White-Anthracite""@en-US Red-White-Anthracite – Hoop Jordan""@en-US"
846,"""Puma evoSPEED 2.3 FG - Plasma Splendente/Bianco/Peacoat""@it "" Scarpe da Calcio Puma Terreni Comapatti Splendente/Bianco/Peacoat 10301204 ""@it"
847,"""Nike Air Zoom Pegasus 33 - Negro/Blanco/Antracita/Gris""@es "" Nike Zapatillas para hombre-Negro/Blanco/Antracita/Gris ""@es"
848,"""Puma evoTOUCH Pro FG - Black/White/Safety Yellow""@en "" Puma Yellow Mens Boots Firm Ground ""@en"
849,"""Nike Mercurial Vapor XI Ronaldo IN Enfant - Algue/ Volt/ Hasta/ Blanc""@fr "" Chaussures de football Nike CR7 Indoor Algue Volt Hasta Blanc I Pro Direct Soccer ""@fr"
850,"""ASICS Tiger GEL-Respector Shadow - Black""@en "" Mens Shoes ASICS Black H5W3L-9090 ""@en"
851,"""Air Max 90 Leather""@en"
852,"""2017 Air Jordan 12 “Bordeaux” Men’s Shoes 130690-617 For Sale""@en-US Sale | Retro Shoes""@en-US"
853,"""Nike Sportswear Air Max 1 Ultra SE - Pure Platinum""@en "" Mens Shoes Nike Platinum 845038-004 ""@en"
854,"""Nike Tiempo Legacy II SG -Platino/Negro/Naranja""@es "" Nike -Botas de futbol-Terreno blando-Platino/Negro/Naranja ""@es"
855,"""NIKE AIR ZOOM PEGASUS 32""@de 32 - DAMEN LAUFSCHUHE Nike Farbe Rosa 749344 501 Der Online-Shop für deine Sportbekleidung""@de"
856,"""Nike Hypervenom Phatal III DF FG - Negro/Blanco/Azul""@es "" Botas de futbol-Nike Negro/Blanco/Azul 852554-002 ""@es"
857,"""2017 Air Jordan 12 Bordeaux/Metallic Silver-Sail Cheap Sale""@en-US Sale | Jordans 2017""@en-US"
858,""" Rumi Top in Black"" ""SALE UP TO 85% OFF"""
859,"""Puma evoSPEED 5.4 FG - Giallo Safety/Blu Atomic/Bianco""@it "" Puma Scarpe Uomo Terreni Compatti Atomic/Bianco ""@it"
860,"""Asics Gel-Mai OG (asics blue, black)""@de-DE black) | Titelhelden Sneaker Store""@de-DE blue"
861,"""Asics Gel-Lyte III black (H534L-9090)""@eu (H534L-9090) | Bludshop.com""@eu"
862,"""Nike Hypervenom Phelon II FG - Bronzo Metallico/Nero/Verde Glow""@it "" Nike Scarpe Uomo Terreni Compatti Metallico-Nero/Verde Glow ""@it"
863,"""Puma evoPOWER 1.2 FG - Peacoat-Blanc-Plasma""@fr "" chaussures de football Puma terrain sec football- peacoat-blanc-plasma 10317101 ""@fr"
864,"""Nike Tiempo Mystic V FG - Black/White/Hyper Orange/Volt.""@en "" Nike Mens Boots Firm Ground Orange/Volt ""@en"
865,"""Nike Air Force 1 '07 Mid white (315123-111)""@eu (315123-111) | Bludshop.com""@eu"
866,"""Puma Speed 300 IGNITE - Blanco/Azul/Rojo""@es "" Puma -Zapatillas de correr- Blanco/Azul/Rojo ""@es"
867,"""Nike Air Force 1 Low WB""@de WB Hellbraun AA4061-200 - Purchaze""@de"
868,"""Nike Air Zoom Pegasus 33 - Wolf Grey/Black/Dark Grey/Photo Blue""@en "" Nike Blue Mens Shoes 831352-004 ""@en"
869,"""Nike Kawa Boy's Slide Sandals - Black/White""@en ""Slides and Sandals""@en"
870,"""Giày đá bóng Puma Evospeed SL FG Cam – Code: 10323501"" Hồng tại Thế giới đá"""
871,"""For Sale Air Jordan 11 Retro Low White Black-Concord Online 2014""@en-US 2014 | New Jordans 2015""@en-US"
872,"""Concave Volt + SG - Silver/Blue""@en "" Concave Mens Boots Soft Ground Silver/Blue ""@en"
873,"""Nike Mercurial Victory VI Ronaldo IC - Seaweed/Volt/Hasta/Wit""@nl "" Nike Heren Voetbalschoenen Indoor Seaweed/Volt/Hasta/Wit ""@nl"
874,"""Nike Air Zoom Fit 2 para mujer-Negro/Gris oscuro/Gris""@es "" Nike mujer-Zapatillas oscuro/Gris ""@es"
875,"""GEL-EXCITE 4""@en-nl 4 | Men Men's Running Shoes ASICS""@en-nl"
876,"""Nike Womens Air Zoom Pegasus 32 - Hyper Orange/Black-Volt-Opt Yellow""@en "" Nike Shoes Yellow ""@en"
877,"""Nike Lunartempo para mujer-Naranja/Negro/Blanco""@es "" Nike mujer-Zapatillas mujer-Naranja/Negro/Blanco ""@es"
878,"""Nike Tiempo Genio II Leder FG - Clear Jade/Zwart/Volt""@nl "" Nike Heren Voetbalschoenen Ferme Grond Jade-Zwart-Volt ""@nl"
879,"""Asics Gel-Lyte III black/chili (H6B2L-9024)""@eu (H6B2L-9024) | Bludshop.com""@eu"
880,"""Nike Free 5.0 Men's Training Shoes - Black/Dark Gray/Cool Gray""@en ""Running and Training""@en"
881,"""Nike Flex 2016 Run - Noir/ Blanc/ Gris""@fr "" Nike chaussures pour homme noir blanc gris ""@fr"
882,"""Puma King Top IN- Black/White/Gold""@en "" Puma Football Boots - Indoor Soccer Cleats Black-White-Team Gold ""@en"
883,"""Ariat Men's Fuse Rodeo Red Mesh Shoes""@en Shoes | Sheplers""@en"
884,"""Asics Gel-Kayano Trainer Evo (H621N-9016)""@es-ES (H621N-9016) - footstop""@es-ES"
885,"""Nike Air Zoom Winflo 3 - Bleu/ Noir/ Blanc""@fr "" Nike chaussures pour homme bleu noir blanc ""@fr"
886,"""Nike Air Force 1 Mid '07 obsidian (315123-408)""@eu (315123-408) | Bludshop.com""@eu"
887,"""Nike Tiempo Legacy II FG - Nero/Bianco/Oro Metallico""@it "" Nike Scarpe Uomo Terreni Compatti Nero-Bianco-Oro Metallico ""@it"
888,"""NIKE FREE RUN DISTANCE""@de DISTANCE - HERREN FREIZEIT SCHUHE Nike Farbe Hellblau 827115 401 Der Online-Shop für deine Sportbekleidung""@de"
889,"""Basketball Shoes Air Jordan Retro XI GS""@en GS | \ - Basketball shop Basketmania""@en"
890,"""NIKE FREE RN""@pl RN | SZARY 349 99 PLN Running 831508101 - UP8.com""@pl"
891,"""Nike Free 5.0 pour Femme - Noir/ Blanc/ Gris""@fr "" Nike femme chaussures noir-blanc-gris ""@fr"
892,""" Rumi Top in Black"" ""Tops Sale at SINGER22.com"""
893,"""Nike Sportswear Roshe Run - Nero/Antracide/Sail""@it "" Scarpe Uomo Nike Nero-Antracide-Sail ""@it"
894,"""GEL-FORTITUDE 7""@it-it 7 | Women SCARPE DA RUNNING PER DONNA ASICS""@it-it"
895,"""Asics Lethal Speed SG - Blu Elettrico/Bianco/Giallo Flash""@it "" Asics Scarpe Uomo Elettrico-Bianco-Giallo Flash ""@it"
896,"""Nike Zoom Winflo 3 - Negro/Blanco/Antracita""@es "" Nike Zapatillas para hombreNegro/Blanco/Antracita ""@es"
897,"""Buty Puma evoSPEED 1.3 Graphic FG - Biały-Zielony-Czerwony""@pl "" Korki Buty piłkarskie Twarde podłoże Trawa naturalna Lanki Biały-Zielony-Czerwony 10330401 ""@pl"
898,"""2016 Air Jordan 9 Retro “Copper Statue” White Black-Militia Green For Sale""@en-US Sale | New Jordans 2016""@en-US"
899,"""Nike Mercurial Veloce III DF FG - Noir/ Rose""@fr "" Nike chaussures pour homme terrain sec noir rose ""@fr"
900,""" Keen Presidio Black ""@en ""Keen - ca""@en"
901,"""NIKE Air Max Thea (599409-020) Sneakers for Women @ upclassics"""
902,"""NIKE Air Max Thea Ultra FK (881175-002) Sneakers for Women @ upclassics"""
903,"""Asics Gel-Lyte III (H63QQ-2323)""@eu (H63QQ-2323) | Bludshop.com""@eu"
904,"""NIKE JORDAN Air Jordan 1 Mid Shoe (554724-040) Sneakers for Men @ upclassics"""
905,"""2017 All-Star Air Jordan 6 “Chameleon” Black/Metallic Silver""@en-US Silver | New Jordans 2015""@en-US"
906,"""Nike Mercurial Vapor XI CR7 FG – The Soccer Factory""@en-US"
907,"""NIKE AIR MAX 90 ESSENTIAL ""@pl | CZARNY 579.99 PLN Sneakersy 537384090""@pl"
908,"""GEL-NIMBUS 19 POUR HOMMES""@fr-fr HOMMES | Men Road Running ASICS""@fr-fr"
909,"""NIKE TIEMPO GENIO II LEA TF""@en apparel and sports equipment""@en TF - MAN TURF SOCCER SHOES Nike colour Light grey 819216 001 Athletic footwear"
910,"""Nike Zoom Winflo 3 - Nero/Bianco/Anthracide""@it "" Nike Abbigliamento Uomo Nero/Bianco/Anthracide ""@it"
911,"""Sneakers buty Puma BOG Sock Core high risk red (362038-03)""@pl (362038-03) | Bludshop.com""@pl"
912,"""Nike HypervenomX Finale IN - Blanc/ Noir/ Vert/ Blanc""@fr "" Nike chaussures pour homme blanc noir vert ""@fr"
913,""" Nike Air Max 97 - Summit White ""Nike 921826-100 sneakAvenue"""
914,""" Therm-A-Rest NeoAir Torrent Air Pump ""@sv ""Therm-A-Rest - se""@sv"
915,"""NIKE THE PREMIER SG""@de SG - FUßBALLSCHUHE STOLLEN Nike Farbe Schwarz 698596 018 Der Online-Shop für deine Sportbekleidung""@de"
916,"""Nike Junior Magista Obra II FG – The Soccer Factory""@en-US"
917,"""Nike Kids Tiempo Rio III FG - Clear Jade/Black/Volt""@en "" Nike Junior Boots Firm Ground Jade/Black/Volt ""@en"
918,"""Roshe Two"" ""Nike Roshe Two - 844656-001 | everysize.com"""
919,"""NIKE TIEMPO LEGACY FG""@en apparel and sports equipment""@en FG - MAN SOCCER SHOES Nike colour Black 631521 007 Athletic footwear"
920,"""Concave Volt + SG - Argento/Blu""@it "" Concave Scarpe Uomo Terreni Morbidi Argento/Blu ""@it"
921,"""Nike WMNS Roshe Two black (844931-002)""@eu (844931-002) | Bludshop.com""@eu"
922,"""NIKE TIEMPO GENIO LEATHER SG""@en apparel and sports equipment""@en SG - MAN SOCCER SHOES Nike colour Black 631616 007 Athletic footwear"
923,"""Nike Womens Air Zoom Fit 2 - Black/White-Dark Grey-Wolf Grey""@en "" Nike Shoes Grey ""@en"
924,"""Nike Sportswear Roshe Two - Black""@en "" Mens Shoes Nike Black / Black-Black 844656-001 ""@en"
925,""" Keen Newport H2 Black/True Red ""@fr ""Keen - ch_fr""@fr"
926,"""Nike AIR Zoom Pegasus 32 Men's Training Shoes - Total Orange/Ghost Green/Black""@en ""Running and Training""@en"
927,"""Nike Dualtone Racer""@de Racer Dunkelblau Weiss 918227-400 - Purchaze""@de"
928,"""Nike Lunartempo 2 MP -Negro/Antracita/Verde""@es "" Nike -Zapatillas de entrenamiento para hombre-Negro/Antracita/Verde ""@es"
929,"""Puma evoSPEED SL FG - Eclisse Totale/Lava Blast/Bianco""@it "" Puma Scarpe Uomo Terreni Compatti Totale-Lava Blast-Bianco ""@it"
930,""" Keen Wichita Black/Drizzle ""@en ""Keen - ca""@en"
931,"""NIKE HYPERVENOM X FINALE TF""@de TF - FUßBALLSCHUHE MULTINOCKEN Nike Farbe Schwarz 749888 103 Der Online-Shop für deine Sportbekleidung""@de"
932,"""Nike Air Jordan 1 Retro High (332550-602)""@es-ES (332550-602) - footstop""@es-ES"
933,"""Nike Free Trainer 3.0 v4 - Noir/ Bleu Lagon/ Bleu/ Platine""@fr "" Nike chaussures pour homme noir-bleu lagon-bleu-platine ""@fr"
934,"""Nike Air Presto black / black-white (848132-010)""@eu (848132-010) | Bludshop.com""@eu"
935,"""Nike Hypervenom Phantom II FG - Carmin/ Obsidienne/ Violet""@fr "" Chaussures de football pour homme Terrain sec Nike carmin obsidienne violet ""@fr"
936,"""NIKE Air Vortex Leather Shoe (918206-401) Sneakers for Men @ upclassics"""
937,""" Jordan Air 4 Retro"
938,"""Asics Womens Gel-Noosa Tri 11 White Noise - Black/Black/Charcoal""@en "" Asics Shoes Black/Black/Charcoal ""@en"
939,"""Asics Gel Trounce 3 Men's Running Shoes SS16 5093""@en 5093 · Asics Mild Support Trainers ah""@en"
940,"""Son Of Mars""@en"
941,"""NIKE Air Max Thea (599409-007) Sneakers for Women @ upclassics"""
942,"""Nike HypervenomX Proximo IN - Rouge Bronze/ Noir/ Blanc""@fr "" Nike chaussures pour homme indoor rouge bronze-noir-blanc ""@fr"
943,"""Air Jordans 9 Retro Black/Matte Silver-University Blue For Sale""@en-US Sale | 2017 Air Jordan Shoes""@en-US"
944,"""Concave Volt + SG - Black/Pink""@en "" Concave Mens Boots Soft Ground Black/Pink ""@en"
945,"""Puma Popcat -Azul/Blanco""@es "" Puma - Zapatillas para hombre-Deportivas-Azul-Blanco ""@es"
946,"""Nike Sportswear Womens Air Force 1 Low Upstep BR - White""@en "" Shoes Nike White 833123-100 ""@en"
947,"""Nike Air Vapormax Flyknit ""@it ""NIKE AIR VAPORMAX FLYKNIT nera - AW LAB""@it"
948,"""Adidas Icon 3 Men's Mid Trainer Shoes - Black/White/Onix""@en ""New Items""@en"
949,"""Nike Sportswear Air Footscape Magista Flyknit -Rojo/Negro/Dorado""@es "" Nike -Zapatillas para hombre-Rojo/Negro/Dorado ""@es"
950,"""Klapki Nike Benassi Jdi black / white (343880-090)""@pl (343880-090) | Bludshop.com""@pl"
951,"""Puma Speed 300 IGNITE - Bianco-Blu Atomic-Rosso Blast""@it "" Puma Scarpe Uomo Blast ""@it"
952,""" Keen Presidio Black ""@sv ""Keen - se""@sv"
953,"""ASICS Gel-Nimbus 19 - Black/Onyx/Silver""@en "" ASICS Black/Onyx/Silver Mens Shoes T700N-9099 ""@en"
954,"""Nike Hypervenom Phantom SG-Pro - Volt/ Violet Persan/ Hot Lava/ Noir""@fr "" chaussures de football Nike terrain gras volt-violet persan-hot lava-noir ""@fr"
955,"""Puma evoPOWER 4.3 FG - Blue Yonder/Puma White/Shocking Orange""@en "" Puma Orange Mens Soccer Cleats Firm Ground ""@en"
956,"""Nike WMNS Classic Cortez Leather""@en Leather White Black 807471-101 - Purchaze""@en"
957,"""Nike Hypervenom Phantom II FG - Platino Puro/Nero/Verde""@it "" Nike Scarpe Uomo Terreni Compatti Puro/Nero/Verde ""@it"
958,"""Nike Sportswear Fille Roshe One (GS) - Noir""@fr "" Chaussures enfant Nike Noir ""@fr"
959,"""Asics Dames Fuze X Lyte - Onyx/Wit/Turquoise""@nl "" Asics Schoenen Hardlopen Onyx-Wit-Turquoise ""@nl"
960,"""Buty Asics GEL Zaraca 4 9099""@pl 9099 | BUTY \ Treningowe Rakiety do squasha badmintona i tenisa. - erakiety.com""@pl"
961,"""Gel Lyte III"" ""Asics Gel III - H6B2L-9024 | everysize.com"""
962,"""ZAPATILLAS SOBRE ASFALTO GT-2000 5 LITE-SHOW PARA MUJER""@es-es MUJER | Women Women's Road Running Shoes ASICS""@es-es"
963,"""NIKE W ROSHE ONE""@pl ONE | CZARNY 299.99 PLN Sneakersy 844994002""@pl"
964,"""Nike Femme Air Zoom Pegasus 33 - Violet/ Blanc/ Rose""@fr "" Nike chaussures pour femme violet blanc rose ""@fr"
965,"""GEL-HUNTER 3""@it-it 3 | Women SCARPE DA SQUASH E BADMINTON PER DONNA ASICS""@it-it"
966,"""Nike Mercurial Victory V Firm Ground Mens Football Boots - Orange""@en Orange | Start Fitness""@en"
967,"""Concave Quantum + FG - White/Black""@en "" Concave Mens Soccer Cleats Firm Ground White/Black ""@en"
968,"""Air Jordan 10 (X) Retro White/Black-Light Steel Grey-Varsity Red For Sale""@en-US Sale | New Jordans 2015""@en-US"
969,"""Air Max Zero"" ""Nike Air Zero - 857661-400 | everysize.com"""
970,"""Nike Metcon 2 - Black/White/Wolf Grey/Volt""@en "" Nike Mens Shoes Regular Training Grey/Volt ""@en"
971,"""GEL-KAYANO TRAINER KNIT MT SNEAKER FÜR HERREN""@de-at HERREN | Men Men's Sneakers ASICS Tiger""@de-at"
972,"""Air Jordan Retro 5 ''Flight Suit''""@en Suit'' - Grosbasket""@en"
973,"""GEL-CUMULUS 19""@nl-nl 19 | Women Women's Road Running Shoes ASICS""@nl-nl"
974,"""Nike AIR Zoom Pegasus 32 Men's Training Shoes - Green/Blue Lagoon/Black""@en ""Running and Training""@en"
975,"""Asics Fuze X - Nero/Bianco/Onice""@it "" Asics Scarpe Uomo Nero/Bianco/Onice ""@it"
976,"""Puma evoSPEED SL FG - Lava/Blanco/Eclipse total""@es "" Puma Botas de futbol Puma- Terrenos firmes-Lava-Blanco-Eclipse total ""@es"
977,"""Basketballschuh Air 4"" ""NIKE JORDAN Basketballschuh 4 - 308497-117 | everysize.com"""
978,"""Puma evoSPEED 5.4 FG - Amarillo/Azul/Blanco""@es "" Puma Botas de futbol-Terrenos firmes-Amarillo/Azul/Blanco ""@es"
979,"""Under Armour Spotlight Pro 2.0 FG - Rouge/ Jaune""@fr "" Under chaussures pour homme terrain sec rouge jaune ""@fr"
980,""" FjallRaven Merano Canvasbelt Dark Olive ""@fr ""FjallRaven - be_fr""@fr"
981,"""Puma Liga Classico FG - Nero-Bianco-Argento Puma""@it "" Scarpe da Calcio Puma Terreni Compatti ""@it"
982,"""GEL-NIMBUS 19 VOOR DAMES""@nl-nl DAMES | Women Road Running ASICS""@nl-nl"
983,"""Nike Flex 2016 Run - Bleu/ Noir/ Blanc""@fr "" Nike chaussures pour homme bleu noir blanc ""@fr"
984,"""ASICS GEL-LYTE III ""@pl | GRANATOWY 379.99 PLN Sneakersy H5Z2N5001""@pl"
985,"""Nike Air Zoom Pegasus 32 Women's Running Shoes SU16 501""@en 501 · Nike Neutral Trainers ah""@en"
986,"""Puma evoSPEED 5.4 FG - Safety Yellow/Atomic Blue/White""@en "" Puma Mens Shoes Firm Ground Blue/White ""@en"
987,"""Air Max 90 Essential"" ""Nike Air Essential - 537384-201 | everysize.com"""
988,"""Nike Sportswear Lunar Magista II FK - Schwarz""@de "" Nike Herren Trainingsschuhe Schwarz ""@de"
989,"""Nike Air Max 90 Essential - Blanc""@fr "" chaussures homme Nike Blanc 537384-111 ""@fr"
990,"""Asics Gel-Zaraca 4 - Azul/Negro""@es "" Asics Zapatillas para hombre-Azul/Negro ""@es"
991,"""Puma SPEED 300 S DISC - Atomic Blue-Red Blast-White""@en "" Puma Mens Shoes Blast-White ""@en"
992,""" Keen Clearwater CNX Black/Yellow ""@en ""Keen - au""@en"
993,"""Nike Team Hustle D 7 (GS) (747998-007)""@es-ES (747998-007) - footstop""@es-ES"
994,""" Keen Marshall MID WP Black Iris/Eventide ""@sv ""Keen - se""@sv"
995,"""GEL-HUNTER 3""@en-es 3 | Women Women's Squash & Badminton Shoes ASICS""@en-es"
996,"""Puma King II FG - Safety Yellow/Black""@en "" Puma Mens Shoes Firm Ground Yellow/Black ""@en"
997,"""‘48 by Hadrian""@en ""Shoes | Undandy Custom made Handcrafted Men's Shoes""@en"
998,"""Nike Air Zoom Pegasus 33 - Concord/Blanco/Negro/Verde""@es "" Nike Zapatillas para hombre-Concord/Blanco/Negro/Verde ""@es"
999,"""Nike Hypervenom Phelon II FG - Volt/Black/Hyper Turquoise""@en "" Nike Mens Soccer Cleats Firm Ground Turquoise ""@en"
1000,"""Concave Halo+ Microfibre FG - Bianco/Rosa""@it "" Concave Scarpe Uomo Terreni Compatti Bianco/Rosa ""@it"
1001,"""Roshe One GS"" ""Nike Roshe GS - 599728-021 | everysize.com"""
1002,"""Nike WMNS Tennis Classic""@de Classic Weiss Schwarz 312498-130 - Purchaze""@de"
1003,"""Nike Tiempo Genio II Leather FG - Black/White/Metallic Gold""@en "" Nike Mens Boots Firm Ground Gold ""@en"
1004,"""Air Jordan 10 Retro “Steel” White/Black-Light Steel Grey-Varsity Red 2013 Release""@en-US Release – Hoop Jordan""@en-US"
1005,"""RUN AWAY""@it ""Occhiali da sole Sfilata FW17 marrone. - RUN AWAY | Fendi ""@it"
1006,"""ASICS Gel-Lyte III (H7M4L 0202) Sneakers for Men @ upclassics"""
1007,"""GEL-CHALLENGER 11""@en-es 11 | Men Men's Tennis Shoes ASICS""@en-es"
1008,"""Nike Mercurial Vapor XI FG - Black/Pink Blast""@en "" Nike Mens Boots Firm Ground Blast ""@en"
1009,"""Puma King II FG - Jaune/ Noir""@fr "" Puma chaussures pour homme terrain sec jaune noir ""@fr"
1010,"""ASICS GEL GT 1000 3""@it 3 - SCARPE RUNNING JUNIOR Asics Multicolor C463N 7001 Articoli sportivi e abbigliamento sportivo""@it"
1011,"""Nike Womens Free Run - Hyper Violet/Gamma Blue-Black-Total Crimson""@en "" Nike Shoes Crimson ""@en"
1012,"""Nike Benassi Solarsoft 2 Slide Sandals - Midnight/Lyon Blue""@en ""Sandals""@en"
1013,"""Concave Quantum 1.0 FG - White/Lime""@en "" Concave Mens Boots Firm Ground White/Lime ""@en"
1014,"""Puma Kids evoPOWER 4.3 FG - Rood Blast/Puma Wit/Puma Zwart""@nl "" Puma Kinderen Voetbalschoenen Ferme Grond Blast-Puma Wit-Puma Zwart ""@nl"
1015,"""Puma Junior evoSPEED 5.5 Tricks FG - Rosa Glo/Giallo Safety/Nero""@it "" Puma Scarpe Terreni Compatti Safety/Nero ""@it"
1016,"""Under Armour ClutchFit Force 2.0 FG - Noir/ Graphite/ Jaune""@fr "" Under chaussures pour homme terrain sec noir graphite jaune ""@fr"
1017,""" Nike Air Jordan XI Retro Low ""UNC"" "", ""Air ""UNC"""" ""Nike UNC - 528895-106 | 43einhalb sneaker store"""
1018,"""Nike Hypervenom Phantom II SG-Pro - Volt/ Noir/ Hyper Turquoise""@fr "" Nike chaussures pour homme terrain gras volt noir hyper turquoise ""@fr"
1019,"""2018 Air Jordan 13 “Olive” Black/True Red-Light Olive Cheap Sale""@en-US Sale | Jordans 2017""@en-US"
1020,"""GEL CRAZE TR 4""@en-US ""ASICS GEL 4 | 360shoes.com""@en-US"
1021,"""GEL-DS TRAINER 22 NC HARDLOOPSCHOEN VOOR DAMES""@nl-nl DAMES | Women Fast Running ASICS""@nl-nl"
1022,""" Nike Wmns Air Huarache Run Premium - Linen ""Nike 683818-201 sneakAvenue"""
1023,"""Nike Sportswear Roshe One - Wolf Grey""@en "" Mens Shoes Nike Grey 511881-023 ""@en"
1024,"""Nike Tiempo Genio II Leather FG - Clear Jade/Black/Volt""@en "" Nike Mens Boots Firm Ground Jade/Black/Volt ""@en"
1025,"""Nike Sportswear Classic Cortez Piel-Blanco/Azul marino/Verde""@es "" Nike Piel-Zapatillas para hombre-Deportivas-Blanco/Azul marino/Verde ""@es"
1026,"""Asics Donna Fuze X Lyte - Onice/Bianco/Turchese""@it "" Asics Scarpe Onice/Bianco/Turchese ""@it"
1027,"""ASICS Gel-Kayano 24 Lite Show - Phantom/Black/Reflective""@en "" ASICS Phantom/Black/Reflective Mens Shoes T7A3N-1690 ""@en"
1028,"""GEL-NOOSA TRI 11""@de-de ""GEL-NOOSA TRI 11 | Men Men's Fast Running Shoes ASICS""@de-de"
1029,"""GEL-FUJILYTE""@en-de ""GEL-FUJILYTE | Men Men's Trail Running & Hiking Shoes ASICS""@en-de"
1030,"""Under Armour ClutchFit Force 2.0 FG - Nero/Graffite/Giallo High-Vis""@it "" Under Scarpe Uomo Terreni Compatti High-Vis ""@it"
1031,"""GT-2000 5 LITE-SHOW""@fr-fr LITE-SHOW | Women Women's Road Running Shoes ASICS""@fr-fr"
1032,"""Nike Damen Free Run - Blau/Schwarz/Rot""@de "" Nike Trainingsschuhe Blau/Schwarz/Rot ""@de"
1033,"""ZE 912"" ""Tiresavings.com - The Best Value In Tires on the Web!"""
1034,"""Nike Free Run Distance Women's Running Shoes SP16 017""@en 017 · Nike Barefoot Trainers ah""@en"
1035,"""Nike Sportswear Dualtone Racer - Midnight Navy""@en "" Mens Shoes Nike Navy 918227-400 ""@en"
1036,"""Nike Air Zoom Pegasus 33 Women's Training Shoes - White/Pink/Green""@en ""Women's Athletic Footwear""@en"
1037,""" Air Jordan 6 Retro 2010 ""varsity red""""@en ""Air red"" - Mens Footwear – The Sneaker Authority""@en"
1038,"""Air Jordans 5 Retro White/Varsity Red-Obsidian For Sale""@en-US Sale | Cheap KD 9""@en-US"
1039,"""GEL-BLADE 5""@en-it 5 | Men Men's Squash & Badminton Shoes ASICS""@en-it"
1040,"""Highland Wax Jacket""@en ""Men's Spray Jacket in Dark Navy from Crew Clothing Company""@en"
1041,"""Nike Enfant Tiempo Rio III FG - Gris Loup/ Noir/ Jade""@fr "" Nike chaussures pour enfant terrain sec gris loup noir jade ""@fr"
1042,"""Nike Lunar Caldra - Obsidienne/ Blanc/ Bleu""@fr "" Nike chaussures pour homme obsidienne blanc bleu ""@fr"
1043,"""Nike Magista Opus FG - Noir/ Vert/ Hyper Rouge""@fr "" chaussures de football Nike terrain sec- noir-noir-vert-hyper rouge ""@fr"
1044,"""Nike HypervenomX Proximo IC - Volt/Nero""@it "" Nike Scarpe Uomo Campi Coperti Volt/Nero ""@it"
1045,""" Baskets femme asics H5V2L8990 gel-lyte 5"
1046,"""Nike Zoom Speed Trainer Men's Training Shoes - Black/White""@en ""Clearance Footwear""@en"
1047,"""Nike Flex 2016 Run - Racer Blue/Black-Blue Glow-White""@en "" Nike Glow-White Mens Shoes 830369-401 ""@en"
1048,"""Nike Magista Obra II FG Enfant - Turquoise Rio/ Volt/ Obsidienne/ Jade""@fr "" Chaussures de football Terrain sec Nike rio Volt Obsidienne Jade I Pro Direct Soccer ""@fr"
1049,""" Nike Air Max 1 Ultra 2.0 Essential - White ""Nike 875679-101 nakup v sneakAvenue"""
1050,"""GEL-FORTITUDE 7""@es-es 7 | Women ZAPATILLAS DE RUNNING PARA MUJER ASICS""@es-es"
1051,"""NIKE AIR MAX 90 ESSENTIAL ""@pl ""Nowości Nike 2017 | Sklep Sizeer""@pl"
1052,"""NIKE TIEMPO LEGEND VI FG""@en FG - MAN SOCCER SHOES Nike colour Green 819177 307 Athletic footwear apparel and sports equipment""@en"
1053,"""NIKE AIR MAX 90 ULTRA 2.0 LTR""@pl Męskie i Dziecięce ✓ Darmowa dostawa ★ Sizeer ★""@pl ""Nike Air Max Damskie"
1054,"""Puma EvoTouch 1 FG - Black/White/Safety Yellow"" "" Puma 103672-01 AuthenticSoccer.com"
1055,"""Air Presto""@en"
1056,"""ASICS GEL GT 1000 3""@es 3 - ZAPATILLAS RUNNING NIÑO/A Asics color Multicolor C463N 7001 Equipamiento deportivo y casual""@es"
1057,"""Nike Air Presto racer blue / white-black (848132-401)""@eu (848132-401) | Bludshop.com""@eu"
1058,"""Supreme x Air Jordan 5 White/Metallic White For Sale""@en-US Sale | Cheap Jordans 2017""@en-US"
1059,"""Air Max LD Zero"" ""Nike Air Zero - 848624-005 | everysize.com"""
1060,"""Nike Enfant Hypervenom Phade II FG-R - Volt/ Noir/ Hyper Turquoise""@fr "" Nike chaussures pour enfant terrain sec volt noir hyper turquoise ""@fr"
1061,"""Nike Flex 2016 RN - Black""@en "" Nike Black/White-Cool Grey Mens Shoes 830369-001 ""@en"
1062,"""Puma King Top K Di FG - Negro/Blanco/Dorado""@es "" Puma Botas de futbol-Negro-Blanco-Dorado ""@es"
1063,"""Air Force 1 07""@en"
1064,"""Nike Metcon 2 - Black/White""@en "" Nike Mens Shoes Black/White ""@en"
1065,"""Nike Femme Air Zoom Pegasus 33 - Blanc/ Noir/ Rose/ Vert Electrique""@fr "" Nike chaussures pour femme blanc noir rose vert electrique ""@fr"
1066,"""CHAUSSURE DE ROUTE GEL-NIMBUS 19 LITE-SHOW POUR FEMMES""@fr-be FEMMES | Women Women's Road Running Shoes ASICS""@fr-be"
1067,"""Nike WMNS Air Max 90""@en 90 Black 325213-043 - Purchaze""@en"
1068,"""Puma Junior evoSpeed 4.2 AG - Blu/Pesca""@it "" Scarpe da Calcio Puma Erba Artificiale Blu-Pesca ""@it"
1069,"""Nike Tiempo Legacy Indoor - Neo Turq/White/Hyper Crimson""@en "" Nike Futsal Shoes Turq-White-Hyper Crimson Soccer Cleats 631522-418 ""@en"
1070,"""Nike Sportswear Roshe One (GS) - Schwarz/Grau""@de "" Nike Kinderschuhe Schwarz/Grau ""@de"
1071,""" Keen Yoyageur Black Olive/Inca Gold ""@en ""Keen - ca""@en"
1072,"""ASICS Tiger GEL-Kayano Trainer Evo Origami Pack - Monaco Blue / Indian Ink""@en "" Mens Shoes ASICS Ink H621N-4950 ""@en"
1073,"""Nike Tiempo Genio Pelle SG - Nero/Nero/Volt""@it "" Nike Scarpe Uomo Terreni Morbidi Nero-Nero-Volt ""@it"
1074,"""Nike WMNS Air Pegasus '89 black / summit white-wolf grey (84488-001)""@eu (84488-001) | Bludshop.com""@eu"
1075,"""Nike Mercurial Victory Firm Ground Mens Football Boots - Yellow""@en V | Start Fitness""@en"
1076,""" Keen Wichita Black/Drizzle ""@es ""Keen - es""@es"
1077,"""Nike Sportswear Roshe Run - Azul marino/Negro/Blanco""@es "" Nike -Zapatillas para hombre-Deportivas- marino/Negro/Blanco ""@es"
1078,"""GEL-SONOMA 3 G-TX POUR HOMMES""@fr-fr HOMMES | Men Trail Running ASICS""@fr-fr"
1079,"""Nike Mercurial Vapor X Pelle FG - Osso Chiaro/Nero/Nero""@it "" Nike Scarpe Uomo Terreni Compatti Chiaro-Nero-Nero ""@it"
1080,"""GT-2000 5""@fr-fr 5 | Women Women's Road Running Shoes ASICS""@fr-fr"
1081,"""Sneakers buty Nike Air Force 1 '07 Low midnight navy / white (488298-436)""@pl (488298-436) | Bludshop.com""@pl"
1082,"""Wholesale Air Jordan 11 Low Blue Moon/Sunset Blue-Binary Blue-White Men Size""@en-US Size | Retro Shoes""@en-US"
1083,"""NIKE AIR MAX 90 ESSENTIAL ""@pl ""Buty obuwie sportowe męskie Nike. ✓ Darmowa dostawa ★ Sizeer ★""@pl"
1084,"""Puma Suede Classic+ -Granate/Blanco""@es "" Puma -Zapatillas para hombre-Deportivas-Granate/Blanco ""@es"
1085,"""GEL-EXCITE 4""@nl-nl 4 | Men HARDLOOPSCHOENEN VOOR HEREN ASICS""@nl-nl"
1086,"""Free RN Flyknit"" ""Nike Free Flyknit - 831069 001 | everysize.com"""
1087,"""Concave Junior Halo+ FG - Bianco/Rosso""@it "" Concave Scarpe Terreni Compatti Bianco/Rosso ""@it"
1088,"""Asics Gel-Trounce 3 -Azul/Plateado/Amarillo""@es "" Asics -Zapatillas para hombre-Azul/Plateado/Amarillo ""@es"
1089,""" Air Jordan 11 Retro Low BG ""blue moon""""@en ""Air moon"" - Pre Order – The Sneaker Authority""@en"
1090,"""Nike WMNS Air Max Thea (599409-007)""@de"
1091,"""Puma evoTouch Pro FG – The Soccer Factory""@en-US"
1092,"""Nike Sportswear Air Presto - Black""@en "" Mens Shoes Nike Black 848132-010 ""@en"
1093,"""Diadora B.Original - Tibetan Rood""@nl "" Diadora Heren Schoenen Rood ""@nl"
1094,"""Buty Puma Esito Classico FG - Białe/Czarne""@pl "" Męskie buty piłkarskie Utwardzona nawierzchnia Białe-Czarne ""@pl"
1095,"""Zapatillas Nike Defendre Piel - Negro/Antracita/Blanco""@es "" Deportivas Nike- Zapatillas Negro-Antracita-Blanco ""@es"
1096,"""Metallic Sandals"" ""Shoes at Crazy8 """
1097,"""Nike HypervenomX Finale TF - Scarpe Uomo Campi Coperti Volt/Black/Hyper Turquoise""@it "" Nike Sintetici Turquoise ""@it"
1098,"""Asics Womens Fuze X - Black/VBlack/Diva Pink""@en "" Asics Pink Shoes T689-9090 ""@en"
1099,"""Nike Mercurial Veloce III Neymar JR FG - Blauw Orbit/Wit/Armory Navy""@nl "" Heren Voetbalschoenen Nike Ferme Grond Navy ""@nl"
1100,"""Nike WMNS Air Max 90 Essential white / light brown crimson (616730-113)""@eu (616730-113) | Bludshop.com""@eu"
1101,"""Nike Sportswear Air Max 1 Ultra Moire -Blanco/Azul""@es "" Nike -Zapatillas para mujer-Blanco/Azul ""@es"
1102,"""Air Max 90 Mid Winter"" ""Nike Air Winter - 806808-002 | everysize.com"""
1103,"""Claquettes Nike Femme Sportswear Benassi JDI Print - Bleu""@fr "" Chaussures femme Claquettes Bleu ""@fr"
1104,"""PUMA BASKET PLATFORM PATENT WN'S""@pl ""Puma ✓ Darmowa dostawa do domu ★ sklep Sizeer ★""@pl"
1105,"""Air Jordans 5 Retro “Shanghai Shen” Black/Varsity Maize-Varsity Royal-Black For Sale""@en-US Sale | Cheap KD 9""@en-US"
1106,"""NIKE MD RUNNER 2 BG""@pl ""Znane marki ubrań i butów dla dzieci ✓ Darmowa dostawa do domu ★ Sizeer ★""@pl"
1107,"""KANMEI GS""@nl-nl GS | Unisex HARDLOOPSCHOENEN VOOR KINDEREN ASICS""@nl-nl"
1108,"""Nike Womens Free 5.0 - Black/White-Dark Grey-Dove Grey-Wolf Grey""@en "" Nike Shoes Grey ""@en"
1109,"""Puma Esito Classico SG - Nero/Bianco/Bronzo""@it "" Scarpe da Calcio Puma Terreni Morbidi Nero-Bianco-Bronzo ""@it"
1110,"""Puma Speed 300 IGNITE - Blanc-Bleu Atomique-Rouge""@fr "" Puma chaussures pour homme blanc-bleu atomique-rouge ""@fr"
1111,"""Nike Air Jordan 5 Retro (BG) (Camo)""@de"
1112,"""Lace Metallic Leggings""@en ""Haute Hippie Lace Leggings | SHOPBOP SAVE UP TO 30% Use Code: MORE17""@en"
1113,"""Nike Donna Air Zoom Pegasus 33 - Nero/Bianco/Antracide/Grigio""@it "" Nike Scarpe Nero/Bianco/Antracide/Grigio ""@it"
1114,"""Nike Free RN Men's Running Shoes SP17 101""@en 101 · Nike Barefoot Trainers ah""@en"
1115,"""NIKE TIEMPO LEGACY II FG""@de FG - FUßBALLSCHUHE NOCKEN Nike Farbe Weiß 819218 108 Der Online-Shop für deine Sportbekleidung""@de"
1116,"""Joma Propulsion 3.0 FG - Noir/ Argent/Blanc""@fr "" Joma chaussures pour homme terrain sec noir-argent-blanc ""@fr"
1117,""" Keen Wichita Black/Drizzle ""@da ""Keen - dk""@da"
1118,"""Puma evoPOWER 2.3 FG - Blu/Bianco/Arancione""@it "" Puma Scarpe Uomo Terreni Compatti Blu/Bianco/Arancione ""@it"
1119,"""Puma Esito Classico FG - Noir-Blanc-Bronze""@fr "" Chaussures de Football Puma Terrain Sec Crampons Noir-Blanc-Bronze 10333601 ""@fr"
1120,""" Keen Marshall MID WP Black Iris/Eventide ""@nl ""Keen - nl""@nl"
1121,"""Air Max 90 Essential""@en"
1122,"""Buty Damskie Brooks Womens Revel - Biały/Antracyt/Czarny""@pl "" Biały/Antracyt/Czarny Buty 1202491B155 ""@pl"
1123,"""Nike Air Zoom Pegasus 33 Women's Training Shoes - White/Pink/Green""@en ""Clearance Footwear""@en"
1124,"""Nike Tiempo Legacy II FG - Bianco/Nero/Arancione Totale""@it "" Nike Scarpe Uomo Terreni Compatti Totale ""@it"
1125,"""Nike Free Run Flyknit para mujer-Negro/Blanco""@es "" Nike mujer-Zapatillas mujer-Negro/Blanco ""@es"
1126,"""Concave Volt 1.0 SG - Nero/Rosa""@it "" Concave Scarpe Uomo Terreni Morbidi Nero/Rosa ""@it"
1127,"""Nike F.C. Roshe Tiempo VI - Noir""@fr "" Nike chaussures pour homme noir rouge or ""@fr"
1128,"""NIKE AIR ZOOM VOMERO 11""@de 11 - DAMEN LAUFSCHUHE Nike Farbe Hellgrau 818100 405 Der Online-Shop für deine Sportbekleidung""@de"
1129,"""Nike Free Trainer 3.0 V4 - Black/Green/Solar/White""@en "" Mens Shoes Nike Black/Green/Solar/White 749361-034 ""@en"
1130,"""Nike HyperVenomX Proximo IC – The Soccer Factory""@en-US"
1131,"""Nike Hypervenom Phatal II Neymar FG - Noir/ Rouge/ Blanc""@fr "" Nike chaussures pour homme terrain sec noir rouge blanc ""@fr"
1132,""" Air Jordan 7 Retro ""pantone"" ""@en ""Air - Pre Order – The Sneaker Authority""@en"
1133,"""Nike Train Speed 4 - Nero/Bianco""@it "" Nike Scarpe Uomo Training Regolare Nero/Bianco ""@it"
1134,"""Zapatillas Nike Zoom Speed TR3 - Verde/Blanco/Negro""@es "" Zapatillas -Deportivas de entrenamiento- Verde-Blanco-Negro ""@es"
1135,"""Nike Sportswear Air Force 1 - Midnight Navy""@en "" Mens Shoes Nike Navy 488298-436 ""@en"
1136,"""Nike Sportswear Girls Roshe One (GS) - Black""@en "" Shoes Nike Black 599729-014 ""@en"
1137,"""NIKE AIR COURTBALLISTEC 4.1""@en 4.1 - MAN TENNIS SHOES Nike colour White 488144 109 Athletic footwear apparel and sports equipment""@en"
1138,"""Nike Zoom Structure 19 Comp Pack Men's Running Shoes SP16 007""@en 007 · Nike Moderate Support Trai ah""@en"
1139,"""Nike Lunartempo 2 - Black/Black-Anthracite""@en "" Nike Black/Black-Anthracite Mens Shoes 818097-001 ""@en"
1140,"""Puma R698 Core Leather black-black-drizzle (360601-02)""@eu (360601-02) | Bludshop.com""@eu"
1141,""" FjallRaven G-1000 Cap Dark Grey ""@pl ""FjallRaven - pl""@pl"
1142,"""Asics Gel-Lyte III (H534L-0101)""@es-ES (H534L-0101) - footstop""@es-ES"
1143,"""Buty ASICS Gel-Respector Shadow - Czarne""@pl "" Buty męskie Czarne ""@pl"
1144,""" Patagonia Bisect Tank Turkish Delight Graphic: Black ""@nl ""Patagonia - nl""@nl"
1145,"""Air Jordan 13 Retro “Chicago” (#414571-122)""@en-US (#414571-122) | SobeSoles.com""@en-US"
1146,"""Puma evoSPEED 1.3 Graphic FG - Blanc-Pin-Rouge dragon""@fr "" chaussures de football Puma -terrain sec-chaussures blanc-pin-rouge dragon- 10330401 ""@fr"
1147,""" Keen Wichita Black/Drizzle ""@pl ""Keen - pl""@pl"
1148,"""Nike AIR Zoom Pegasus 32 Men's Training Shoes - Total Orange/Ghost Green/Black""@en ""Clearance Footwear""@en"
1149,"""Asics Gel Lyte V""@en V Latigo Bay Black H5V2L-8990 - Purchaze""@en"
1150,""" Keen Newport H2 Black/True Red ""@de ""Keen - de""@de"
1151,"""2017 Air Jordan 11 Low Blue Moon/Sunset Blue-Binary Blue-White For Sale""@en-US Sale | New Jordans 2017""@en-US"
1152,"""NIKE TIEMPO GENIO II LEA TF""@de TF - FUßBALLSCHUHE MULTINOCKEN Nike Farbe Hellgrau 819216 001 Der Online-Shop für deine Sportbekleidung""@de"
1153,"""NIKE AIR MAX 90 MESH BG""@pl ""Znane marki ubrań i butów dla dzieci ✓ Darmowa dostawa do domu ★ Sizeer ★""@pl"
1154,"""Nike Free RN - Blanc/ Noir/ Platine""@fr "" Nike chaussures pour homme blanc noir platine ""@fr"
1155,"""Nike Magista Opus FG - Violet/ Argent/ Vert""@fr "" Nike chaussures pour homme terrain sec violet argent vert ""@fr"
1156,"""Puma Kids evoPOWER 4.3 FG - Blue Yonder/Puma White/Shocking Orange""@en "" Puma Orange Junior Boots Firm Ground ""@en"
1157,"""NIKE AIR VIBENNA PREM""@pl ""Buty obuwie sportowe męskie Nike. ✓ Darmowa dostawa ★ Sizeer ★""@pl"
1158,"""Nike Mercurial Victory V FG - Mango Acceso/Argento Metallic/Hyper Turq""@it "" Nike Scarpe Uomo Terreni Compatti Acceso-Argento Metallic-Hyper Turq ""@it"
1159,""" Keen Harvest MJ Midnight Navy ""@en ""Keen - ca""@en"
1160,"""Roshe One Youth Gs"" ""Nike Roshe Gs - 599728-031 | everysize.com"""
1161,"""Concave Junior Halo+ FG - Blu/Bianco""@it "" Concave Scarpe Terreni Compatti Blu/Bianco ""@it"
1162,"""Nike femme Lunartempo - Orange/Noir/Blanc""@fr "" Chaussures Nike Orange-Noir-Blanc ""@fr"
1163,"""PUMA EVOSPEED 3.5 LTH FG""@de FG - FUßBALLSCHUHE NOCKEN Puma Farbe Vielfarbig 103794 01 Der Online-Shop für deine Sportbekleidung""@de"
1164,"""Nike Free Run - Concord/Schwarz/Kobaltblau/Blau""@de "" Nike Herrenschuhe Concord/Schwarz/Kobaltblau/Blau ""@de"
1165,"""Gel Lyte III"" ""Asics Gel III - H534L 0101 | everysize.com"""
1166,"""Air Jordans 13 Retro French Blue/Flint Grey-White For Sale""@en-US Sale | Cheap KD 9""@en-US"
1167,"""Nike Hypervenom Phatal II Df Ltr FG - Black/Black-Total Orange-Total Orange""@en "" Nike Mens Boots Firm Ground Orange ""@en"
1168,"""ASICS Tiger GEL-Kayano Trainer Evo - Nero""@it "" ASICS Nero ""@it"
1169,"""Nike WMNS Air Max Thea""@en Thea Black Wolf Grey Anthracite White 599409-007 - Purchaze""@en"
1170,"""Nike Free 5.0 Women's Running Shoes SU15 002""@en 002 · Nike Barefoot Trainers ah""@en"
1171,""" Keen Commuter III Black/Gargoyle ""@sv ""Keen - se""@sv"
1172,"""Concave Halo+ Kids FG - White/Red""@en "" Concave Junior Boots Firm Ground White/Red ""@en"
1173,"""Nike Metcon 2 -Negro/Blanco""@es "" Nike -Zapatillas de entrenamiento-Negro/Blanco ""@es"
1174,"""NIKE AIR MAX 90 ESSENTIAL ""@pl | SZARY 589.99 PLN Sneakersy 537384064""@pl"
1175,"""Womens Nike Free Run Flyknit - Black/White""@en "" Womens Black/White Shoes 831070-001 ""@en"
1176,"""GEL-NIMBUS 19 PARA MUJER""@es-es MUJER | Women Women's Road Running Shoes ASICS""@es-es"
1177,"""Nike Air Max Zero Essential - Nero""@it "" Scarpe Uomo Nike Nero ""@it"
1178,"""Adidas Velleio Men's Shoes - White/Black/Silver""@en ""Running and Training""@en"
1179,"""Nike Sportswear Classic Cortez Cuir - Blanc / Marine Rouge""@fr "" Chaussures homme Nike Rouge ""@fr"
1180,"""Nike Air Max 90 Essential - Medium Olive""@en "" Mens Shoes Nike Olive 537384-201 ""@en"
1181,"""Nike Tiempo Legend VI FG - Giada/Nero/Volt""@it "" Nike Scarpe Uomo Terreni Compatti Giada/Nero/Volt ""@it"
1182,"""Nike Kids Magista Ola II FG - Rio Teal/Volt/Obsidian/Clear Jade""@nl "" Nike Kinderen Voetbalschoenen Ferme Grond Jade ""@nl"
1183,"""Nike Tiempo Legend VI SG-Pro - Noir/ Hyper Turquoise""@fr "" Nike chaussures pour homme terrain gras noir hyper turquoise ""@fr"
1184,"""Nike Mercurial Vortex III FG - Laser Orange/Black/White/Volt""@en "" Nike Mens Boots Firm Ground 831969-801 Orange/Black/White/Volt ""@en"
1185,"""Air Jordan 5 Retro White/Fire Red-Black""@en-US Red-Black | Cheap Jordans 2018""@en-US"
1186,"""Puma Esito Classico FG - White/Black""@en "" Puma Mens Boots Firm Ground White/Black ""@en"
1187,"""Nike Zoom Speed TR3 - Noir/ Blanc""@fr "" Nike chaussures pour homme noir-blanc ""@fr"
1188,"""Nike Hypervenom Phantom II FG - Platine/ Noir/ Vert""@fr "" Nike chaussures pour homme terrain sec platine noir vert ""@fr"
1189,"""Nike Sportswear - Buty Air Max 90 Ultra 2.0 Ltr"" Ltr bursztynowy | ANSWEAR.com"""
1190,"""Gel Saga""@en"
1191,"""Sneakers buty Puma R698 Core Leather black-black-drizzle (360601-02)""@pl (360601-02) | Bludshop.com""@pl"
1192,"""Nike Junior Mercurial Vapor X FG - Rouge Vif/ Violet Persan/ Noir""@fr "" chaussures de football junior Nike terrain sec enfant- rouge vif-violet persan-noir ""@fr"
1193,"""Nike Sportswear Lunar Force 1 Duckboot - Medium Olive""@en "" Mens Shoes Nike Olive / 805899-201 ""@en"
1194,"""Nike Mercurial Vapor XI CR7 FG - Alga/Volt/Hasta/Blanco""@es "" Nike Botas de futbol- Alga/Volt/Hasta/Blanco ""@es"
1195,"""Nike Tiempo Mystic V FG - Czarny/Biały/Pomarańczowy/Volt""@pl "" Nike Męskie buty piłkarskie Trawa naturalna Lanki Czarny/Biały/Pomarańczowy/Volt ""@pl"
1196,"""Nike MercurialX Proximo II Ronaldo IC - Verde/Volt/Hasta/Bianco""@it "" Nike Scarpe Uomo Campi Coperti Verde/Volt/Hasta/Bianco ""@it"
1197,"""GEL-FORTITUDE 7""@de-de 7 | Women DAMEN LAUFSCHUHE ASICS""@de-de"
1198,"""Buty Concave Halo+ FG Mikrofibra - Niebieski/Biały""@pl "" Microfibre Męskie buty piłkarskie Trawa naturalna Niebieski Biały ""@pl"
1199,"""Nike LunarGlide 7 Kids Running Shoes Black & Pink Pow FA15 001""@en 001 · Nike Mild Support Tra ah""@en"
1200,"""Nike Air Zoom Pegasus 33 - Concord/White-Black-Electric Green""@en "" Nike Mens Shoes Green ""@en"
1201,"""2016 Air Jordan 5 Low “Dunk From Above” White/Metallic Gold Star-Midnight Navy For Sale""@en-US Sale | Retro Shoes""@en-US"
1202,"""NIKE Air Vortex Leather Shoe (918206-002) Sneakers for Men @ upclassics"""
1203,"""Concave Halo+ FG Microfibre - Bleu/ Blanc""@fr "" Concave chaussures pour homme terrain sec bleu-blanc ""@fr"
1204,"""Nike Air Force 1 '07 WB"""
1205,"""Nike Air Max 2016 - Black/White-Dark Grey""@en "" Nike Grey Mens Shoes 806771-001 ""@en"
1206,"""Nike Metcon DSX Flyknit - Wolf Grey/Volt/Wolf Grey/Black""@en-GB "" Nike Mens Shoes Regular Training Grey/Black ""@en-GB"
1207,"""KANMEI GS""@en-es GS | Unisex Kids Running Shoes ASICS""@en-es"
1208,"""Air Jordan 5 Low “Dunk From Above” White-Gold/Midnight Navy 2016 Sale""@en-US Sale | Cheap Jordans 2017""@en-US"
1209,"""Cheap Air Jordan 4 Retro “Motorsports” White/Varsity Blue-Black Sale""@en-US Sale | Cheap Jordans 2017""@en-US"
1210,"""Nike AIR Zoom Pegasus 32 Men's Training Shoes - Green/Blue Lagoon/Black""@en ""Clearance Footwear""@en"
1211,"""Nike Air Force 1 Low WB""@en WB Flax Gum Light Brown AA4061-200 - Purchaze""@en"
1212,"""Nike Sportswear Roshe One - Midnight Navy""@en "" Mens Shoes Nike Navy 511881-405 ""@en"
1213,"""Nike Free Run Distance - Black/White-Dark Grey-Wolf Grey""@en "" Nike Grey Mens Shoes 827115-010 ""@en"
1214,"""Asics Gel-Kayano Trainer Evo gecko green / guava (HN6D0-8873)""@eu (HN6D0-8873) | Bludshop.com""@eu"
1215,"""Nike Free Trainer 3.0 V4 - Black/Team Red/University Red/Volt""@en "" Mens Shoes Nike Red/Volt 749361-066 ""@en"
1216,"""GEL-KAYANO TRAINER EVO""@nl-nl EVO | Men Men's Sneakers ASICS Tiger""@nl-nl"
1217,"""Nike Sportswear Air Force 1 07 - Nero/Nero""@it "" Nike Scarpe Uomo Nero-Nero 315122-001 ""@it"
1218,"""Puma evoSPEED 3.5 Lth FG - Puma Black/Puma White/Red Blast""@en "" Blast Mens Soccer Cleats Firm Ground ""@en"
1219,"""Nike Alpha Huarache Men's Low Turf Shoes - Black/White""@en ""Cleated""@en"
1220,""" FjallRaven G-1000 Cap Dark Grey ""@en ""FjallRaven - ca""@en"
1221,"""Asics Gel-Pulse 7 - Deep Cobalt/Silver/Hot Orange""@en "" Asics Mens Shoes Orange ""@en"
1222,"""Nike Tiempo Genio II Piel FG -Rojo/Plateado metalizado/Rojo total""@es "" Nike -Botas de futbol-Terrenos firmes-Rojo/Plateado total ""@es"
1223,"""Air Jordans 5 Retro White/Fire Red-Black For Sale""@en-US Sale | New 2017""@en-US"
1224,"""Concave Quantum + SG - White/Lime""@en "" Concave Mens Boots Soft Ground White/Lime ""@en"
1225,"""Puma evoSPEED 1.4 Lth FG - Lava Blast/White/Total Eclipse""@en "" Puma 1 Mens Boots Firm Ground Eclipse ""@en"
1226,"""NIKE MD RUNNER 2 BG""@pl ""Nike dla dzieci ✓ Darmowa dostawa do domu ★ sklep Sizeer ★""@pl"
1227,"""FUZEX""@en-it ""FUZEX | Women Women's Easy Running Shoes ASICS""@en-it"
1228,"""Nike Air More Uptempo white / light brown (414962-103)""@eu (414962-103) | Bludshop.com""@eu"
1229,"""GEL-CRAZE TR 4""@en-de 4 | Men Men's Training Gym Shoes ASICS""@en-de"
1230,"""Puma evoPOWER 1.2 FG - Peacoat-White-Bright Plasma""@en "" Puma Soccer Shoes Firm Ground Cleats Plasma 10317101 ""@en"
1231,"""Nike Sportswear Roshe One - Black""@en "" Mens Shoes Nike Black 511881-010 ""@en"
1232,"""Nike Train Speed 4 - Black/Blue Glow/White""@en "" Nike Mens Shoes Regular Training Glow/White ""@en"
1233,"""Nike Sportswear Classic Cortez Leather - White""@en "" Mens Shoes Nike White / Midnight Navy-Gym Red 749571-146 ""@en"
1234,"""Nike Jr Mercurial Vapor X FG - Bright Crimson/Persian Violet/Black""@en "" Junior Football Boots Nike Firm Ground Violet/Black ""@en"
1235,"""Nike Air Zoom Structure 19 CP - Noir/ Blanc/ Volt""@fr "" Nike chaussures pour homme noir-blanc-volt ""@fr"
1236,"""Nike Sportswear Boys Roshe One - Black""@en "" Shoes Nike (GS) Black 599728-031 ""@en"
1237,"""Nike Hypervenom Phantom SG-Pro - Volt/Persian Violet/Hot Lava/Black""@en "" Nike Mens Boots Soft Ground Lava/Black ""@en"
1238,"""Nike Wmns Lunartempo - Deep Royal Blue/Fuchsia Flash""@en "" Nike Womens Shoes Flash ""@en"
1239,"""ASICS GEL GT 1000 3""@en 3 - JR RUNNING SHOES Asics colour Multicolor C463N 7001 Athletic footwear apparel and sports equipment""@en"
1240,"""GT-2000 5""@en-gb 5 | Women Road Running ASICS""@en-gb"
1241,"""Nike Magista Opus Firm Ground Mens Football Boots - Black""@en | Start Fitness""@en"
1242,"""Nike Roshe One GS""@en GS Black Metallic Silver White 599728-021 - Purchaze""@en"
1243,"""WMNS AIR FORCE 1 '07"" "" kixpress.com - NIKE   WMNS '07 315115-112"
1244,"""Nike Enfant Tiempo Rio III FG - Jade/ Noir/ Volt""@fr "" Nike chaussures pour enfant terrain sec jade noir volt ""@fr"
1245,"""Nike Free Run Distance - Gamma Blue/Black-Heritage Cyan""@en "" Nike Mens Shoes Cyan ""@en"
1246,"""Nike Air Zoom Pegasus 33 Women's Running Shoes SU16 106""@en 106 · Nike Neutral Trainers ah""@en"
1247,"""Puma evoSPEED 3.5 Lth FG - Puma White/Puma Black/Shocking Orange""@en "" Orange Mens Soccer Cleats Firm Ground ""@en"
1248,"""Nike Zoom Train Complete - Cannon/Black/Ghost Green/White""@en "" Nike Mens Shoes Regular Training Green/White ""@en"
1249,"""Puma Suede Classic Eco - Rouge Equipe/ Blanc""@fr "" Puma chaussures football hommes rouge equipe-blanc ""@fr"
1250,"""Puma Speed 1000 S IGNITE - Quarry-Atomic Blue-White""@en "" Puma Mens Shoes Blue-White ""@en"
1251,"""Nike Sportswear Air Force 1 07 - White""@en "" Mens Shoes Nike White 315122-111 ""@en"
1252,"""Puma R698 Core Leather - White / Steel Grey""@en "" Mens Shoes Puma Grey 360601-01 ""@en"
1253,"""Nike Sportswear JDI Benassi - Midnight Navy""@en-GB "" Mens Shoes Nike Just Do It Navy 343880-403 ""@en-GB"
1254,"""Nike Hypervenom Phatal II Df Ltr FG - Black/Black-Total Orange-Total Orange""@en "" Nike Mens Football Boots Firm Ground Orange ""@en"
1255,"""Air Jordan 4 Retro “Pure Money” (#308497-100)""@en-US (#308497-100) | SobeSoles.com""@en-US"
1256,"""Puma King Allround TF - Black/White/Gold""@en "" Puma Football Boots Astro Turf Soccer Cleats Black-White-Gold ""@en"
1257,"""Nike Roshe One""@en One Black Anthracite Sail 511881-010 - Purchaze""@en"
1258,"""Nike Sportswear Womens Classic Cortez Nylon - Black""@en "" Shoes Nike Black / White 749864-011 ""@en"
1259,"""Sneakers buty Nike WMNS Air Force 1 '07 Low white (315115-112)""@pl (315115-112) | Bludshop.com""@pl"
1260,"""Fersea Knee High Riding Boots""@en ""Salvatore Ferragamo Fersea Boots | SHOPBOP""@en"
1261,"""Nike Womens Air Zoom Pegasus 32 - Hyper Violet/Gamma Blue-White-Black""@en "" Nike Shoes Blue-White-Black ""@en"
1262,"""Nike Free RN - Black/White-Anthracite""@en "" Nike Black/White-Anthracite Mens Shoes 831508-001 ""@en"
1263,"""Nike Sportswear Womens Air Force 1 Hi SE - Black""@en "" Shoes Nike Black / Black-Dark Grey-Gum Med Brown 860544-002 ""@en"
1264,"""New Air Jordan 11 “Red Velvet” Night Maroon/Metallic Gold-White Cheap Price""@en-US Price | Retro Shoes""@en-US"
1265,"""Nike WMNS Roshe Two""@en Two Black 844931-004 - Purchaze""@en"
1266,"""Nike Tiempo Legacy II SG - Czysta Platyna/Czarny/Pomarańczowy""@pl "" Nike Męskie buty piłkarskie Miękka nawierzchnia Wkręty Platyna Czarny Pomarańczowy ""@pl"
1267,"""GEL-DS TRAINER 22 NC""@en-de NC | Women Fast Running ASICS""@en-de"
1268,"""Puma Esito Classico FG - Nero/Bianco/Bronzo""@it "" Scarpe da Calcio Puma Terreni Compatti Nero-Bianco-Bronzo 10333601 ""@it"
1269,"""Nike Kawa Adjustable Men's Slide Sandals - White/Black/White""@en ""Slides and Sandals""@en"
1270,"""Nike Sportswear Air Force 1 07 - Black""@en "" Mens Shoes Nike Black 315122-001 ""@en"
1271,"""Nike Free Run - Concord/Black-Hyper Cobalt-Photo Blue""@en "" Nike Blue Mens Shoes 831508-400 ""@en"
1272,"""Nike Air Max 90 Essential""@en Essential University Blue Pure Platinum Obsidian White 537384-416 - Purchaze""@en"
1273,"""2017 Air Jordan 11 White/Midnight Navy-University Blue 378037-123 For Sale""@en-US Sale | New Jordans 2015""@en-US"
1274,"""ASICS Gel Saga Winter Trail - Black""@en "" Mens Shoes ASICS Black H5T4N-9090 ""@en"
1275,"""Nike Enfant Hypervenom Phantom II FG - Volt/ Noir/ Hyper Turquoise""@fr "" Nike chaussures pour enfant terrain sec volt noir hyper turquoise ""@fr"
1276,"""Puma evoSPEED SL Lth II FG - Puma White/Puma Black/Shocking Orange""@en "" Orange Mens Soccer Cleats Firm Ground ""@en"
1277,"""Nike Womens Air Zoom Structure 19 - Hyper Violet/White-Gamma Blue-Photo Blue""@en "" Nike Shoes Blue ""@en"
1278,"""Concave Volt + SG - Black/Pink""@en "" Concave Mens Soccer Cleats Soft Ground Black/Pink ""@en"
1279,"""GEL-KAYANO TRAINER EVO""@en-gb EVO | Men Men's Sneakers ASICS Tiger""@en-gb"
1280,"""Brassière de Sport Nike Pro Rival- Blanc/ Noir/ Noir""@fr "" brassiere sport femmes Rival - vetements course blanc-noir-noir ""@fr"
1281,"""Buty Męskie Nike Air Max Zero Essential - Czarny""@pl "" Buty Czarny 876070-010 ""@pl"
1282,"""Nike WMNS Air Max BW Ultra""@en Ultra Black Pure Platinum White 819638-001 - Purchaze""@en"
1283,"""NIKE BRUIN LITE TXT""@en apparel and sports equipment""@en TXT - WOMAN FREE TIME SHOES Nike colour 578364 100 Athletic footwear"
1284,"""Puma King IT - Nero/Bianco/Oro""@it "" Scarpe Calcio Puma IT- Campi Coperti Nero/Bianco/Oro ""@it"
1285,"""Nike MercurialX Proximo II Ronaldo IC - Seaweed/Volt/Hasta/White""@en "" Nike Mens Boots Indoor Seaweed/Volt/Hasta/White ""@en"
1286,"""ASICS Tiger GEL-Kayano Trainer Evo - Black""@en "" Mens Shoes ASICS Black HN6A0-9090 ""@en"
1287,"""Puma evoTOUCH 2 FG - Black/White/Safety Yellow""@en "" Puma Yellow Mens Soccer Cleats Firm Ground ""@en"
1288,"""Nike Womens Air Zoom Pegasus 33 - Dark Purple Dust/White-Lyl Bl-Pink Blast""@en "" Nike Blast Shoes 831356-501 ""@en"
1289,""" Therm-A-Rest NeoAir Torrent Air Pump ""@es ""Therm-A-Rest - es""@es"
1290,""" Keen Yoyageur Black Olive/Inca Gold ""@de ""Keen - ch_de""@de"
1291,"""Nike Free RN - White/Black-Pure Platinum""@en "" Nike Platinum Mens Shoes 831508-101 ""@en"
1292,"""Nike Roshe One wolf grey / white (511881-023)""@eu (511881-023) | Bludshop.com""@eu"
1293,"""Asics Fuze X Lyte 2 - Thunder Blue/Black/White""@en "" Asics Blue/Black/White Mens Shoes T719N-4990 ""@en"
1294,""" Scarpa Mojito Coral Red ""@fr ""Scarpa - be_fr""@fr"
1295,"""Air Max 90 Ultra Essential"" ""Nike Air Essential - 819474-013 | everysize.com"""
1296,""" Air Jordan 11Lab4 ""red""""@en ""Air ""red"" - New Arrivals – The Sneaker Authority""@en"
1297,"""Under Armour Spotlight Pro 2.0 FG - Rocket Red/High Vis Yellow""@en "" Under Mens Soccer Cleats Firm Ground Yellow ""@en"
1298,"""Tennis Classic CS""@en"
1299,"""Puma evoSPEED SL FG - Lava Blast/White/Total Eclipse""@en "" Puma Sl Mens Boots Firm Ground Eclipse ""@en"
1300,"""Nike Womens Air Zoom Pegasus 33 - Black/White/Anthracite/Cool Grey""@en "" Nike Grey Shoes 831356-001 ""@en"
1301,"""Nike Mercurial Veloce II Soft Ground Pro Mens Football Boots""@en Boots | Start Fitness""@en"
1302,"""Nike Sportswear Air Max LD Zero - Negro""@es "" Zapatillas de hombre-Nike Negro 848624-005 ""@es"
1303,"""2017 Air Jordan 11 ‘UNC’ White/Midnight Navy-University Blue  For Sale Sale""@en-US – Hoop Jordan""@en-US"
1304,"""Nike WMNS Air Force 1 Mid""@en Mid White 366731-100 - Purchaze""@en"
1305,"""Nike Metcon DSX Flyknit - Grau/Volt/Grau/Schwarz""@de "" Herrenschuhe Nike Grau/Volt/Grau/Schwarz ""@de"
1306,""" Hogan Interactive Sneaker in dark blue suede ""@en ""Hogan suede""@en"
1307,"""The Nike Premier FG - Nero/Bianco""@it "" Scarpe da Calcio The Terreni Compatti Nero/Bianco ""@it"
1308,""" Keen Daytona Black Olive ""@es ""Keen - es""@es"
1309,"""Nike Sportswear Roshe Run - Black / Anthracite Sail""@en "" Nike Mens Shoes Sail ""@en"
1310,"""Nike Zoom Speed TR3 - Green/White/Black""@en "" Mens Shoes Nike Green/White/Black 804401-310 ""@en"
1311,"""Air Jordan 9 Retro “Fontay Montana” Pure Platinum/Game Royal-Mandarin For Sale""@en-US Sale | New Jordans 2015""@en-US"
1312,"""NIKE TIEMPO LEGACY II FG""@en FG - MAN SOCCER SHOES Nike colour Black 819218 010 Athletic footwear apparel and sports equipment""@en"
1313,"""Nike Air Vortex Leather""@en Leather Cool Grey White 918206-002 - Purchaze""@en"
1314,"""Asics Gel Lyte III""@en III Valentines Pack H63QQ-2323 - Purchaze""@en"
1315,"""ASICS Tiger Gel-Lyte - White""@en "" Womens Shoes ASICS TIGER White HN7F6-0101 ""@en"
1316,"""Nike Sportswear Air Max 90 Cuir - Noir""@fr "" Basket Nike Noir ""@fr"
1317,"""Nike Kids Magista Obra II FG - Rio Teal/Volt/Obsidian/Clear Jade""@en "" Nike Mens Boots Firm Ground Jade ""@en"
1318,"""Puma evoSPEED 1.3 Graphic FG - White-Sea Pine-High Risk Red""@en "" Mens Rugby Boots Puma Firm Ground Red 10330401 ""@en"
1319,"""Under Armour CoreSpeed Force 3.0 FG - Black/Black/Neon Coral""@en "" Under Mens Soccer Cleats Firm Ground 1278818-006 Coral ""@en"
1320,"""Air Max Thea Ultra Flyknit"" ""Nike Air Flyknit - 881175-002 | everysize.com"""
1321,"""Nike Free Trainer 3.0 V4 - Black/Blue Lagoon/Brigade Blue/Pure Plantinum""@en "" Mens Shoes Nike Plantinum 749361-044 ""@en"
1322,"""Concave Volt 1.0 SG - Zwart/Roze""@nl "" Concave SG- Heren Voetbalschoenen Zachte Grond Zwart-Roze ""@nl"
1323,""" Keen Clearwater CNX Black/Yellow ""@fr ""Keen - be_fr""@fr"
1324,"""Nike Roshe One""@en One Black 511881-026 - Purchaze""@en"
1325,"""2016 Air Jordan 11 Low “Cherry” White/Varsity Red Cheap For Sale""@en-US Sale | Retro Shoes""@en-US"
1326,"""Nike Womens Air Zoom Structure 19 CP - White/Volt-Black""@en "" Nike Shoes White/Volt-Black ""@en"
1327,"""Nike Sportswear Air Max 90 Ultra Moire - Black""@en "" Nike Mens Shoes Black ""@en"
1328,"""Nike Sportswear Womens Air Max 1 Ultra Moire - Summit White / Racer Blue White""@en "" Shoes Nike 704995-100 ""@en"
1329,"""Nike Sportswear Air Huarache Run Ultra - Black""@en "" Mens Shoes Nike Black 819685-002 ""@en"
1330,"""Nike Zoom Speed TR3 - Black/White""@en "" Mens Shoes Nike Black/White 804401-017 ""@en"
1331,"""NIKE AIR HUARACHE RUN ULTRA MUJER""@es"
1332,"""Men's Nike Air Penny IV Shoe - White/Black""@en White/Black Mr. Alan's ""@en"
1333,"""Nike Sportswear Boys Air Max Tavas - Hyper Cobalt Light / White Dark Royal Blue""@en "" Shoes Nike Blue 814443-401 ""@en"
1334,"""Nike Sportswear Air Max 90 Leather - Black""@en "" Mens Shoes Nike Black 302519-001 ""@en"
1335,"""ASICS GEL-Kayano Trainer Evo Chameleon - Gecko Green / Guava""@en "" Mens Shoes ASICS Tiger Guava HN6D0-8873 ""@en"
1336,"""Star Trekkin' Metallic Boot""@en"
1337,"""Roshe One"" ""Nike Roshe One - 511881-026 | everysize.com"""
1338,"""NIKE MERCURIAL VICTORY V FG""@en FG - MAN SOCCER SHOES Nike colour White 651632 170 Athletic footwear apparel and sports equipment""@en"
1339,"""NIKE FREE 5.0""@en 5.0 - WOMAN TIME SHOES Nike colour Black 724383 002 Athletic footwear apparel and sports equipment""@en"
1340,"""Nike Air Max 90 Essential""@en Essential Wolf Grey Binary Blue 537384-064 - Purchaze""@en"
1341,"""Concave Quantum + FG - White/Lime""@en "" Concave Mens Soccer Cleats Firm Ground White/Lime ""@en"
1342,"""NIKE AIR ZOOM FIT 2""@en 2 - WOMAN TRAINING SHOES Nike colour Black 819672 001 Athletic footwear apparel and sports equipment""@en"
1343,"""Nike Sportswear Air Max 1 (GS) - Black / Vivid Pink White""@en "" Nike Girls Shoes White ""@en"
1344,"""Nike Air Zoom Vomero 11 Women's Running Shoes FA16 405""@en 405 · Nike Neutral Trainers ah""@en"
1345,""" Air Jordan 7 Retro ""pantone"" ""@en ""Air - – The Sneaker Authority""@en"
1346,""" Patagonia Bisect Tank Turkish Delight Graphic: Black ""@fr ""Patagonia - ca_fr""@fr"
1347,"""Nike Sportswear Free Hypervenom 2 - Black""@en "" Mens Shoes Nike Black 747139-010 ""@en"
1348,"""Nike Sportswear Air Presto Essential - Black""@en "" Mens Shoes Nike Black/Black-Black 848187-011 ""@en"
1349,"""Nike Mercurial Victory V FG Enfant - Blanc/ Noir/ Volt/ Orange Total""@fr "" Nike chaussures pour enfant terrain sec blanc noir volt orange total ""@fr"
1350,"""Nike Junior MercurialX Vapor XI CR7 IC – The Soccer Factory""@en-US"
1351,"""Nike Tiempo Legacy II SG - Platine/ Noir/ Hyper Orange""@fr "" Nike chaussures pour homme terrain gras platine noir hyper orange ""@fr"
1352,"""Puma WMNS Suede Platform puma black / white (362223-01)""@eu (362223-01) | Bludshop.com""@eu"
1353,"""Nike Magista Ola II FG - Rio Teal/Volt/Obsidian/Clear Jade""@en "" Nike Mens Soccer Cleats Firm Ground Jade ""@en"
1354,""" Patagonia R3 Wool Lined Split Toe Booties Black ""@cs ""Patagonia - cz""@cs"
1355,"""GEL-SONOMA 3 G-TX DA UOMO""@it-it UOMO | Men Men's Trail Running & Hiking Shoes ASICS""@it-it"
1356,""" Air Jordan 13 Retro ""playoff"" 2017""@en ""Air 2017 - Pre Order – The Sneaker Authority""@en"
1357,"""Asics Gel-Challenger 11 - White/Silver""@en-GB "" Asics White/Silver Mens Shoes All Court ""@en-GB"
1358,"""Nike Classic Cortez Leather""@en Leather White Midnight Navy Gym Red 749571-146 - Purchaze""@en"
1359,"""Nike Junior Mercurial Victory V FG - Bianco/Nero/Volt/Arancione Totale""@it "" Nike Scarpe Terreni Compatti Totale ""@it"
1360,"""Puma Classico SG Enfants- Noir-Blanc-Puma Gold""@fr "" Chaussures de Football Enfant - Puma Junior Terrain Gras Crampons Gold 10335201 ""@fr"
1361,"""Nike Men's Hypervenom Phantom FG Soccer Cleats"""
1362,"""Asics GT-2000 4 Liteshow Plasmaguard - Hot Orange/Silver/Black""@en "" Asics Plasmguard Orange/Silver/Black Mens Shoes T6F4N-3093 ""@en"
1363,"""Nike Sportswear Just Do It Benassi - Midnight Navy""@en "" Mens Shoes Nike Navy 343880-403 ""@en"
1364,"""Puma evoSPEED 2.3 FG - Bright Plasma-White-Peacoat""@en "" Puma Football Boots Firm Ground Soccer Cleats Plasma-White-Peacoat 10301204 ""@en"
1365,"""GEL-CUMULUS 19""@fr-be 19 | Women Women's Road Running Shoes ASICS""@fr-be"
1366,"""Nike Sportswear Womens Roshe One Premium - Black""@en "" Shoes Nike Black / Black-Ivory 833928-004 ""@en"
1367,"""Nike Tiempo Legend VI SG-Pro - Czarny/Biały/Metaliczny Złoty""@pl "" Nike Męskie buty piłkarskie Miękka nawierzchnia Wkręty Czarny Biały Metaliczny Złoty ""@pl"
1368,"""Nike Foundation 12 – Rain Training Pants - Blk/Wht""@en "" Nike Mens Football Teamwear Black-White ""@en"
1369,"""Nike Roshe One""@en One Wolf Grey White 511881-023 - Purchaze""@en"
1370,"""Nike AIR Zoom Pegasus 32 Men's Training Shoes - Green/Blue Lagoon/Black""@en ""Lifestyle Footwear""@en"
1371,"""David Spencer Marco 10 1/2 Medium Black Briar Waxy Casual Shoes""@en "" David Shoes at GlobalGolf.com ""@en"
1372,"""Nike Tiempo Legend V FG - Black/Volt/White""@en "" Nike Football Boots Firm Ground Soccer Cleats Black-Volt-White ""@en"
1373,"""Nike Girls Air Max 2016 (GS) - Hyper Pink""@en "" Shoes Nike Pink 807237-600 ""@en"
1374,"""Nike Hypervenom Phelon II FG - White/Black/Total Orange/Volt""@en "" Nike Mens Soccer Cleats Firm Ground Orange/Volt ""@en"
1375,"""Nike Lunarglide 7 - Nero/Bianco Summit/Antracide""@it "" Nike Scarpe Uomo Summit/Antracide ""@it"
1376,"""Nike Kids Mercurial Victory V FG - White/Black/Volt/Total Orange""@en "" Nike Junior Boots Firm Ground Orange ""@en"
1377,"""Nike Magista Onda IC"" IC acheter et offres sur Goalinn"""
1378,"""Nike Air Zoom Pegasus 33 Women's Running Shoes FA16 001""@en 001 · Nike Neutral Trainers ah""@en"
1379,"""Puma evoSPEED 1.4 FG - Lava Blast/White/Total Eclipse""@en "" Puma Mens Boots Firm Ground Eclipse ""@en"
1380,"""Air Jordan 4 Retro ""Alternate Motorsports"""""
1381,""" Air Jordan 5 Retro ""red suede""""@en ""Air suede"" - Mens Footwear – The Sneaker Authority""@en"
1382,"""ASICS Tiger GEL-Lyte V 50 Pack - Latigo Bay / Zwart""@en "" Mens Shoes ASICS Zwart H5V2L-8990 ""@en"
1383,"""Nike Sportswear Air Max LD Zero - Nero""@it "" Scarpe Uomo Nike Nero 848624-005 ""@it"
1384,"""ASICS Tiger GEL-Kayano Trainer Knit MT - Black""@en "" Mens Shoes ASICS Black H7P4N-9090 ""@en"
1385,"""Gel Lyte MT""@en"
1386,"""NIKE AIR MAX 90 ULTRA 2.0 LTR""@pl ""Odzież obuwie i akcesoria męskie ✓ Darmowa dostawa - ★ Sizeer ★""@pl"
1387,"""NIKE AIR MAX 90 ESSENTIAL ""@pl ""Nike męskie✓ Darmowa dostawa do domu ★ sklep Sizeer ★""@pl"
1388,"""Nike Girls Lunarglide 7 (GS) - Black/Metallic Silver-White-Pink Pow""@en "" Nike Pow Shoes 747966-001 ""@en"
1389,"""Air Jordan 4 Retro “Motorsports” (#308497-117)""@en-US (#308497-117) | SobeSoles.com""@en-US"
1390,"""Air Jordan 6 Retro “All-Star” (#907961-015)""@en-US (#907961-015) | SobeSoles.com""@en-US"
1391,"""Air Jordan 5 Retro White/Black-Fire Red Online For Sale""@en-US Sale | New Jordans 2015""@en-US"
1392,"""Asics Hyper MD 6 - Flash Yellow/Deep Blue/Flash Orange""@en "" Mens Shoes Asics Orange G502Y-0743 ""@en"
1393,""" Keen McKenzie Brindle/Ensign Red ""@nl ""Keen - nl""@nl"
1394,"""GEL-BLADE 5""@en-fr 5 | Men Men's Squash & Badminton Shoes ASICS""@en-fr"
1395,"""Nike Sportswear Air Force 1 07 -Negro""@es "" Nike -Zapatillas para hombre-Negro ""@es"
1396,"""Nike MercurialX Finale II IC - Purple Dynasty/Bright Citrus""@en "" Nike Mens Boots Indoor Citrus ""@en"
1397,"""Nike SB Stefan Janoski White / Wolf Grey""@en"
1398,"""Concave Kids Halo+ FG - Black/Gold""@en "" Concave Junior Soccer Cleats Firm Ground Black/Gold ""@en"
1399,"""Nike Zoom Speed TR3 - Red/White/Black/Crimson""@en "" Nike Mens Shoes Gym Red/White/Black/Bright Crimson ""@en"
1400,"""Concave Halo2.0 FG - Black/Black""@en "" Concave Mens Soccer Cleats Firm Ground Black/Black ""@en"
1401,"""NIKE ZOOM WINFLO 3"" "" kixpress.com - NIKE   3 831561-001"
1402,"""GEL-KAYANO 24 LITE-SHOW""@nl-nl LITE-SHOW | Men Men's Road Running Shoes ASICS""@nl-nl"
1403,"""Nike Mercurial Victory V FG - Volt/Hyper Pink/Black""@en "" Mens Soccer Cleats Nike Firm Ground Pink/Black 651632-760 ""@en"
1404,""" Air Jordan 5 Retro ""red suede""""@en ""Air suede"" - Pre Order – The Sneaker Authority""@en"
1405,"""Nike Sportswear Air Max 1 Ultra Moire - Bleu / Blanc""@fr "" Chaussures femme Nike Blanc ""@fr"
1406,"""Asics Gel-Zaraca 4 - Zwart/Onyx/Geel""@nl "" Asics Heren Hardloopschoenen Zwart-Onyx-Geel ""@nl"
1407,"""Nike Womens Free RN Flyknit - Black/White""@en "" Nike Black/White Shoes 831070-001 ""@en"
1408,"""Nike Zoom Speed TR3 - Total Crimson/Black/Black/Hyper Volt""@en "" Nike Mens Shoes Volt ""@en"
1409,"""Sneakers buty Nike Air Force 1 '07 Low white (315122-111)""@pl (315122-111) | Bludshop.com""@pl"
1410,"""ASICS Tiger GEL-Kayano Trainer Evo - White""@en "" Mens Shoes ASICS White HN6A0-0101 ""@en"
1411,"""Nike Tiempo Genio II Leather FG - Light Crimson/Metallic Silver/Total Crimson""@en "" Nike Soccer Cleats Firm Ground Crimson ""@en"
1412,"""2017 Air Jordan 1 Retro High OG “Royal” Black/Varsity Royal-White For Sale""@en-US Sale | New Jordans 2017""@en-US"
1413,"""PUMA BASKET PLATFORM PATENT WN'S""@pl ""Puma damskie ✓ Darmowa dostawa do domu ★ sklep Sizeer ★""@pl"
1414,"""NIKE AIR MAX 90 ULTRA 2.0 LTR""@pl ""Sneakersy męskie ✓ Darmowa dostawa ★ Sizeer ★""@pl"
1415,"""Air Presto"" ""Nike Air Presto - 848132-401 | everysize.com"""
1416,"""Nike Kids MercurialX Pro IC - Black/Metallic Gold/Chilling Red""@en "" Nike Proximo Youths Soccer Shoes Indoor Red ""@en"
1417,"""Puma evoPOWER 1.3 Lth FG - Red Blast/Puma White/Puma Black""@en "" Puma Black Mens Boots Firm Ground ""@en"
1418,"""Nike Hypervenom Phantom FG - Volt/Violet/Lava/Blk""@en "" Nike Mens Boots Firm Ground Volt/Persian Violet/Hot Lava/Black ""@en"
1419,"""ASICS Tiger GEL-Kayano Trainer Evo Origami Pack - Black / Dark Grey""@en "" Mens Shoes ASICS Grey H621N-9016 ""@en"
1420,"""Air Jordan 11 Retro""@en Retro Blue White | 378037-123 footdistrict.com""@en"
1421,""" Air Jordan 4 Retro ""motorsports""""@en ""Air ""motorsports"" - – The Sneaker Authority""@en"
1422,""" Therm-A-Rest Lumbar Pillow Nautical Blue ""@en ""Therm-A-Rest - ie""@en"
1423,"""Ariat Men's Fuse Rodeo Red Mesh Shoes""@en Shoes | Boot Barn""@en"
1424,"""Nike Kids MercurialX Vapor XI CR7 IC - Seaweed/Volt/Hasta/White""@en "" Nike Youths Soccer Cleats Indoor Seaweed/Volt/Hasta/White ""@en"
1425,"""Nike Womens Air Zoom Pegasus 33 - Black/White-Anthracite-Cool Grey""@en-GB "" Nike Grey Shoes 831356-001 ""@en-GB"
1426,"""Nike Sportswear Roshe Run - Noir/ Anthracite/ Blanc""@fr "" chaussures Nike noir-anthracite-blanc ""@fr"
1427,"""Puma Speed 300 IGNITE - White-Atomic Blue-Red Blast""@en "" Puma Mens Shoes Blast ""@en"
1428,"""Nike Air Force 1 Low gym red / sail-deep royal blue (488298-626)""@eu (488298-626) | Bludshop.com""@eu"
1429,"""Concave Quantum + SG - Black/White""@en "" Concave Mens Boots Soft Ground Black/White ""@en"
1430,"""Nike Tiempo Genio II Leather TF - White/Black/Electro Green""@en "" Nike Mens Boots Turf Trainer 819216-103 Green ""@en"
1431,"""Asics Womens Gel-Noosa Tri 11 White Noise - White/White/Black""@en "" Asics Shoes White/White/Black ""@en"
1432,"""Nike Kids Magista Ola II FG - Rio Teal/Volt/Obsidian/Clear Jade""@en "" Nike Junior Boots Firm Ground Jade ""@en"
1433,"""Air Jordan 11 Retro GS""@en White | 378038-123 footdistrict.com""@en GS Blue"
1434,"""Nike Womens Air Zoom Pegasus 33 - Mid Navy/Reflective Silver-Bright Crimson""@en "" Nike Shoes Crimson ""@en"
1435,"""Highland Wax Jacket""@en ""Men's Haldon Quilted Jacket in Dark Navy from Crew Clothing Company""@en"
1436,"""Nike Free RN Flyknit - Black/White""@en "" Nike Black/White Mens Shoes 831069-001 ""@en"
1437,"""Nike Tiempo Legend SG-Pro - Anthracite/Black/Volt""@en "" Nike Soccer Cleats Soft Ground Anthracite/Black/Volt ""@en"
1438,"""Nike Mercurial Victory V FG - Blanc/ Noir/ Volt/ Orange Total""@fr "" Nike chaussures pour homme terrain sec blanc noir volt orange total ""@fr"
1439,"""Diadora B.Original - Tibetan Red""@en "" Mens Shoes Diadora Red / White 170535-C6289 ""@en"
1440,"""Dziecięce buty Nike Tiempo Rio III FG - Jasny/Czarny/Volt""@pl "" Dziecięce piłkarskie Trawa naturalna Lanki Jasny/Czarny/Volt ""@pl"
1441,"""Nike Flex 2016 Run - Black/Metallic Silver-University Red-White""@en "" Nike Red-White Mens Shoes 830369-006 ""@en"
1442,"""2017 Nike Air Jordan 1 Retro High OG “Royal” 555088-007 Shoes For Sale""@en-US Sale | Shoes""@en-US"
1443,"""Puma Suede Classic+ - Team Regal Red""@en "" Mens Shoes Puma Red 352634-05 ""@en"
1444,"""Concave Halo+ FG Microfiber - Blue/White""@en "" Concave Mens Boots Firm Ground Blue/White ""@en"
1445,"""Nike Hypervenom Phelon II FG - Metallic Red Bronze/Black/Green Glow/White""@en "" Nike Mens Soccer Shoes Firm Ground Glow/White ""@en"
1446,""" Therm-A-Rest NeoAir Torrent Air Pump ""@nl ""Therm-A-Rest - nl""@nl"
1447,"""Air Jordan 6 (VI) Retro Infrared 23/Black-Infrared 23 Cheap For Sale""@en-US Sale | New Jordans 2015""@en-US"
1448,"""Nike Free Run Distance - Bleu Gamma/ Noir/ Cyan""@fr "" Nike chaussures pour homme bleu gamma noir cyan ""@fr"
1449,"""Jordan Son of Mars “Yeezy” Black/Gym Red-Cool Grey-Pulse Green""@en-US ""Buy Discount Air Jordan Yeezy Blink Free Shipping | Retro Shoes""@en-US"
1450,"""Puma evoSPEED II SL Leather Tricks FG - Pink Glo/Safety Yellow/Black""@en "" Puma Mens Shoes Firm Ground Yellow/Black ""@en"
1451,"""Puma evoSPEED 1.5 FG - Puma Black/Puma White/Red Blast""@en "" Blast Mens Boots Firm Ground ""@en"
1452,"""Nike Air Max Zero Essential - Black""@en "" Mens Shoes Nike Black 876070-010 ""@en"
1453,"""Nike Air Zoom Pegasus 33 - Black/White/Anthracite/Cool Grey""@en "" Nike Grey Mens Shoes 831352-001 ""@en"
1454,"""Gel-Kayano Trainer EVO Chameleoid Pack"" ""Asics Gel-Kayano Pack - HN6D0 8873 | everysize.com"""
1455,"""ASICS Tiger GEL-Lyte III - Black""@en "" Mens Shoes ASICS Black H534L-9090 ""@en"
1456,"""GT-2000 5 LITE-SHOW""@en-es LITE-SHOW | Women Road Running ASICS""@en-es"
1457,"""Asics Gel-Lyte MT india ink / HL6G0-5050""@eu HL6G0-5050 | Bludshop.com""@eu"
1458,"""GEL-NIMBUS 19 FÜR DAMEN""@de-at DAMEN | Women Women's Road Running Shoes ASICS""@de-at"
1459,"""Nike Air Max 90 Essential""@en Essential Black White 537384-077 - Purchaze""@en"
1460,"""Roshe One""@en"
1461,"""Nike Defendre Leather - Black/Anthracite/White""@en "" Nike Mens Football Shoes Black-Anthracite-White ""@en"
1462,"""Nike Tiempo Legacy II SG - Pure Platinum/Black/Hyper Orange""@en "" Nike Mens Boots Soft Ground Orange ""@en"
1463,"""Nike LunarGlide 7 Flyknit Men's Running Shoes FA15 001""@en 001 · Nike Mild Support Trainers ah""@en"
1464,"""Asics Womens Gel-Pulse 8 - Diva Pink/White/Dark Purple""@en "" Asics Purple Shoes T6E6N-2001 ""@en"
1465,"""Supreme x Air Jordan 5 ‘Camo’ Desert Camo/Fire Red-Black""@en-US Red-Black – Hoop Jordan""@en-US"
1466,"""Nike Jr Mercurial Victory V SG - Bright Crimson/Persian Violet/Black""@en "" Junior Rugby Boots Nike Soft Ground Violet/Black ""@en"
1467,"""MAX 2 STRONG SNEAKER"" ""NIKE MAX SNEAKER - Multi-Color | Jimmy Jazz 555104100"""
1468,"""Nike Mercurial Victory V FG - White/Volt/Hyper Pink/Black""@en "" Mens Rugby Boots Nike Firm Ground Pink/Black 651632-170 ""@en"
1469,"""NIKE BENASSI JDI""@en JDI - MAN FREE TIME SLIPPERS Nike colour Blue 343880 403 Athletic footwear apparel and sports equipment""@en"
1470,"""Nike Hypervenom Phatal II DF FG - White/Black/Total Orange/Volt""@en "" Nike Mens Boots Firm Ground Orange/Volt ""@en"
1471,"""Nike Kids Tiempo Rio III FG - Wolf Grey/Black/Clear Jade""@en "" Nike Junior Boots Firm Ground Jade ""@en"
1472,"""Nike Tiempo Legend VI SG-Pro - Black/White/Black/Metallic Gold""@en "" Nike Mens Boots Soft Ground Gold ""@en"
1473,"""Nike Tiempo Legend V FG - Nero/Volt/Bianco""@it "" Scarpe da Calcio Nike Terreni Compatti Nero-Volt-Bianco 631518-017 ""@it"
1474,"""Under Armour ClutchFit Force 2.0 FG - Black/Graphite/High-Vis Yellow""@en "" Under Mens Boots Firm Ground Yellow ""@en"
1475,"""Asics Womens Fuze X - Diva Pink/White/Carbon""@en "" Asics Shoes Pink/White/Carbon ""@en"
1476,"""adidas Adipure 360.4 W"" Traininn"" W kopen en aanbiedingen"
1477,"""Nike Tiempo Genio II Leather TF - White/Black/Total Orange""@en "" Nike Mens Soccer Cleats Turf Trainer Orange ""@en"
1478,"""Dziecięce buty Puma evoPOWER 4.3 FG - Niebieski/Puma Biały/Szokujący Pomarańcz""@pl "" Dziecięce piłkarskie Trawa naturalna Lanki Pomarańcz ""@pl"
1479,"""GEL-QUANTUM 360 KNIT HARDLOOPSCHOEN VOOR HEREN""@nl-nl HEREN | Men Men's Easy Running Shoes ASICS""@nl-nl"
1480,"""Nike Mercurial Veloce III Neymar FG - Blue Orbit/White/Armory Navy/Volt""@en "" Nike Mens Boots Firm Ground 921505-400 Navy/Volt ""@en"
1481,"""Nike Sportswear Air Footscape Magista Flyknit - Deep Royal Blue""@en "" Mens Shoes Nike Blue 816560-400 ""@en"
1482,"""Air Jordans 13 Retro French Blue/Flint Grey-White For Sale""@en-US Sale | New 2017""@en-US"
1483,"""Nike Free RN Distance Mens Running Shoes - Black""@en Black | Start Fitness""@en"
1484,"""PUMA EVOSPEED 4.5 TRICKS FG""@en apparel and sports equipment""@en FG - MAN SOCCER SHOES Puma colour Multicolor 103592 01 Athletic footwear"
1485,"""Air Jordan 5 Retro “Shanghai Shen” Black/Varsity Maize-Varsity Royal-Black For Sale""@en-US Sale | New Jordans 2015""@en-US"
1486,"""Nike Hypervenom Phantom II FG - Pure Platinum/Black/Ghost Green""@en "" Nike Mens Soccer Cleats Firm Ground Green ""@en"
1487,"""Nike Roshe One (511881-010)""@en"
1488,"""Nike Sportswear Womens Air Max Thea - White""@en "" Shoes Nike White 599409-101 ""@en"
1489,""" Keen Commuter III Black/Gargoyle ""@fr ""Keen - ca_fr""@fr"
1490,"""Nike Free Run Distance Men's Running Shoes SP16 010""@en 010 · Nike Barefoot Trainers ah""@en"
1491,"""Nike Air Max BW""@en BW Black White 881981-002 - Purchaze""@en"
1492,"""Nike Free Trainer 3.0 V4 - Black/Black-Tumbled Grey-Total Orange""@en "" Nike Mens Shoes Orange ""@en"
1493,"""2015 Air Jordan 9 Retro “Statue” White/Black-Militia Green Cheap Sale""@en-US Sale | New Jordans 2015""@en-US"
1494,"""Sneakers buty Nike WMNS Roshe One black / white-dark grey 844994-002""@pl 844994-002 | Bludshop.com""@pl"
1495,"""Puma evoTOUCH 1 FG - Black/White/Safety Yellow""@en "" Puma Yellow Mens Soccer Cleats Firm Ground ""@en"
1496,"""Asics Gel Lyte III""@en III Black H534L-9090 - Purchaze""@en"
1497,"""Puma evoPOWER 4.3 Kids FG - Safety Yellow/Black/Atomic Blue""@en "" Puma Junior Boots Firm Ground Blue ""@en"
1498,"""NIKE TEAM HUSTLE D 7""@en apparel and sports equipment""@en 7 - MAN BASKETBALL SHOES Nike colour Black 747998 007 Athletic footwear"
1499,"""ASICS GEL NOOSA TRI 11""@de 11 - DAMEN LAUFSCHUHE Asics Farbe Schwarz T676Q 9090 Der Online-Shop für deine Sportbekleidung""@de"
1500,"""Nike Premier SG - Black/Summit White""@en "" Mens Boots The Nike Soft Ground Black-Summit White 698596-018 ""@en"
1501,"""Joma N-10 Pro FG - White/Black""@en "" Joma White/Black Mens Boots Firm Ground ""@en"
1502,"""Nike Air Max 90 Ultra Essential black / black-dark grey-white (819474-013)""@eu (819474-013) | Bludshop.com""@eu"
1503,"""NIKE TORBA NK BRSLA M DUFF""@pl ""Torby sportowe Nike na ramię ✓ Darmowa dostawa ★ Sizeer ★""@pl"
1504,"""‘48 by Hadrian""@en ""Oxfords | Undandy Custom made Handcrafted Men's Shoes""@en"
1505,""" FjallRaven Merano Canvasbelt Dark Olive ""@nl ""FjallRaven - nl""@nl"
1506,"""Men's Skechers, Felton slip resist wide Work sneakers "" Skechers | Mens Shoes Peltz Shoes"""
1507,"""Nike Free Run Flyknit -Negro/Blanco""@es "" Nike -Zapatillas para hombre-Negro/Blanco ""@es"
1508,"""Nike Free Trainer 3.0 V4 - Schwarz/Rot/Rot/Volt""@de "" Nike Sportschuhe Trainingsbekleidung Schwarz-Rot-Rot-Volt ""@de"
1509,"""Nike Mercurial Victory VI Ronaldo IC - Seaweed/Volt/Hasta/White""@en "" Nike Mens Boots Indoor Seaweed/Volt/Hasta/White ""@en"
1510,"""NIKE MERCURIAL VICTORY IV FG""@it FG - SCARPE CALCIO FISSO Nike Giallo 555613 703 Articoli sportivi e abbigliamento sportivo""@it"
1511,"""Nike Free 5.0 para mujer-Negro/Blanco/Gris""@es "" Nike mujer-Zapatillas de correr Nike-Negro-Blanco-Gris ""@es"
1512,""" Air Jordan 4 Retro ""alternate motorspots""""@en ""Air motorspots"" - Pre Order – The Sneaker Authority""@en"
1513,"""NIKE AIR COURTBALLISTEC 4.1""@it 4.1 - SCARPE TENNIS UOMO Nike Bianco 488144 109 Articoli sportivi e abbigliamento sportivo""@it"
1514,"""Nike HyperVenomX Finale TF - White/Black/Green Glow/White""@en "" Nike Mens Boots Turf Trainer Glow/White ""@en"
1515,"""Nike Nike Lunar Caldra - Obsidian/White/Blue""@en "" Mens Shoes Obsidian/White/Blue 803879-414 ""@en"
1516,"""Puma evoSPEED 1.2 Leather FG Soccer Cleats Sharks Blue with Peach"" - Cleats"""
1517,"""Asics FuzeX Men's Running Shoes SS16 4350""@en 4350 · Asics Barefoot Trainers ah""@en"
1518,"""Puma evoSPEED SL FG - Eclipse Total/Lava/Blanco""@es "" Puma -Botas de futbol Total/Lava/Blanco ""@es"
1519,"""Puma IGNITE v2 - Black-Asphalt-Red Blast-Aged Silver""@en "" Puma Mens Shoes Silver ""@en"
1520,"""Nike Metcon 3 - Black""@en "" Nike Black Mens Shoes 852928-002 ""@en"
1521,"""Puma Suede Classic+ - Cabernet""@en "" Mens Shoes Puma Cabernet 352634-75 ""@en"
1522,"""Air 2 Retro Decon"" ""NIKE JORDAN Air Decon - 897521-402 | everysize.com"""
1523,"""Nike Academy 16 Knit Tracksuit 2 - University Red/Black/Gym Red/White""@en "" Nike Mens Football Teamwear Red/White ""@en"
1524,"""ASICS TIGER GEL LYTE III"" ""sneakers adidas nmd r2 w by8691 - | brutalzapas"""
1525,"""Nike Boys Roshe One (GS) - Black""@en "" Nike Black/Metallic Silver-White-White Shoes 599728-021 ""@en"
1526,"""Classic Polo""@en ""Women's Essential Breton Tee in Navy/White Linen Stripe from Crew Clothing""@en"
1527,"""Air Jordan 7 Pantone 304775-400""@en"
1528,"""Puma Esito Classico FG - Black/White/Bronze""@en "" Puma Black/White/Bronze ""@en"
1529,"""Nike Air Max 90 Essential - Black""@en "" Mens Shoes Nike Black 537384-077 ""@en"
1530,"""MAX 95 EM SNEAKER"" ""NIKE MAX SNEAKER - Orange | Jimmy Jazz 554971886"""
1531,"""Nike Air Vortex Leather""@de Leather Dunkelblau Weiss Schwarz 918206-401 - Purchaze""@de"
1532,"""Nike Tiempo Genio II Cuir FG - Jade/ Noir/ Volt""@fr "" Nike chaussures pour homme terrain sec jade noir volt ""@fr"
1533,"""Nike Lunarglide 7 - Black/Summit White/Anthracite""@en "" Nike Mens Shoes White/Anthracite ""@en"
1534,"""GEL-HUNTER 3""@en-nl 3 | Women Women's Squash & Badminton Shoes ASICS""@en-nl"
1535,"""Puma R698 Core Leather white / steel gray (360601-01)""@eu (360601-01) | Bludshop.com""@eu"
1536,"""Jordan XI ""Midnight Navy"" BG"""
1537,"""Puma BOG Sock Core - High Risk Red""@en "" Mens Shoes Puma Red 362038-03 ""@en"
1538,"""Puma King Top i FG Junior - Blk/Wht/Gold""@en "" Puma Rugby Boots Black-White-Team Gold ""@en"
1539,"""Nike Mercurial Veloce III CR7 FG - Seaweed/Volt/Hasta/White""@en "" Nike Mens Soccer Cleats Firm Ground Seaweed/Volt/Hasta/White ""@en"
1540,"""Nike Free Run Distance Women's Running Shoes SU16 501""@en 501 · Nike Barefoot Trainers ah""@en"
1541,"""Nike Womens Lunartempo - Hyper Orange/Black-Summit White""@en "" Nike Shoes White ""@en"
1542,"""Nike Tiempo Genio Leather SG - Black/Black/Volt""@en "" Nike Mens Boots Soft Ground Black/Black/Volt ""@en"
1543,"""Asics Womens Fuze X Lyte - Onyx/White/Turquoise""@en "" Asics Shoes Onyx/White/Turquoise ""@en"
1544,"""Air Jordan 12 Retro""@es-MX Retro – Lust México Webstore""@es-MX"
1545,"""JORDAN AIR 1 MID ""@pl | CZARNY 469.99 PLN Sneakersy 554724040""@pl"
1546,"""Air Jordan 11 Retro Low “University Blue” (#528895-106)""@en-US (#528895-106) | SobeSoles.com""@en-US"
1547,"""Nike Jr Hypervenom Phelon FG - Black/Black/Black/Total Orange""@en "" Junior Rugby Boots Nike Firm Ground Orange ""@en"
1548,"""Nike F.C. Roshe Tiempo VI - Black""@en "" Mens Shoes Nike Black / Black-Team Red-Metallic Gold 852613-001 ""@en"
1549,"""Retro-Sneakers aus weichem Nubukleder""@de"
1550,"""Nike Air Zoom Structure 19 CP - Negro/Blanco/Volt""@es "" Nike Zapatillas de correr-Negro/Blanco/Volt ""@es"
1551,"""Asics Lethal Speed SG - Electric Blue/White/Flash Yellow""@en "" Asics Mens Boots Soft Ground Yellow ""@en"
1552,"""Nike Zoom Winflo 3 - Black/White-Anthracite""@en "" Nike Black/White-Anthracite Mens Shoes 831561-001 ""@en"
1553,"""Asics Fuze X Lyte 2 - Blu Thunder/Nero/Bianco""@it "" Asics Scarpe Uomo Thunder/Nero/Bianco ""@it"
1554,"""Nike Mercurial Victory V FG - Bright Mango/Metallic Silver/Hyper Turq""@en "" Nike Soccer Cleats Firm Ground Turq ""@en"
1555,"""Nike Sportswear Air Max Tavas - Black / Anthracite""@en "" Mens Shoes Nike Anthracite 705149-010 ""@en"
1556,"""Nike HypervenomX Finale TF - Volt/Black/Hyper Turquoise""@en "" Nike Mens Soccer Cleats Turf Trainer Turquoise ""@en"
1557,"""Nike Sportswear Air Max 90 Leather - Black""@en "" Mens Shoes Nike Black 537384-090 ""@en"
1558,"""Nike Sportswear Air Max 90 Ultra Essential - White""@en "" Nike Mens Shoes White / Cool Grey Infrared Black ""@en"
1559,"""Concave Quantum 1.0 FG -Blanco/Lima""@es "" Concave -Botas de futbol-Terrenos firmes-Blanco/Lima ""@es"
1560,"""Air Jordan 5 Retro White/Varsity Red-Obsidian For Sale Online""@en-US Online | New Jordans 2015""@en-US"
1561,"""RUN AWAY""@en-US ""Brown AW17 Runway sunglasses. - RUN AWAY | Fendi ""@en-US"
1562,"""Nike Air Zoom Pegasus 33 Women's Running Shoes FA16 501""@en 501 · Nike Neutral Trainers ah""@en"
1563,"""Nike WMNS Air Max 90""@de 90 Schwarz 325213-043 - Purchaze""@de"
1564,"""Puma evoSPEED SL S II FG - Puma White/Puma Black/Shocking Orange""@en "" Orange Mens Soccer Cleats Firm Ground ""@en"
1565,""" Nike Wmns Air Max 90 Premium - Linen ""Nike 896497-200 sneakAvenue"""
1566,"""Nike Hypervenom Phatal III DF FG - Black/White/Game Royal""@en "" Nike Mens Boots Firm Ground 852554-002 Royal ""@en"
1567,"""Nike Sportswear Lunar Magista II FK - Black""@en "" Mens Shoes Nike Black / Black-Anthracite-White 852614-001 ""@en"
1568,"""Puma EvoSpeed 3.5 Leather FG – The Soccer Factory""@en-US"
1569,"""Puma evoPOWER 3.2 FG - White/Total Eclipse/Lava Blast""@en "" Puma Mens Boots Firm Ground Blast ""@en"
1570,"""Nike Sportswear Air Max 90 Essential - University Blue""@en "" Mens Shoes Nike Blue 537384-416 ""@en"
1571,"""Nike Flex 2016 RN - Black/White-Cool Grey""@en "" Nike Grey Mens Shoes 830369-001 ""@en"
1572,"""Asics Gel Lyte III""@en III White H534L-0101 - Purchaze""@en"
1573,"""Nike Tiempo Genio II Leather TF - Pure Platinum/Black/Hyper Orange""@en "" Nike Mens Soccer Shoes Turf Trainer Orange ""@en"
1574,"""New Air Jordan 4 Retro 11Lab4 “Red Patent Leather”""@en-US Leather” | Women Jordans 2017""@en-US"
1575,"""Nike Hypervenom Phatal II DF FG - Cremise Total/Ossidiana/Viola Vivid""@it "" Nike Scarpe Uomo Terreni Compatti Vivid ""@it"
1576,"""GEL-NOOSA TRI 11""@de-at ""GEL-NOOSA TRI 11 | Men Fast Running ASICS""@de-at"
1577,"""ASICS Tiger Gel-Lyte OG - White""@en "" Mens Shoes ASICS TIGER White H7W4Y-0101 ""@en"
1578,"""Nike Mercurial Vapor X Leather FG - Light Bone/Black/Black""@en "" Nike Soccer Cleats Firm Ground Bone/Black/Black ""@en"
1579,"""Suede Classic"" ""Puma Suede Classic - 352634-75 | everysize.com"""
1580,"""Nike Air Max 90 Ultra 2.0 LTR""@en LTR Flax Sail Gum Medium Brown 924447-200 - Purchaze""@en"
1581,"""Nike Hypervenom Phelon II FG - Pure Platinum/Black/Ghost Green""@en "" Nike Mens Boots Firm Ground Green ""@en"
1582,"""Puma R698 Core Leather - Black / Drizzle""@en "" Mens Shoes Puma Drizzle 360601-02 ""@en"
1583,"""Nike Roshe Two""@en Two Black 844656-001 - Purchaze""@en"
1584,"""Jordan Air Jordan 1 Retro High - Gym Red""@en "" Mens Shoes Red 332550-602 ""@en"
1585,"""Nike Free Rn (831508-001)""@es-ES (831508-001) - footstop""@es-ES"
1586,"""Puma King Pro SG - Blk/Wht/Gold""@en "" Puma Football Boots Soft Ground Soccer Cleats Black-White-Gold ""@en"
1587,""" Keen Presidio Black ""@cs ""Keen - cz""@cs"
1588,"""Nike F.C. Free Hypervenom 2 - Black""@en "" Mens Shoes Nike Black / Team Red-Team Red-Metallic Gold 747140-006 ""@en"
1589,"""2017 Air Jordan 11 (XI) “Midnight Navy” Black Friday Cheap Sale""@en-US Sale | Jordans 2017""@en-US"
1590,"""Nike Free Run - Concorde/ Noir/ Cobalt/ Bleu Photo""@fr "" Nike chaussures pour homme concorde noir cobalt bleu photo ""@fr"
1591,"""2017 Cheap Air Jordan 4 Retro Black/Game Royal-Matte Silver-White For Sale""@en-US Sale | Jordans 2017""@en-US"
1592,"""Concave Quantum+ FG - White/Pink""@en "" Concave Mens Boots Firm Ground White/Pink ""@en"
1593,"""GEL-NIMBUS 19 LITE-SHOW""@en-es LITE-SHOW | Women Women's Road Running Shoes ASICS""@en-es"
1594,"""Nike Lunartempo 2 LB - Black/Metallic Pewter-Anthracite-Barely Green""@en "" Nike Mens Shoes Green ""@en"
1595,"""Womens Nike Free Run Flyknit - Black/White""@en-GB "" Womens Black/White Shoes 831070-001 ""@en-GB"
1596,"""Nike Sportswear Air Max 90 Mid Winter - Black""@en "" Nike Mens Shoes Black ""@en"
1597,"""Justin Kids' Stampede Waxy Boots"""
1598,"""Nike Air Max Tavas""@en Tavas Black Anthracite 705149-010 - Purchaze""@en"
1599,"""Nike Air Jordan 6 VI Retro""@de Online Shop - Purchaze""@de"
1600,"""Nike mercurial victory v fg""@bg ""football shoes fg Nike - Футболни обувки Обувки Мъже | TEMPO STORES Онлайн магазин""@bg"
1601,"""GEL-FUJITRABUCO 5 G-TX""@en-gb G-TX | Men Men's Running Gear ASICS""@en-gb"
1602,"""Air Jordan 9 Retro Medium Grey/Cool Grey-White For Sale Online""@en-US Online | New Jordans 2015""@en-US"
1603,"""Nike Free Hypervenom - Black/Black/Dark Grey/Metallic Zinc""@en "" Boys Shoes Nike Zinc 705390-001 ""@en"
1604,""" Air Jordan 11 Retro Low ""columbia""""@en ""Air ""columbia"" - – The Sneaker Authority""@en"
1605,"""Air Jordan 4 Retro 11Lab4 “Red Patent Leather” Shoes For Sale""@en-US Sale | Shoes""@en-US"
1606,"""Puma Popcat - Dazzling Blue / White""@en "" Puma Mens Shoes White ""@en"
1607,"""Nike Sportswear Benassi JDI - Black""@en "" Mens Shoes Nike Black 343880-090 ""@en"
1608,"""Concave Halo+ Youths FG - Blue/White""@en "" Concave Kids Soccer Cleats Firm Ground Blue/White ""@en"
1609,"""Gel Respector""@en"
1610,"""Puma Esito Classico SG - Black/White/Bronze""@en "" Puma Black/White/Bronze ""@en"
1611,"""NIKE AIR ZOOM PEGASUS 33""@en 33 - WOMAN RUNNING SHOES Nike colour Black 831356 001 Athletic footwear apparel and sports equipment""@en"
1612,"""NIKE Air Max 90 Ultra 2.0 Ltr Shoe Flux Pack (924447-200) Sneakers for Men @ upclassics"""
1613,"""Nike Kids MercurialX Pro IC - Black/Metallic Gold/Chilling Red""@en "" Nike Proximo Junior Boots Indoor Red ""@en"
1614,"""NIKE ROSHE ONE"" ""sneakers nike air max 90 ultra 2 0 flyknit 875943 600 - | brutalzapas"""
1615,"""Concave Halo+ Microfibre FG - White/Pink""@en "" Concave Mens Boots Firm Ground White/Pink ""@en"
1616,"""2017 Air Jordan 5 “Camo” Dark Stucco/Fire Red For Sale""@en-US Sale | 11 Legend Blue"
1617,"""Nike Tiempo Legacy II FG - Black/White/Metallic Gold""@en "" Nike Mens Boots Firm Ground Gold ""@en"
1618,"""NIKE AIR VIBENNA PREM""@pl ""Nike ✓ Darmowa dostawa do domu ★ sklep Sizeer ★""@pl"
1619,"""Nike F.C. Zoom Mercurial XI FK - University Red""@en "" Mens Shoes Nike Red / Black-Team 852616-600 ""@en"
1620,"""Hyper LD 5""@fr ""Pointes d athletisme hyper l 5 asics bleu à partir de 45 00 €""@fr"
1621,"""ASICS GEL-Lyte V Ugly Christmas Jumper - Dark Green""@en "" Mens Shoes ASICS Tiger Green / Duffle Bag H6R2L-8082 ""@en"
1622,"""Nike Kids Magista Obra II FG - Black/Total Crimson""@en "" Nike Junior Boots Firm Ground Crimson ""@en"
1623,""" Keen Newport H2 Black/True Red ""@pl ""Keen - pl""@pl"
1624,"""Nike Sportswear Womens Benassi JDI Print - Coastal Blue""@en "" Shoes Nike Blue 618919-400 ""@en"
1625,"""Nike Tiempo Legend VI SG-Pro - Black/Hyper Turqouise""@en "" Nike SG Mens Boots Soft Ground Turqouise ""@en"
1626,"""Buty Męskie Nike Tiempo Genio II Leather TF - Biały/Czarny/Zielony Elektro""@pl "" Buty Turfy Elektro ""@pl"
1627,""" Keen Alamosa Chocolate Brown / Bronze Green ""@it ""Keen - it""@it"
1628,""" Keen Harvest MJ Midnight Navy ""@it ""Keen - it""@it"
1629,"""Nike Sportswear Air Footscape Magista Flyknit - Bright Crimson""@en "" Mens Shoes Nike Crimson 816560-600 ""@en"
1630,"""Nike Metcon 2 - Negro/Blanco/Gris lobo/Volt""@es "" Nike Zapatillas de deporte-Negro/Blanco/Gris lobo/Volt ""@es"
1631,"""NIKE WMNS AIR MAX THEA ""@pl | CZARNY 499.99 PLN Sneakersy 599409020""@pl"
1632,"""ASICS TIGER GEL LYTE V"" ""sneakers asics gel lyte iii h7s5l 9090 - | brutalzapas"""
1633,"""Puma evoSPEED SL FG - Eclipse Totale/Lave/Blanc""@fr "" Puma chaussures homme terrain sec eclipse totale-lave-blanc ""@fr"
1634,"""GEL-FORTITUDE 7""@fr-fr ""GEL-FORTITUDE 7 | Women CHAUSSURES DE COURSE À PIED POUR FEMMES ASICS""@fr-fr"
1635,""" LOAFER METALLIC SHOE ""@en-GB ""LOAFER - GOLD Penelope Chilvers""@en-GB"
1636,"""Nike Zoom Trout 4 Low Men's Turf Shoes - Black/University Red/Wolf Grey""@en ""Turf and Coach""@en"
1637,"""Joma Propulsion 3.0 FG - Black/Silver/White""@en "" Joma Mens Shoes Firm Ground Black/Silver/White ""@en"
1638,"""Puma King Top M.I.I FG - Black/White/Team Gold""@en "" Puma Mens Boots Firm Ground Gold ""@en"
1639,"""NIKE FREE RUN""@en RUN - MAN TIME SHOES Nike colour Black 831508 001 Athletic footwear apparel and sports equipment""@en"
1640,"""Nike Sportswear Air Max 90 Ultra Moire - Black""@en "" Mens Shoes Nike Black 819477-010 ""@en"
1641,"""Nike WMNS Air Max 90 Leather""@de Leather Rosa Rose Creme 921304-600 - Purchaze""@de"
1642,"""Sneakers buty Nike WMNS Air Pegasus '89 black / summit white-wolf grey (84488-001)""@pl (84488-001) | Bludshop.com""@pl"
1643,""" Air Jordan 5 Retro ""red suede""""@en ""Air suede"" - – The Sneaker Authority""@en"
1644,"""Asics Gel-Zaraca 4 - Black/Onyx/Flash Yellow""@en "" Asics Mens Shoes Yellow ""@en"
1645,"""Nike Premier FG Boots - Black/White""@en "" Nike Football The Black-White Firm Ground Mens 599427-018 ""@en"
1646,"""Air Jordan XI ""Midnight Navy"""""
1647,"""Air Jordan 5 Retro""@es-MX Retro – Lust México Webstore""@es-MX"
1648,"""ASICS GEL GT 2000 3""@en apparel and sports equipment""@en 3 - MAN RUNNING SHOES Asics colour Blue T500N 4207 Athletic footwear"
1649,"""Nike Mercurial Vortex III FG - Pomaranczowy Laser/Czarny/Volt""@pl "" Nike Meskie Buty Pilkarskie Zwarta Murawa Laser/Czarny/Volt ""@pl"
1650,"""Nike Zoom Train Complete - Cannon/Black/Ghost Green/White""@en-GB "" Nike Mens Shoes Regular Training Green/White ""@en-GB"
1651,"""Sneakers buty Nike Air More Uptempo white / light brown (414962-103)""@pl (414962-103) | Bludshop.com""@pl"
1652,"""Puma Womens IGNITE Mesh - Cayenne-Astral Aura""@en "" Puma Shoes Aura ""@en"
1653,"""New Balance 247 - Navy""@en "" Mens Shoes New Navy MRL247RB ""@en"
1654,"""AIR MORE UPTEMPO"" "" kixpress.com - NIKE   AIR UPTEMPO 414962-103"
1655,"""Nike Hypervenom Phatal II DF FG - Volt/Black/Hyper Turquoise""@en "" Nike Mens Boots Firm Ground Turquoise ""@en"
1656,"""Sneakers buty Vans Classic Slip-On black (VN-0EYEBLK)""@pl (VN-0EYEBLK) | Bludshop.com""@pl"
1657,"""Nike Hypervenom Phantom II SG-Pro - Volt/Black/Hyper Turquoise""@en "" Nike Mens Soccer Cleats Soft Ground Turquoise ""@en"
1658,"""Puma evoSPEED 4.2 AG Junior - Blue/Peach""@en "" Puma Rugby Boots Artificial Ground Sharks Blue-Fluro Peach ""@en"
1659,"""Puma evoPOWER 4.2 FG Junior - Peacoat-Blanc- Plasma""@fr "" chaussures de football junior Puma terrain sec enfants peacoat-blanc-plasma 10322801 ""@fr"
1660,"""Asics Gel Saga""@en Saga Winter Trail Pack H5T4N-9090 - Purchaze""@en"
1661,"""Nike Free 5.0 Flash Men's Training Shoe - Silver/Gray/Jade""@en ""Clearance Footwear""@en"
1662,"""2017 ‘Alternate Motorsport’ Air Jordan 4 Black/Game Royal-Matte Silver-White""@en-US Silver-White – Hoop Jordan""@en-US"
1663,"""NIKE AIR MAX THEA""@en apparel and sports equipment""@en THEA - WOMAN FREE TIME SHOES Nike colour White 599409 101 Athletic footwear"
1664,"""Air Jordan 2 Decon""@es-MX Decon – Lust México Webstore""@es-MX"
1665,"""Nike Sportswear Air Max 90 Essential - Wit""@nl "" Nike Schoenen Heren Select Footwear Wit 537384-111 ""@nl"
1666,"""Metallic Sandals"" Boho Espadrilles at Crazy8 """
1667,"""Nike Tiempo Rio III SG - Clear Jade/Black/Volt""@en "" Nike Mens Boots Soft Ground Jade/Black/Volt ""@en"
1668,"""Nike F.C. Air Footscape Magista FK - Team Red""@en "" Mens Shoes Nike Red / Black-Team Red-Metallic Gold 830600-600 ""@en"
1669,"""Nike Hypervenom Phatal II DF Pelle FG - Nero/Nero/Arancione Totale/Arancione Totale""@it "" Nike Scarpe Calcio Uomo Terreni Compatti Nero-Nero-Arancione Totale-Arancione Totale ""@it"
1670,""" Jordan Girls' Air 11 Retro Low Premium Heiress Collection (GS)"
1671,"""Puma Top Winner Mesh - Blauw/Geel/Wit""@nl "" Puma Schoenen Heren Blauw ""@nl"
1672,"""Air Jordan 7 Retro “Pantone (#304775-400)""@en-US (#304775-400) | SobeSoles.com""@en-US"
1673,"""NITROFUZE""@en-gb ""NITROFUZE | Men Men's Running Shoes ASICS""@en-gb"
1674,"""Air Jordan 11Lab4 ""@en Rojas | 719864-600 foot District""@en"
1675,"""Shoes Air Jordan 1 Mid""@en Mid 10219 | Shoes \ Retro - Basketball shop Basketmania""@en"
1676,"""2016 Air Jordan 1 Retro High “Silver Medal” Gym Red/Metallic Silver-White""@en-US Silver-White – Hoop Jordan""@en-US"
1677,"""GT-2000 4 LITE-SHOW PLASMAGUARD""@de-at PLASMAGUARD | Men GT Series ASICS""@de-at"
1678,"""GEL-NIMBUS 19""@en-es 19 | Men Men's Road Running Shoes ASICS""@en-es"
1679,"""Nike Sportswear Air Max 90 Leather - White""@en "" Mens Shoes Nike White 302519-113 ""@en"
1680,"""NIKE BENASSI JDI""@de JDI - HERREN PANTOLETTEN Nike Farbe 343880 090 Der Online-Shop für deine Sportbekleidung""@de"
1681,"""Nike HyperVenomX Proximo IC - Volt/Black""@en "" Nike Mens Soccer Cleats Indoor Volt/Black ""@en"
1682,"""Giày đá bóng Nike Magistax Onda II TF vàng 844417 708"""
1683,"""GEL-PULSE 8""@en-fr 8 | Women Women's Running Shoes ASICS""@en-fr"
1684,"""Nike Tiempo Mystic V TF - Black/White/Electro Green""@en "" Nike TiempoX Mens Boots Turf Trainer 819224-002 Green ""@en"
1685,"""Nike Mercurial Victory IV FG - Yellow/Black/Lime""@en "" Nike Soccer Shoes Firm Ground Cleats Vibrant Yellow-Black-Neo Lime ""@en"
1686,"""Nike Air Jordan 11 Retro BG (White)""@de"
1687,"""Nike Junior Sportswear Roshe One (GS) - Nero/Grigio Cool""@it "" Nike Scarpe Cool ""@it"
1688,"""Puma evoSPEED 1.2 K FG - Blue/Peach""@en "" Puma Rugby Boots Firm Ground Sharks Blue-Fluro Peach ""@en"
1689,"""GEL-QUANTUM 360 KNIT""@en-es KNIT | Women Women's Easy Running Shoes ASICS""@en-es"
1690,"""NIKE THE PREMIER SG""@en apparel and sports equipment""@en SG - MAN SOCCER SHOES Nike colour Black 698596 018 Athletic footwear"
1691,"""Nike Magista Opus FG - Uva/Argento Metallico/Verd Ghost""@it "" Nike Scarpe Uomo Terreni Compatti Uva-Argento Metallic-Verde Ghost ""@it"
1692,"""Nike Sportswear Air Max 90 Flash (GS) - Black""@en "" Nike Boys Shoes Black / Summit White ""@en"
1693,"""High Heel Platform Boot Patent White""@en ""Platform High"
1694,"""Puma King Top K Di FG - Black/White/Team Gold""@en "" Puma Mens Boots Firm Ground Gold ""@en"
1695,"""Puma evoSpeed 5.5 Firm Ground Junior Football Boots - Black""@en Black | Start Fitness""@en"
1696,"""Air Jordans 9 “Fontay Montana” For Sale""@en-US Sale | 2017 Air Jordan Shoes""@en-US"
1697,"""Nike Flylon Train Dynamic - Black/White/Dark Grey/Volt""@en "" Nike Mens Shoes Regular Training Grey/Volt ""@en"
1698,"""GT-2000 5""@en-fr 5 | Women Women's Road Running Shoes ASICS""@en-fr"
1699,"""Nike WMNS Tennis Classic""@en Classic White Black 312498-130 - Purchaze""@en"
1700,"""Puma evoPOWER 2.3 FG - Blue Yonder/Puma White/Shocking Orange""@en "" Puma Orange Mens Boots Firm Ground ""@en"
1701,"""Nike Flex 2016 Run - Rosso University/Nero/Cremise Acceso/Bianco""@it "" Nike Scarpe Uomo Acceso/Bianco ""@it"
1702,"""Nike Zoom Speed TR3 - Deep Royal Blue/White/Black""@en "" Mens Shoes Nike Blue/White/Black 804401-414 ""@en"
1703,"""Nike WMNS Air Max 90 Leather""@en Leather Silt Red Stardust 921304-600 - Purchaze""@en"
1704,"""Asics Gel-Zaraca 4 - Methyl Blue/Black/Silver""@en "" Asics Mens Shoes Blue/Black/Silver ""@en"
1705,"""ASICS GEL-Lyte Runner Chameleon - Black""@en "" Mens Shoes ASICS Tiger Black HN6F0-9090 ""@en"
1706,"""Puma Liga Classico FG - Black/White/Puma Silver""@en "" Puma Silver ""@en"
1707,"""Nike Sportswear Roshe Run - Wolf Grey / White""@en "" Nike Mens Shoes White ""@en"
1708,"""Asics Fuze X - Negro/Blanco/Onix""@es "" Asics -Zapatillas de correr- Negro/Blanco/Onix ""@es"
1709,"""All White Air Jordan 4 Retro “Pure Money” 2017 Cheap Sale""@en-US Sale | Jordans 2017""@en-US"
1710,"""Nike Sportswear Womens Tennis Classic - White""@en "" Shoes Nike White 312498-130 ""@en"
1711,"""Nike Air Max 90 Ultra 2.0 LTR""@de LTR Braun Creme 924447-200 - Purchaze""@de"
1712,"""Brooks Womens Revel - White/Anthracite/Black""@en "" Brooks White/Anthracite/Black Shoes 1202491B155 ""@en"
1713,"""ASICS HYPER LD 5""@en 5 - ATHLETIC SHOES SPIKES Asics colour Blue G404Y 4399 Athletic footwear apparel and sports equipment""@en"
1714,"""Puma evoPOWER 4.2 FG JR - Peacoat-White-Bright Plasma""@en "" Junior Puma Football Boots Firm Ground Kids Soccer Cleats Plasma 10322801 ""@en"
1715,"""GEL-FUJILYTE""@es-es ""GEL-FUJILYTE | Men Men's Trail Running & Hiking Shoes ASICS""@es-es"
1716,"""GEL-KAYANO 24 LITE-SHOW""@en-nl LITE-SHOW | Men Road Running ASICS""@en-nl"
1717,"""NIKE HYPERVENOM FINALE IC""@en IC - MAN INDOOR SOCCER SHOES Nike colour Black 749887 103 Athletic footwear apparel and sports equipment""@en"
1718,"""AIR MAX 90 LEATHER"" "" kixpress.com - NIKE   AIR LEATHER 302519-113"
1719,"""GEL-QUANTUM 360 KNIT""@en-it KNIT | Men Men's Easy Running Shoes ASICS""@en-it"
1720,"""Nike Hypervenom Phatal II Neymar Firm Ground Mens Football Boots""@en Boots | Start Fitness""@en"
1721,"""Nike Mercurial Veloce III Ronaldo FG - Seaweed/Volt/Hasta/White""@en "" Nike Mens Soccer Cleats Firm Ground Seaweed/Volt/Hasta/White ""@en"
1722,"""Nike Junior Hypervenom Phelon II FG - Cremise Total/Ossidiana/Viola Vivid""@it "" Nike Scarpe Terreni Compatti Vivid ""@it"
1723,"""Nike Femme Air Zoom Fit 2 - Noir/ Blanc/ Gris Foncé/ Loup""@fr "" Nike chaussures pour femme noir blanc gris fonce loup ""@fr"
1724,"""Nike HypervenomX Proximo IC - Bronzo Metallico/Nero/Bianco""@it "" Nike Scarpe Uomo Campi Coperti Metallico-Nero-Bianco ""@it"
1725,"""Asics Gel-Trounce 3 - Indigo Blue/Silver/Flash Yellow""@en "" Asics Mens Shoes Yellow ""@en"
1726,"""Nike Magista Obra II FG - Rio Teal/Volt/Obsidian/Clear Jade""@en "" Nike Mens Boots Firm Ground Jade ""@en"
1727,"""Classic Cortez Nylon""@en"
1728,"""Puma evoSPEED 2.3 FG - Bright Plasma-White-Peacoat""@en "" Puma Soccer Shoes Firm Ground Cleats Plasma-White-Peacoat 10301204 ""@en"
1729,"""Air Jordan 5 Camo 136027-051""@en"
1730,"""Nike Junior Sportswear Roshe One (GS) - Nero""@it "" Scarpe Nike Nero ""@it"
1731,"""Puma King IN - Noir/Blanc/Or""@fr "" Chaussure de Foot Puma Salle Homme Noir/Blanc/Or ""@fr"
1732,"""Puma evoPOWER 1.3 FG - Safety Yellow/Black/Atomic Blue""@en "" Puma Mens Shoes Firm Ground Blue ""@en"
1733,"""GT-2000 4 LITE-SHOW PLASMAGUARD""@en-it PLASMAGUARD | Men GT Series ASICS""@en-it"
1734,"""Nike Femme Air Zoom Pegasus 32 - Hyper Violet/ Bleu Gamma/ Blanc/ Noir""@fr "" Nike chaussures pour femme hyper violet bleu gamma blanc noir ""@fr"
1735,"""Puma King Top i FG Junior - Blk/Wht/Gold""@en "" Puma Football Boots Kids Soccer Cleats Black-White-Team Gold ""@en"
1736,"""Suede Classic +"" ""Puma Suede + - 352634-05 | everysize.com"""
1737,"""Asics Gel-Resolution 7 - White/Silver""@en-GB "" Asics White/Silver Mens Shoes All Court ""@en-GB"
1738,"""Nike Sportswear Boys Roshe One - Black""@en "" Shoes Nike Black / Cool Grey 599728-020 ""@en"
1739,"""Nike Sportswear Tech Fleece Pant - Carbon Heather""@en-GB "" Mens Clothing Nike Heather/Black 832120-091 ""@en-GB"
1740,""" Keen Marshall MID WP Black Iris/Eventide ""@pt ""Keen - pt""@pt"
1741,"""Air Jordan 14 Retro Low “Laney” Varsity Royal/Varsity Maize-Black-White For Sale""@en-US"
1742,""" x Kylie Jenner Iconic Sunglasses in Black/Silver"" ""Sunglasses | New Arrivals From Mother Denim Misa Los Angeles Citizens"" Frame"
1743,"""Puma Kids evoPOWER 3.3 FG - Blue Yonder/Puma White/Shocking Orange""@en "" Puma Orange Junior Boots Firm Ground ""@en"
1744,"""Nike Kids Hypervenom Phade II FG-R - Volt/Black/Hyper Turquoise""@en "" Nike Junior Boots Firm Ground Turquoise ""@en"
1745,"""NIKE WMNS NIKE FLEX 2017 RN""@pl biegówki dla kobiet | sklep internetowy up8""@pl ""Buty do biegania damskie"
1746,""" Nike Air Max 95 Essential - Black ""Nike 749766-021 sneakAvenue"""
1747,"""Nike Femme Air Zoom Pegasus 33 - Noir/ Blanc/ Anthracite/ Gris Cool""@fr "" Chaussures pour femme Nike noir blanc anthracite gris cool ""@fr"
1748,"""Nike Air Max BW""@de BW Dunkelblau Weiss Schwarz 881981-400 - Purchaze""@de"
1749,"""Puma evoSPEED SL Lth II FG - Puma Black/Puma White/Red Blast""@en "" Blast Mens Soccer Cleats Firm Ground ""@en"
1750,"""Nike Tiempo Legend VI FG - Black/White/Black/Metallic Gold""@en "" Nike Mens Boots Firm Ground Gold ""@en"
1751,"""Nike Tiempo Mystic V FG - Giada/Nero/Volt""@it "" Nike Scarpe Uomo Terreni Compatti Giada/Nero/Volt ""@it"
1752,"""Nike Air Max 90 Leather black / (302519-001)""@eu (302519-001) | Bludshop.com""@eu"
1753,"""Puma evoPower 1.2 Firm Ground Mens Football Boots - Blue""@en | Start Fitness""@en"
1754,"""Nike Mercurial Vapor XI FG - Total Crimson/Volt/Pink Blast""@en "" Nike Mens Boots Firm Ground Blast ""@en"
1755,"""Cheap ​Air Jordan 13 Retro Navy/Carolina Blue-Flint Grey-White""@en-US Grey-White – Hoop Jordan""@en-US"
1756,"""Concave Halo 1.0 FG - Black/Gold""@en "" Concave Mens Boots Firm Ground Black/Gold ""@en"
1757,"""Concave Volt 1.0 SG - Black/White""@en "" Concave Mens Boots Soft Ground Black/White ""@en"
1758,"""Nike Kids Hypervenom Phelon II FG - Black/Volt""@en "" Nike Junior Boots Firm Ground Black/Volt ""@en"
1759,"""Asics Fuze X - Asics Blue/Blue/Hot Orange""@en "" Mens Shoes Orange ""@en"
1760,"""Puma evoSPEED 4.2 AG Junior - Blue/Peach""@en "" Puma Football Boots Artificial Ground Kids Soccer Cleats Sharks Blue-Fluro Peach ""@en"
1761,"""Air Jordan 9 Retro ""militia / statue""""@en statue"" - New Arrivals – The Sneaker Authority""@en"
1762,"""Concave Kids Volt+ FG - Black/Gold""@en "" Concave Junior Soccer Cleats Firm Ground Black/Gold ""@en"
1763,"""GEL-LYTE III NS""@fr-be NS | Men Men's Sneakers ASICS Tiger""@fr-be"
1764,"""air 1 retro high gg"" ""NIKE JORDAN air gg - 332148-405 | everysize.com"""
1765,"""Nike Dualtone Racer""@en Racer Midnight Navy White 918227-400 - Purchaze""@en"
1766,"""adidas Adizero Malice FG"" FG comprare e offerta su Goalinn"""
